video_id,title,description,channel_id,channel_title,view_count,like_count,comment_count,topics,latitude,longitude,published_at,duration,url,national_park
mqhdVVNl5aY,Through the Arctic Wilderness of Lapland | Skiing Hike in Pallas-Yllästunturi National Park,"This video is from our four-day skiing hike in the national park of Pallas-Yllästunturi, here in Lapland, Finland. I think these views were one of the most beautiful I've ever seen in my life. The Arctic wind blew throughout our hike and made everything even more ruthless than it is. Winter is tough. 

Still, thanks to good preparation and cozy wilderness huts, our trip was warm and succeeded. I felt lighter and refreshed. Maybe the arctic wind blew away something unnecessary from me, too. 

*
I'm a nature lover and creative soul living far North of Finland. I live in a remote cabin with my dog, travel in the North, and seek inspiration in the wild nature around me.

I create photographs, videos, and music, inspired by this Northern nature and its magic.

Welcome to my world 💛

Blog: https://sannavaara.com
Print shop: https://sannavaara.com/shop/
Instagram: https://www.instagram.com/sanna.vaara/",UC-8lT87E9WydWRGtk9MnCKw,Sanna Vaara,7205.0,547.0,45.0,"Hobby,Lifestyle_(sociology),Tourism",,,2023-02-25 18:55:32+00:00,PT7M37S,https://www.youtube.com/watch?v=mqhdVVNl5aY,Pallas-Yllästunturi
WfNytpXKgpw,Ruska ajelu Päijänne näkymin Pulkkilanharjulla,"Ruska retki Päijät-Hämeessä tarjosi värikästä nähtävää , ajaessamme Pulkkilanharjun kansallispuiston ja Päijänteen maisemissa",UC-fMaGF3Cli5K2H9g6s02VQ,Senioritubettaja,2538.0,107.0,22.0,Lifestyle_(sociology),,,2023-11-12 12:00:22+00:00,PT12M56S,https://www.youtube.com/watch?v=WfNytpXKgpw,Päijänne
vDGfGqhWm1o,Caravan & Matkakohteita Suomi Jakso 11 Vääksyn Matkaparkki,Päijänteen ja Vesijärven välisellä kannaksella Vääksyn kanavan lähellä oleva kuuden auton matkaparkki.Upeassa vanhassa miljöössä lunnontilassa olevan Vääksyjoen virratessa vieressä,UC-fMaGF3Cli5K2H9g6s02VQ,Senioritubettaja,2086.0,69.0,6.0,"Lifestyle_(sociology),Tourism",,,2020-10-09 03:40:46+00:00,PT9M42S,https://www.youtube.com/watch?v=vDGfGqhWm1o,Päijänne
hSaAxrvjknI,"#REISSUVIDEO|   Vääksy-Pulkkilanharju-Sysmä  keväinen maisemamatka,upein Päijänne näkymin",Lähdimme huhtikuun puolivälissä upeana aurinkoisena päivänä ajelemaan kohti Camping Sysmään kirkkaan sinitaivaan alla.Pulkilanharjulla näimme Päijänteen Asikkalaselän jo vapautuneen jäistä kun taas toinen puoli Hinttolanselkä oli vielä jäässä.Näitä maisemia olen ihaillut jo reilut kuusi vuosikymmentä eikä niihin voi kyllästyä koskaan.Katso ja ihastu sinäkin.Tilaa kanava & hyppää rattaille.,UC-fMaGF3Cli5K2H9g6s02VQ,Senioritubettaja,3858.0,111.0,17.0,"Lifestyle_(sociology),Tourism",,,2021-05-11 04:00:26+00:00,PT17M13S,https://www.youtube.com/watch?v=hSaAxrvjknI,Päijänne
-tQqAbilfzg,Suomen paras leirintäalue 2021 Camping Sysmä | Syysloma,Lokakuun lopussa oli upea kokemus ennättää nähdä Päijänne ja Pulkkilanharju ruskan väreissä matkalla camping Sysmään.,UC-fMaGF3Cli5K2H9g6s02VQ,Senioritubettaja,3390.0,136.0,23.0,"Lifestyle_(sociology),Tourism",,,2023-11-19 12:00:00+00:00,PT12M8S,https://www.youtube.com/watch?v=-tQqAbilfzg,Päijänne
0EY-gwN-axA,Retkeilyvarusteet esittelyssä - Pakkasyö ultrakevyessä teltassa Liesjärven kansallispuistossa,"Tällä videolla esittelen joitain kevytretkeilyvarusteita joita omistan. Samalla vietetään kylmä yö Liesjärven kansallispuistossa. Makuupussini comfort lämpötila on +4 °C ja yöllä pakkanen meni -5 celsius asteeseen.

Varusteet joita esittelen:
Lanshan pro 2 - Ultrakevyt teltta
Therm a rest Neoair Xtherm - Ilmatäytteinen makuualusta
Toaks 750ml titaanikattila
Sea to Summit titaanilusikka
Fjällräven Expedition pack down hoodie - untuvatakki",UC-qkeYYA0tyORf3sKB-DSzg,Sakke Raappana,11725.0,378.0,132.0,"Hobby,Lifestyle_(sociology),Tourism",60.6535892,23.8977183,2021-10-31 10:13:59+00:00,PT36M32S,https://www.youtube.com/watch?v=0EY-gwN-axA,Liesjärvi
ufcDSSxwQR0,Retkeily - Ilomantsin Taitajan taival vaellusreitillä ja Hiisilammen laavulla,"Retkeily Ilomantsissa. Petkeljärven kansallispuistosta lähtevä Taitajan taival niminen vaellusreitti on 32 km pitkä ja sopii useine laavuineen mainiosti myös retkeilyyn. Teimme talvisen päiväretken patikoiden Ruhkarannan kohdalta Hiisilammen laavulle ja takaisin. Pääsin vihdoin testaamaan uutta Scandinavian Forest Axe kirvestä kunnolla ja hyvältä se vaikutti, kuten pitikin. Alun perin tarkoitukseni oli tehdä tuolla reitillä talvivaellus, mutta päätimmekin keskittyä tällä Itä-Suomen matkalla retkeilyyn ja yhden vaelluksen sijaan teimmekin useamman päiväretken.",UC-qkeYYA0tyORf3sKB-DSzg,Sakke Raappana,4816.0,151.0,33.0,"Hobby,Lifestyle_(sociology),Tourism",62.5904329,31.1790635,2020-12-29 12:00:31+00:00,PT12M49S,https://www.youtube.com/watch?v=ufcDSSxwQR0,Petkeljärvi
VL2kf5CCUB4,Vegesakke - Matkalla Pohjoiseen (Official Music Video),"""Matkalla Pohjoiseen"" on kappale jonka luomiseen sain inspiraation omista vaelluskokemuksistani sekä jaloviinasta. Toimin tässä kappaleessa säveltäjänä, sanoittajana, laulajana, kitaristina sekä huuliharpistina. 

Peter Roen kädenjälki kuuluu kaikessa muussa. Rummut, basso, syntikka, taustalaulu sekä kappaleen lopullinen masterointi on hänen käsialaansa. Peterillä on oma youtubekanava eli käykää siellä näyttämässä supporttia!
https://www.youtube.com/channel/UChBPAnbOE1bTbvEp-dttZXA

Kappale löytyy myös Spotifystä ✌️

Video on kuvattu Kolin kansallispuistossa.

Sanat:

Mä nousen vuoret ylös ja lasken kosket alas,
meen erämaahan tuun kokemusta rikkaampana takas

sytytän tulet vaikka märästä puusta,
luen ilman suunnat auringosta tähdistä ja kuusta

rinkka painaa ja maisemat vaihtuu,
tuoreet harjukset nuotiolla paistuu

liikun kesät talvet joskus myös keväällä,
Jallupullo on osa meikäläisen leirielämää

kitara soi ja porot juoksee karkuun,
nää maisemat vie mielen takas aikojen alkuun

tunnet olevas osa tätä luontoo,
se kilometrien myötä vaan muuttaa sen muotoo

jänkät kairat tunturit ja purot,
näissä maisemissa kelpaa vetää aamupalamurot

kosken niskalt löytyy taimenta ja lohta
nyt on edessä taas koko vuoden suurin kohokohta kun

oon matkalla pohjoseen,
etsimään onnee ja täältä mä löydän sen

oon erämaan kulkuri,
samoon metsissä ja nousen tunturiin

on matkalla pohjoseen,

oon erämaan kulkuri,
samoon metsissä ja nousen tunturiin

nyt on selkä kipee, eikä teltas tullu unta
oliks näit hemmetin itikoita viime vuonnaki näin monta?

askel painaa kantapäässä hiertymä
todellisuus vastaan lomaesitteen mielenyhtymä

tää kartta on vinossa tai sit kompassi on rikki
piti kävellä suoraan mut tais tulla ympyrä lenkki

mikä on toi kartal näkyvä piste
taidan olla samas paikas ku kaks tuntia sitte

hemmetti sentää ei kännykäs oo kenttää,
pitää pari kertaa hemmetin syvään hengittää

ottaa kivet pois kengistä mä en vaella missään jengissä 
pääasia et pääsisin ees pois täältä hengissä

ruuat on loppu viinat on loppu
nyt on vuokramökille taas jo jonkun sortin hoppu
    
voi olla et aika kultaa muistot
ja ens vuonna kierrän taas nää samat kansallispuistot kun

oon matkalla pohjoseen,
etsimään onnee ja täältä mä löydän sen

oon erämaan kulkuri,
samoon metsissä ja nousen tunturiin

on matkalla pohjoseen,

oon erämaan kulkuri,
samoon metsissä ja nousen tunturiin",UC-qkeYYA0tyORf3sKB-DSzg,Sakke Raappana,46371.0,864.0,161.0,"Music,Pop_music",63.1,29.8,2021-01-29 11:30:30+00:00,PT3M6S,https://www.youtube.com/watch?v=VL2kf5CCUB4,Koli
wvRt9JUjEx4,3 päivän vaellus yksin Patvinsuon kansallispuistossa - yksinvaellus,"Olen useamman vuoden kehittänyt tietotaitoani sekä oikeanlaista varustusta kohti telttaretkikunta tyyppistä vaeltamista. Tänä keväänä minun oli tarkoitus hiihtää 5 päivää käsivarren erämaassa, merkittyjen reittien ulkopuolella ja pysytellen poissa autiotuvista. Valitettavasti käytännön järjestelyt eivät onnistuneet tälle reissulle. Sain kuitenkin järjestettyä mukavan muutaman päivän yksin vaelluksen Patvinsuon kansallispuistoon. Tarkoitus oli hieman totutella käyttämään tiettyjä varusteita jotka minulla olisi ollut / on ensi kaudella mukana myös haastavammissa olosuhteissa. Nyt kuitenkin säät hölli kulkijaa ja tämmöinen telttaretkikunta tyyppinen varustautuminen noissa olosuhteissa näyttää jo hieman koomiselta 😅

Musiikki: Cabin Echoes & Samuli Raappana

Vaellus 2023, Retkeily, yksinvaellus, vaellus yksin, Jack Wolfskin, Hilleberg Nallo 3 Gt, Jack Wolfskin Discovery, Retkeilyvarusteet, Vaellusvarusteet


0:00 - 0:25 Kartta-animaatio
0:25 - 0:53 Intro
0:53 - 2:25 Kurkilahti - Teretinniemi
2:25 - 4:35 Teretin leiripaikka
4:35 - 5:56 Teretinniemi - Majaniemi
5:56 - 6:55 Leiriytyminen ja tunneliteltan pystytys
6:55 - 8:30 Lumikiilat ja niiden käyttö
8:30 - 10:55 Makuupussi ja keskustelua retkeilystä
10:55 - 11:55 Bensakeittimen sytytys keitinlaatikossa
11:55 - 12:57 Retkiruokaa ja iltatoimet
12:57 - 13:23 Nightlapse (musiikki: Cabin Echoes)
13:23 - 15:00 Lumen sulattaminen ja makuupussin kuivaaminen
15:00 - 16:52 Leirin purku ja ahkion pakkaaminen
16:52 - 23:40 Majaniemi - Pirskalampi
23:40 - 25:30 Retkiruokaa ruokatermarista
25:30 - 25:57 Pirskalampi - Lahnalampi
25:57 - 26:35 Lahnalampi - Nälmänjoki
26:35 - 29:35 Telttarulla (Expedition Mode) tunneliteltan pystytys
29:35 - 29:56 Patvinsuon kansallispuisto ilmasta (musiikki: Cabin Echoes)
29:56 - 32:30 Lumen sulattaminen ja leirielämää
32:30 - 33:25 Miten yö meni?
33:25 - 35:11 Routamatto tunnelitelttaan
35:11 - 36:28 Aamupala retkellä (retkipuuro)
36:28 - 37:00 Joku ihme jätkä hiihti ohi
37:00 - 38:55 Nälämänjoki - Kurkilahti",UC-qkeYYA0tyORf3sKB-DSzg,Sakke Raappana,13558.0,419.0,89.0,"Hobby,Lifestyle_(sociology),Tourism",,,2023-04-14 14:11:15+00:00,PT38M56S,https://www.youtube.com/watch?v=wvRt9JUjEx4,Patvinsuo
s72SRVY2_nk,4 päivän Vaellus UKK:ssa Lapissa,"Vaellus Lapissa, Urho Kekkosen kansallispuistossa. Lähdimme liikkeelle Aittajärveltä ja puolessa välissä vaellusta saimme ajatuksen vaeltaa ""puiston halki"" kiilopäälle asti ja keksiä sitten tavan päästä takaisin autolle. Matkalla oli Porttikoski, Lankojärvi sekä Niilanpää. Näkemättä jäi tällä kertaa Luirojärvi ja Sokosti. Tällä vaelluksella minulla oli ensi kertaa testissä uusi Fjällräven Kajka rinkkani. Teen siitä mahdollisesti arvosteluvideon tulevaisuudessa ja kerron miten se vertautuu Savotta Jääkäri L rinkkaan omien kokemuksieni mukaan.

Samalla reissulla kuvasimme myös musiikkivideota Itäkairan Prinsessa biiisiin.

Iso kiitos Peter Roe:lle jonka musiikkeja kaksi viimeistä mahtipontista kappaletta ovat. Käykää näyttämässä supporttia myös Peterin vaellus aiheiselle youtubekanavalle:
https://www.youtube.com/channel/UChBPAnbOE1bTbvEp-dttZXA

Vaellus, Vaellus Lapissa, Urho kekkosen kansallispuisto, UKK",UC-qkeYYA0tyORf3sKB-DSzg,Sakke Raappana,21001.0,397.0,91.0,"Hobby,Lifestyle_(sociology),Tourism",68.1666667,28.25,2021-06-15 07:14:25+00:00,PT34M51S,https://www.youtube.com/watch?v=s72SRVY2_nk,Urho Kekkonen
9Opgv-jAIv4,2 päivän retki aloittelijan kanssa - Retkeilyvarusteet ja retkeily Repoveden Kansallispuistossa,"Retkeilyä ja varuste-esittelyä Repoveden kansallispuistossa. Mitä Mitä vaellus- ja retkeilyvarusteita suosittelisin kaverille joka harkitsee retkeilyn aloittamista?

Itsellä oli tällä retkellä testissä Bushmen Ultralight 3x3m tarppi. Vielä on aikaista sanoa onko tämä kestävä tuote, mutta ensivaikutelma oli vakuuttava 🤌 Myös uusi hyttysverkko saa varovaisen 👍 mutta ei se täydelliseltä tuotteelta silti vaikuttanut.

Leevin, eli aloittelijan kommentit lainassa olleista varusteista:

Savotta jääkäri L rinkka:
-

Carinthia defence 1 makuupussi:
-

Therm-a-Rest RIDGEREST SOLITE makuualusta:
-

3F UL GEAR Lanshan 2 Pro teltta
-

Videolla tulee hyvin esille myös Repovesi retkikohteena sekä Olhava kiipeilykohteena. Kiipeily Olhavalla.",UC-qkeYYA0tyORf3sKB-DSzg,Sakke Raappana,15688.0,331.0,56.0,"Hobby,Lifestyle_(sociology),Tourism",,,2022-05-26 04:00:02+00:00,PT31M23S,https://www.youtube.com/watch?v=9Opgv-jAIv4,Repovesi
M7AFw7l1Jtw,Repoveden kansallispuisto - Repovesi melonta ja vaellus,"Tehtiin Retkireppu youtube kanavalta tutun Peterin kanssa 2020 loppusyksyn retki jonka kohteeksi valikoitui Repoveden kansallispuisto. Kotateltassa ja kamiinan lämmössä oli mukava viettää kaksi yötä kansallispuiston reunalla. Varsinainen vaellus jäi tällä kertaa vähäiseksi mutta Repovesi tarjosi silti hienoja maisemia sekä ruskan värejä. Välillä hieman hidastempoisempi retkeily onkin paikallaan.

Muistakaa katsoa myös Peterin youtube:
https://www.youtube.com/channel/UChBPAnbOE1bTbvEp-dttZXA

Avokanootti. Melontavaellus. Vaellus 2020. Repovesi. Repoveden kansallispuisto. Kotateltta. Titaanikamiina. Kamiina. Ruska.",UC-qkeYYA0tyORf3sKB-DSzg,Sakke Raappana,6480.0,229.0,40.0,"Hobby,Lifestyle_(sociology),Tourism",61.1879953,26.9023636,2020-10-31 04:00:02+00:00,PT13M16S,https://www.youtube.com/watch?v=M7AFw7l1Jtw,Repovesi
F6MBymR_kRs,Talvinen yön yli retki Liesjärven Kansallispuistossa - RETKEILY,"Vietin talvisen yön Liesjärven kansallispuistossa sijaitsevassa varaustuvassa. Sain kunnian käyttää Peter Roen säveltämää vielä julkaisematonta kappaletta alku kohtauksen musiikkina! Peterillä on myös retkeilyyn ja vaellukseen kesittyvä youtube kanava:
https://www.youtube.com/channel/UChBPAnbOE1bTbvEp-dttZXA

Nakkivideo. Liesjärvi. Liesjärven kansallispuisto. Vaellus 2021. Vaellus lapissa.",UC-qkeYYA0tyORf3sKB-DSzg,Sakke Raappana,4624.0,157.0,71.0,"Hobby,Lifestyle_(sociology),Tourism",60.6535892,23.8977183,2021-02-09 12:11:43+00:00,PT17M47S,https://www.youtube.com/watch?v=F6MBymR_kRs,Liesjärvi
W1Gw3_aFKVY,Yö kotateltassa Petkeljärven kansallispuistossa - Retkeily,"Retkeilyä, kalastusta, kotatelttailua, punaviiniä ja hyvää retkiruokaa.

Petkeljärvi on Suomen itäisin kansallispuisto. Puisto ja sen lähimaastot ovatkin mahtavia kohteita niin päiväretkeilyyn kuin metsässä yöpymiseenkin. Kansallispuistosta saa alkunsa myös mm. Taitajan Taival niminen vaellusreitti.

Käy kurkkaamassa visitilomantsi.fi",UC-qkeYYA0tyORf3sKB-DSzg,Sakke Raappana,10678.0,260.0,49.0,"Hobby,Lifestyle_(sociology),Tourism",,,2021-07-28 13:18:14+00:00,PT20M57S,https://www.youtube.com/watch?v=W1Gw3_aFKVY,Petkeljärvi
PG3uC2nQj60,"Ilomantsi ja Patvinsuon kansallispuisto, vaelluskohteen kartoitus - Retkeily","Ajatus on lähitulevaisuudessa tehdä vaellus Ilomantsissa, tarkemmin Patvinsuon kansallispuistossa. Tällä lyhyellä retkellä kävimme pyörähtämässä alueella ja tutustumassa maastoon. Tarinana tämä retki ja video jäi hieman tyngäksi, mutta sain sentään muutaman hienon dronekuvan 💎",UC-qkeYYA0tyORf3sKB-DSzg,Sakke Raappana,2275.0,87.0,17.0,"Hobby,Lifestyle_(sociology)",63.1131218,30.7011862,2021-01-06 05:00:10+00:00,PT6M28S,https://www.youtube.com/watch?v=PG3uC2nQj60,Patvinsuo
LJ-WA6r3gvU,KALASTUS - Vaellus kanootilla Hossan kansallispuistossa ja Perankajoella,"Neljän päivän kalastuspainotteinen vaellus kanootilla meloen Perankajokea pitkin Hossan kansallispuistoon. Matkan varrella kahlataan läpi matalien koskien ja iltaisin syödään tuoretta kalaa leirinuotiolla. Retkeily- ja kuvauskaverina oli jälleen kerran Peter Retkireppu -youtubekanavalta. Iso kiitos Peterille retkiseurasta ja kuvaamisesta!

Peterin kanava: https://bit.ly/3AVsOQ7

Iso kiitos myös videon yhteistyökumppanille, Eräkettu Melontaliikkeelle! Videon Esquif Prospecteur -kanootti ja muita melontatarvikkeita on ostettu Eräketun liikkeestä. 

Eräkettu: https://www.erakettu.com/wp/

Kiitos myös Kanootti & Tomaatti -youtubekanavan Vettikselle kun suositteli tätä reittiä meille! Myös mainitulla kanavalla on video tästä reitistä, mutta korkeamman veden aikaan!

Tällä reissulla tuli myös testattua kevytretkeily -piireissä suosiota niittänyt 3F UL Gear Lanshan 2 Pro teltta. 

Kalastus, melonta, avokanootti, vaellus, melontavaellus, Hossa, Perankajoki, Esquif, Prospecteur, Retkireppu, Eräkettu, retkeily, kalastusvaellus, kalan käsittely, hauen käsittely, kalan perkaaminen, kalan fileointi, 3F UL Gear Lanshan 2 Pro, Kevytretkeily",UC-qkeYYA0tyORf3sKB-DSzg,Sakke Raappana,21217.0,367.0,96.0,"Hobby,Lifestyle_(sociology),Tourism",,,2021-08-20 12:54:44+00:00,PT47M55S,https://www.youtube.com/watch?v=LJ-WA6r3gvU,Hossa
1gJZPYvampI,Vaellus yksin Lapissa - Ruska-vaellus Pallas-Yllästunturin kansallispuistossa,"Vaellus Puljun erämaassa vaihtui viime hetkellä vaellukseksi Pallas-Yllästunturin kansallispuistossa. Elettiin syyskuun puoliväliä ja ruska Lapissa oli miltei komeimmillaan. 

Kulkemani reitti oli: Yllästunturin luontokeskus - Kesänkijärvi - Latvamaja - Karhukota - Pyhäjärvi.

Reitti oli monilta osin hyvin suosittu ja ihmisiä oli paljon. Varsinaisia vaeltajia oli erittäin vähän, mutta päiväretkeilijöitä ja etenkin maastopyöräilijöitä seudulla riitti. Kaikesta huolimatta luonto oli kaunista ja väenpaljoudesta huolimatta reissusta jäi hyvä ja rentoutunut mieli. Tätä reittiä ja näitä maastoja voisinkin suositella esimerkiksi aloittelevalle vaeltajalle. Pääosin suunnistus on helppoa, sen kun seuraa polkuja. Yllästunturin, Pyhätunturin sekä Aakenustunturin välissä on kuitenkin soinen erämaavyöhyke, jossa ei uskoakseni liiku juuri ketään. Sinne ei kannata eksyä, toisaalta kartan ja kompassin avulla suunnistaen sieltä löytyy varmasti omaa rauhaa jos sitä kaipaa!

Videolla lyhyt esittely Gränsfors wildlife hatchet -kirveestä sekä Leatherman Free P4 -monitoimityökalusta retkeilijän näkökulmasta.

Kiitos Cabin Echoes ja Samuli Raappana musiikeista joita sain videolla käyttää! 

Lappi, Vaellus, Ruskavaellus, Lapin ruska, Ruska lapissa, Ylläs, Äkäslompolo, Pallas ylläs tunturin kansallispuisto, kansallispuisto, Retkeily.

Hiking in Lapland. Hiking and fishing in northern Finland in autumn colors.
This video is about wild camping, bushcrafting and wilderness hiking in Finnish nature.",UC-qkeYYA0tyORf3sKB-DSzg,Sakke Raappana,13918.0,388.0,49.0,"Hobby,Lifestyle_(sociology),Tourism",67.9666667,24.1333333,2023-06-04 04:45:00+00:00,PT41M39S,https://www.youtube.com/watch?v=1gJZPYvampI,Pallas-Yllästunturi
mUf7cZtk7_U,Vaellus läpi Nuuksion kansallispuiston - Kevytretkeily - Ultralight backpacking - Vaellus 2023,"Tällä videolla vaellan enemmän tai vähemmän Nuuksion kansallispuiston halki ultra-kevyellä retkeilyvarustuksella. Olen viimein saanut kevyen varustukseni peruspainon vietyä alle maagisen 5 kg rajan, ja tämä vielä siten, etten koe joutuneeni luopumaan kovinkaan monesta mukavuudesta!

Peruspainolla viitataan koko repun painoon ennen kulutustavaroiden lisäämistä. Peruspainoon lasketaan yleensä mukaan seuraavat asiat: rinkka, majoite, nukkumissysteemi, keittiö, henkilökohtaiset hygieniatarvikkeet, ensiapupakkaus, irtotavarat ja vaihtovaatteet ja mahdollisesti käytetyt kuivapussit.

Peruspainon jälkeen rinkkaan tulee yleensä vielä polttoaineet sekä ruoat ja joskus myös juomavesi. En ole laskenut varustelistaani videotuotantoon liittyvien varusteiden painoa. 

Suosittelen kaikkia rinkan keventämisestä kiinnostuneita vaeltajia punnitsemaan keittiövaa'alla kaikki retkeilytarvikkeet ja vaihtovaatteet joita aikoo vaellukselle pakata. Se saattaa olla silmiä avaava kokemus. Ainakin itse yllätyin kuinka suurta roolia vaihtovaatteet oman rinkkani painonjakaumassa näytteli.

Kiitos www.jack-wolfskin.fi kun olen saanut olla tekemässä brändilähettilään töitä kanssanne 🙌

0:00 - 1:10 Kevytretkeily info
1:10 - 3:31 Retki alkaa
3:31 - 5:35 Vihainen metso hyökkää
5:35 - 6:37 Patikointi
6:37 - 7:11 Holma-saarijärvi leiripaikka
7:11 - 9:20 Ultra-kevyt-retkeily-varusteiden esittely
9:20 - 11:00 X Mid Pro 2 teltan pystytys
11:00 - 11:52 Iltatoimet leirissä
11:52 - 12:20  Toisen vaelluspäivän aamu
12:20 - 14:12 Nemo solumuovi makuualusta
14:12 - 15:34 Kuivapussit ja rinkan pakkaaminen
15:34 - 16:02 Shout out Ossi Määttä ja Farlite.fi
16:02 - 19:36 Pohdintaa kevytretkeilystä ja ultralight-vaelluksesta
19:36 - 21:10 Vaellushousut - Jack Wolfskin Ziegspitz Pants
21:10 - 21:40 Juomavesi vaelluksella
21:40 - 22:55 Retkeilyä Nuuksiossa
22:55 - 24:41 Haukkalampi
24:41 - 27:33 Vaellus kohti Kattilajärveä
27:33 - 28:50 Kuoritakki - Jack Wolfskin Prelight 2.5l Jkt
28:50 - 29:44 Kevytretkeily- ja vaellusvaatteet 
29:44 - 30:55 Karjakaivo - Urja
30:55 - 34:34  Naku-uinti ja retkiruokaa
34:34 - 35:18 Valklampi telttailualue
35:18 - 35:50 Hauklampi
35:50 - 36:36 Vaelluksen loppusanat",UC-qkeYYA0tyORf3sKB-DSzg,Sakke Raappana,16342.0,466.0,148.0,"Hobby,Lifestyle_(sociology),Tourism",,,2023-05-16 11:20:28+00:00,PT36M37S,https://www.youtube.com/watch?v=mUf7cZtk7_U,Nuuksio
rpY6NK0hE5Y,Melontavaellus - Petkeljärven kansallispuisto,"Melontavaellus Ilomantsissa sijaitsevassa Petkeljärven kansallispuistossa. Vaellus osuus jäi tällä kertaa hieman vaatimattomammaksi. Sen sijaan viini virtasi, guitalele ja huuliharppu soivat kun pidimme tulia Keltasilmän laavulla. Vietimme retkellä yhteensä kaksi yötä. Kotateltta ja yön yli retkeily tuntuvat sopivan hyvin yhteen.

Käy kurkkaamassa Retkireppu youtube kanava, josta löytyy Peterin video samasta reissusta! :)
https://www.youtube.com/channel/UChBPAnbOE1bTbvEp-dttZXA

Linkki suoraan Reissukarjut videoon:
https://www.youtube.com/watch?v=L6S0eF-UI-U

Petkeljärvi. Petkeljärven kansallispuisto. Ilomantsi. Melontavaellus. Vaellus. Avokanootti. Intiaanikanootti. Melonta. Vaellus 2020. Taitajantaival. Retkeily. Kotateltta. Yön yli retkeily.",UC-qkeYYA0tyORf3sKB-DSzg,Sakke Raappana,7331.0,208.0,30.0,"Hobby,Lifestyle_(sociology),Tourism",62.5904329,31.1790635,2020-09-26 03:00:06+00:00,PT21M17S,https://www.youtube.com/watch?v=rpY6NK0hE5Y,Petkeljärvi
bvAtO7EVBbE,Hiihtovaellus 2024 Harjoitus - Seitsemisen Kansallispuisto,"Paikallisen Samulin haaveena on jonain päivänä tehdä hiihtovaellus Lapissa siten, että se tapahtuu avotunturimaastossa retkikuntatyyppisesti. 

Retkikuntatyyppisellä hiihtovaelluksella tarkoitetaan yleensä puurajan yläpuolella tapahtuvaa hiihtovaellusta, joka tapahtuu täysin omaehtoisesti. Tällöin majoitutaan yleensä tunneliteltoissa ja mukana kuljetetaan bensakeitintä sekä polttoainetta. Kaikki tarvittava tavara kulkee ahkiossa. Päivien rytmi koostuu pääasiassa hiihtämisestä sekä vesihuollosta, eli lumen sulattamisesta vedeksi. 

Tämä hiihtovaellus harjoitus toteutettiin Seitsemisen kansallispuistossa. Hiihdimme lumisten suoalueiden yli ja leiriydyimme järven jäälle. Meillä oli bensavuoto MSR Whisperlite keittimessä, mutta onnistuimme Expedition repair kitillä korjaamaan tilanteen.

Minulla oli ensikertaa testissä Paris Pulk ahkio ja annoin paikalliselle Samulille lainaan Fjellpulken 144 ahkioni. Minä hiihdin tunturisuksilla ja Samulilla oli liukulumikengät. Molemmilla pärjäsi oikein mukavasti, mutta metsäsukset olisivat silti olleet kuningasvaihtoehto. 

0:00 - 0:25 Intro
0:25 - 3:22 Ahkion pakkaaminen
3:22 - 4:00 Ahkion vetonarun säätäminen
4:00 - 4:58 Hiihtovaelluksen harjoittelu alkaa
4:58 - 6:21 Evästauko tunnin hiihtämisen jälkeen
6:21 - 8:25 Metsäsukset, tunturisukset vai liukulumikengät?
8:25 - 8:50 Hirven jäljet lumessa
8:50 - 9:37 Saapuminen leiripaikalle
9:37 - 10:27 Avanto kirveellä järven jäähän
10:27 - 16:01 MSR Whisperlite bensakeitin vuoto ja korjaus
16:01 - 16:53  Keitinlaatikko ja bensakeittimen turvallinen käyttö
16:53 - 17:51  Lämmintä vettä termarissa
17:51 - 18:19 Tähtitaivas pakkaskelillä, Otava ja Pohjantähti
18:19 - 22:00 Retkiruokaa, Norjalaiset voileivät
22:00 - 23:40 Teltassa nukkuminen talvella
23:40 - 25:08 Retkiruokaa bensakeittimellä, puuroa ja aamukahvit
25:08 - 25:30 Lumen sulattaminen vedeksi
25:30 - 28:05 Keskustelua erilaisista talviretkeilyn muodoista
28:05 - 29:32 Sukset jalkaan ja hiihtämään
29:32 - 31:10 Hiihtäminen suolla
31:10 - 32:00 Ahkion vetäminen, naruveto vai aisat?
32:00 - 32:43 Samulin mietteet talviretkeilystä",UC-qkeYYA0tyORf3sKB-DSzg,Sakke Raappana,12746.0,289.0,84.0,"Hobby,Lifestyle_(sociology),Tourism",61.969428,23.3613429,2023-12-06 06:34:00+00:00,PT32M44S,https://www.youtube.com/watch?v=bvAtO7EVBbE,Seitseminen
gBmOT-atkco,Mies ja hauki - Ruskavaellus Patvinsuon kansallispuistossa,"Kalastus ja vaellus Patvinsuon kansallispuistossa 2023. Jätin auton Suomun luontotuvalle ja lähdin kulkemaan Suomunkierto nimistä vaellusreittiä pitkin joka kulkee Suomunjärven ympäri.

Ilokseni voin ilmoittaa, että 1.11.2023 asti Varusteleka tarjoaa -10% alekoodin kaikista normaalihintaisista vaatteista: 10VEGESAKKE23

Kiitos Varusteleka halustanne tehdä yhteistyötä 🙌


0:00 - 0:44 Intro
0:44 - 1:35 Suomun luontotupa
1:35 - 2:30 Retkireppu -kanava ja hattu-Gate
2:30 - 4:30 Vaellus Suomun kiertoa pitkin alkaa
4:30 - 7:07 Lapinniemen leiripaikka
7:07 - 10:22 Vaellus kohti Pokkaniemen leiripaikkaa
10:22 - 10:50 Saapuminen Pokkaniemeen
10:50 - 13:59 Hauen kalastus virvelillä
13:59 - 15:50 Hauen perkaus
15:50 - 16:49 Hauen fileointi
16:49 - 17:40 Hauen valmistus nuotiolla
17:40 - 22:26 Leirielämää ja retkiruokaa
22:26 - 24:10 Hauki ruokana
24:10 - 25:20 Suomen Survival Kilta ja Ulkoilun turvallisuuskurssi
25:20 - 26:08 Varusteleka
26:08 - 27:36 Vaellusvarusteet - Villapaita
27:36 - 29:11 Leirielämää nuotiolla
29:11 - 31:30 Leirin purku
31:30 - 32:04 Aamupalaa ja retkeilyä pimeässä
32:04 - 34:04 Vaellus - Suomunkierto
34:04 -34:46  Kootut selitykset
34:46 - 35:40 Majavan kaatamia puita ja retken päättäminen",UC-qkeYYA0tyORf3sKB-DSzg,Sakke Raappana,10554.0,424.0,85.0,"Lifestyle_(sociology),Tourism",,,2023-10-11 13:19:40+00:00,PT35M41S,https://www.youtube.com/watch?v=gBmOT-atkco,Patvinsuo
5cFYr48SOMw,Kiipeily - 30m jääputous Helvetinjärven Kansallispuistossa - JÄÄKIIPEILY JA VARUSTEET,"Kiipeily ei ole korkeanpaikankammoiselle kovin luonteva harrastus. Olen kuitenkin onnistunut siedättämään pelkoani harjoittelemalla kiipeilyä sisäkiipeilyhallissa. Boulderoinnista siirryin pikkuhiljaa itsestään varmistavien laitteiden avulla seinälle. Melko nopeasti tämän jälkeen kävin yläköysikiipeily -kurssilla ja ostin omat valjaat. 

Tampereen Kiipeilykeskuksen mukavat ihmiset Emma ja Janne halusivat tarjoutua esittelemään minulle jääkiipeilyä Helvetinjärven Kansallispuistossa🙌. Iso kiitos heidän lisäkseen kuuluu Samuli S:lle joka organisoi porukan kasaan! On hyvä huomioida että Emma on Suomen kiipeilyliiton auktorisoima jääkiipeilyohjaaja 💎.

Yläköysivarmistus -tekniikan lisäksi videolla nähdään Lead kiipeämistä sekä Multipitch kiipeily -tekniikkaa. Tämä ei kuitenkaan missään nimessä ole opetusvideo. 

Musiikit tällä videolla on säveltänyt sekä soittanut Samuli Raappana 🔥",UC-qkeYYA0tyORf3sKB-DSzg,Sakke Raappana,3376.0,126.0,39.0,"Hobby,Lifestyle_(sociology)",62.0234115,23.8463498,2022-02-23 12:00:29+00:00,PT23M9S,https://www.youtube.com/watch?v=5cFYr48SOMw,Helvetinjärvi
oqyNETvdFtE,"2 yötä kotateltassa Teijon kansallispuistossa - Retkireppu, kotateltta ja kamiina - Retkireppu","Käytiin Retkireppu -youtubekanavan Peterin kanssa Teijon kansallispuistossa tekemässä syyskuinen retki. Majoitteena oli Peterin uusi Luxe -kotateltta johon Peter oli hommannut myös titaanisen kamiinan. 

Suosittelen käymään katsomassa Peterin videon samalta reissulta!
https://www.youtube.com/c/Retkireppu

Hot tent camping in Finnish national park.",UC-qkeYYA0tyORf3sKB-DSzg,Sakke Raappana,9889.0,320.0,57.0,"Hobby,Lifestyle_(sociology),Tourism",60.2099945,22.9378166,2022-11-18 10:38:46+00:00,PT25M47S,https://www.youtube.com/watch?v=oqyNETvdFtE,Teijo
5GTH9ik0hrY,Nuuksio päiväretki - Retkiruokaa kaasukeittimellä -2°C | MSR Pocket Rocket 2 | Retkeily,"Joulukuisen päiväretken kohteena oli Nuuksion kansallispuisto. Ihmeteltiin jääpuikkoja ja testattiin miten MSR pocket rocket 2 kaasukeitin toimii muutaman asteen pakkasella. Lähi retkeily on Nuuksiossa mukavaa ja omaa rauhaa on helppo löytää kun pysyttelee kaukana merkityistä reiteistä ja keittokatoksista..

Toivottavasti Esan Erä ja Luonto kanavan Esa osaa vastata mitä kääpiä on kyseessä.",UC-qkeYYA0tyORf3sKB-DSzg,Sakke Raappana,4715.0,121.0,21.0,"Lifestyle_(sociology),Tourism",60.3127525,24.4809016,2020-12-15 11:40:10+00:00,PT14M41S,https://www.youtube.com/watch?v=5GTH9ik0hrY,Nuuksio
FaefQJ9wT5w,"【Camp in Finland】Hike, camping, fishing and trips 　in Repovesi National Park.","I live in Japan. I went to Finland to make my dream come true.
I got a disease called pancreatic cancer two years ago.
It was already stage 4 when it was discovered.My doctor told me that my life was 6 months.
But I withstood the painful treatment and was fortunately cured.
During treatment, I was thinking of making my dream come true if this disease was completely cured.
My dream is to enjoy the outdoors in the beautiful nature of Finland.
That's right. I was completely cured and went to make my dream come true.
Please experience the beautiful nature of Finland together. 
Thank you.





使用BGM　YouTubeライブラリー
__アーティスト__の__タイトル__は、__ライセンス名__ライセンス（__ライセンス_url__）でライセンス付与されています。
アーティスト: http://audionautix.com/",UC12eLYGCkQ77sLYwyH6jtuA,Log Shige,21117.0,384.0,101.0,"Hobby,Lifestyle_(sociology),Tourism",,,2019-08-29 08:00:42+00:00,PT1H4M22S,https://www.youtube.com/watch?v=FaefQJ9wT5w,Repovesi
y3cDRzgQclE,Lintuharrastus vei mukanaan | Luonto,"Tässä videossa olen Tuomaksen @tuomas_aho kanssa Rokuan kansallispuistossa kuvaamassa Kamerat tanassa-sarjaa. Matkalla päätimme kertoa lintuharrastuksesta, jonka olemme molemmat aloittaneet jo lapsina. Kerromme tarinoita muun muassa pöllöistä ja muista isoista petolinnuista. Olisi mukava kuulla myös sinun tarinasi. Kommentoi tarinasi alle!

Kiitos videon katsomisesta! Jos pidit, arvostaisin suuresti jos painaisit tykkää nappia!
👉 Tilaa kanava tästä: http://bit.ly/2DlVpjQ
📸 Instagram: https://www.instagram.com/v3ksu/
◾Facebook: https://www.facebook.com/Veksu-2567042676670635/

Musiikki: Juuso

#luonto #valokuvaus #linnut",UC17ixTOEP-Ca1CTJ8Z88o8Q,Veksu,1115.0,40.0,10.0,"Hobby,Lifestyle_(sociology)",,,2021-11-18 17:20:32+00:00,PT12M36S,https://www.youtube.com/watch?v=y3cDRzgQclE,Rokua
Gth7IDUgp2E,Huikea kalastusreissu! | Pikalomalle Hossaan | Perhokalastus Hossanjoki,"Taas kerran keli oli mitä mahtavin. Sain Matiakselta aamulla puhelun sillä hän oli lähdössä reissuun Suomussalmelle. Ei tarvinnut kauaa miettiä, kun pikaloma oli valmis. Muutaman tunnin päästä olimme jo matkalla kohti Hossanjokea perhokalastamaan harjuksia, taimenia ja kirjolohia.

Kiitos videon katsomisesta! Jos pidit, arvostaisin suuresti jos painaisit tykkää nappia!
👉 Tilaa kanava tästä: http://bit.ly/2DlVpjQ
📸 Instagram: https://www.instagram.com/v3ksu/
◾Facebook: https://www.facebook.com/Veksu-2567042676670635/

https://www.reliikki.com/

Musiikki: Juuso

#perhokalastus #kalastus #hossa",UC17ixTOEP-Ca1CTJ8Z88o8Q,Veksu,11075.0,271.0,52.0,"Hobby,Lifestyle_(sociology),Pet",,,2022-05-22 11:28:24+00:00,PT17M33S,https://www.youtube.com/watch?v=Gth7IDUgp2E,Hossa
qn2ws9ixSk0,Retki Rokuan kansallispuistoon | Luonto & Retkeily,"Teimme Tuomaksen kanssa retken Rokuan kansallispuistoon. Rokuan kansallispuisto on perustettu vuonna 1956, jolla suojellaan rokuanvaaran harjumuodostumaa. Retken tarkoituksena oli kuvata Kamerat tanassa-sarjaa sekä testata erilaisia teleobjektiiveja lintujen kuvaamiseen.

Kiitos videon katsomisesta! Jos pidit, arvostaisin suuresti jos painaisit tykkää nappia!
👉 Tilaa kanava tästä: http://bit.ly/2DlVpjQ
📸 Instagram: https://www.instagram.com/v3ksu/
◾Facebook: https://www.facebook.com/Veksu-2567042676670635/

0:00 Saapuminen
1:24 Jaakonjärven laavu
3:06 Retro lampun esittely
4:34 Teleobjektiivit
9:49 Maisemat ja linnut
12:27 Kartan esittely
14:47 Kamerat lentelee!
16:55 Tarinoita linnuista


Musiikki: Juuso

#retkeily #luonto #rokuankansallispuisto",UC17ixTOEP-Ca1CTJ8Z88o8Q,Veksu,1327.0,41.0,20.0,"Hobby,Lifestyle_(sociology)",,,2021-05-19 12:45:02+00:00,PT30M42S,https://www.youtube.com/watch?v=qn2ws9ixSk0,Rokua
nXPkwOL8cFM,Packraftailua ja melontaa Nuuksiossa - Laatuaikaa ilman lapsia ja Mrs Nomad packraft arvostelu.,Tehtiin pieni melonta retki Nuuksion kansallispuistoon. Tällä kertaa vietittiin laatuaikaa kahdestaan. Lähtöpaikkana oli Kolmperästä. Käytössä oli jo jonkin verran kääytössä olleet Mrs Nomad S1 light packraft ja Advanced Elements Fire Fly kajakki. Melottiin parilla lammella ja syötiin ja juotiin hyvin. Mukavaa ja helppoa eräilyä.,UC1GNLp_plebhUkbOy3TPgEQ,Jani Jäppinen,2195.0,71.0,11.0,"Hobby,Lifestyle_(sociology),Tourism",,,2023-08-17 13:00:44+00:00,PT5M47S,https://www.youtube.com/watch?v=nXPkwOL8cFM,Nuuksio
S4rVOddweRU,Tunturin huiputus lastenrattaiden kanssa - Riisitunturin kansallispuisto,"Kävimme koko perheen kanssa Riisitunturin kansallispuistossa. Tarkoitus oli testata miten hyvin lastenrattaat liikkuvat metsäolosuhteissa. Hyvinhän ne liikkuivat. Riisitunturilla on sen verran leveät polut, että eteenpäin pääsi ongelmitta. Riisitunturi on hieno retkikohde koko perheelle.",UC1GNLp_plebhUkbOy3TPgEQ,Jani Jäppinen,2370.0,105.0,10.0,"Hobby,Lifestyle_(sociology),Tourism",,,2023-07-27 14:00:14+00:00,PT8M41S,https://www.youtube.com/watch?v=S4rVOddweRU,Riisitunturi
Kf6vDeEC8hw,Nuuksion hienoin luola? Iloinen Erämies seikkailee. Isyysloma metsässä 1.. [Eng Subs],"Retkeilijä kirja:
https://www.adlibris.com/fi/kirja/retkeilija---pakkaa-reppu-ja-lahde-retkelle-9789523733473

https://www.suomalainen.com/products/retkeilija-pakkaa-reppu-ja-lahde-retkelle

Videon musiikki:
https://www.youtube.com/watch?v=lKUYLc2kB6A

Vietin isyyslomani jokaisen päivän tehden metsäretkiä 1,5v poikani kanssa. Kävimme mm. Nuuksion ja Sipoonkorven kansallispuistoissa sekä muissakin eräkohteissa. Tällä videolla on Nuuksioon tekemämme luola seikkailu. Kävimme kävlemässä Haukakierroksen ja matkalla tutstuimme  Vähä-Hauklammen luolaan. Hieno seikkailu.",UC1GNLp_plebhUkbOy3TPgEQ,Jani Jäppinen,1938.0,147.0,0.0,"Hobby,Lifestyle_(sociology)",,,2022-02-23 13:00:12+00:00,PT12M52S,https://www.youtube.com/watch?v=Kf6vDeEC8hw,Nuuksio
EJDwQyEmqZg,Salainen ahvenlampi Nuuksiossa.,"Retkeilijä kirjan esittely:
https://youtu.be/68o0xSjxORA

Adlibris:
https://www.adlibris.com/fi/kirja/retkeilija---pakkaa-reppu-ja-lahde-retkelle-9789523733473?campaignId=2f0eb7ff-92ce-4ae0-8759-248d38b5651b

Suomalainen kirjakauppa:
https://www.suomalainen.com/products/retkeilija-pakkaa-reppu-ja-lahde-retkelle

Prisma:
https://www.prisma.fi/fi/prisma/retkeilija-pakkaa-reppu-ja-lahde-retkelle

Tällä kertaa suuntasimme Nuuksion salaisella ahvenlammille. Minulla oli joskus muinnoin tapana alottaa Lapin vaellusreissut Nuuksion kautta. Kävin Nuuksion ahvenlammilla heittelemässä perhoa ja hiomassa tekniikat kuntoon, ennenkuin suuntasin vaativimmille paikoille. En ole käynyt täällä vuosiin  mutta nyt ajattelin viedä pojan pelipaikoille ja katsoa ovatko kalat vielä paikoillaan. Ahvenet itseasiassa käyttäytyvät aika samalla tavall kuin pienten tunturijärvien taimenet. Kiva pieni reissu oli tämäkin ja kunhan erätoveri kasvaa nin tehdään ehkä yön yli leva lampiseikkailu.",UC1GNLp_plebhUkbOy3TPgEQ,Jani Jäppinen,4221.0,123.0,17.0,"Hobby,Lifestyle_(sociology),Tourism",,,2022-06-23 17:00:09+00:00,PT15M39S,https://www.youtube.com/watch?v=EJDwQyEmqZg,Nuuksio
1H3CmBcvtF8,"Sipoonkorpi, salainen luontopolku ja hiidenkirnut. Iloinen Erämies: Isyysloma metsässä II.","Retkeilijä kirja:
https://www.adlibris.com/fi/kirja/retkeilija---pakkaa-reppu-ja-lahde-retkelle-9789523733473

https://www.suomalainen.com/products/retkeilija-pakkaa-reppu-ja-lahde-retkelle

Isyysloman seikkailun  jälkimmäinen video. Tällä kertaa tejtiin seikkailut Sipoonkorpeen ja kotimme läheisille luontokohteille. Hienoja seikkailija hienossa syksyisessä säässä.",UC1GNLp_plebhUkbOy3TPgEQ,Jani Jäppinen,1551.0,79.0,0.0,"Hobby,Lifestyle_(sociology)",,,2022-02-24 13:00:02+00:00,PT14M45S,https://www.youtube.com/watch?v=1H3CmBcvtF8,Sipoonkorpi
1Er29Sk8kjU,"Repoveden National park, Finland",,UC1Q1sYCecNIW5ie2WgndjAQ,Ekivaanari,2665.0,83.0,8.0,"Hobby,Lifestyle_(sociology),Tourism",,,2023-09-13 09:00:02+00:00,PT22S,https://www.youtube.com/watch?v=1Er29Sk8kjU,Repovesi
svImpKZbXU8,"KARAVAANARIN VIIKONLOPPU ""HELVETISSÄ""",Vietän viikonlopun Helvetinjärven kansallispuiston matkaparkissa ja käyn ihailemassa  Helvetinkolun upeita maisemia.,UC1Q1sYCecNIW5ie2WgndjAQ,Ekivaanari,3920.0,103.0,11.0,"Hobby,Lifestyle_(sociology),Tourism",,,2021-12-06 15:00:35+00:00,PT15M18S,https://www.youtube.com/watch?v=svImpKZbXU8,Helvetinjärvi
baU4nwhYqjQ,JÄTIMME HYVÄSTIT│Lemmenjoella,Vielä ennen poistumistamme Lemmenjoen rantamilta teemme pienen patikointi retken kansallispuiston metsissä ja rannoilla.,UC1Q1sYCecNIW5ie2WgndjAQ,Ekivaanari,13532.0,241.0,21.0,"Hobby,Lifestyle_(sociology)",,,2023-08-25 14:00:23+00:00,PT9M49S,https://www.youtube.com/watch?v=baU4nwhYqjQ,Lemmenjoki
FQhoh2dspvQ,"Määkijänsalmi hand ferry, Repoveden National Park, Finland",,UC1Q1sYCecNIW5ie2WgndjAQ,Ekivaanari,1740.0,51.0,0.0,"Lifestyle_(sociology),Tourism",,,2023-09-20 09:00:19+00:00,PT26S,https://www.youtube.com/watch?v=FQhoh2dspvQ,Repovesi
X7ANrcqAw78,PITIHÄN SITÄ TÄÄLLÄKIN KÄYDÄ⎜ kesällä 2022 kirjaimellisesti.,Videolla tutustumme taas kerran Kauhanevan-Pohjankankaan kansallispuistoon ja yövymme  myös sen parkkipaikalla.,UC1Q1sYCecNIW5ie2WgndjAQ,Ekivaanari,4176.0,133.0,17.0,"Hobby,Lifestyle_(sociology),Tourism",,,2023-01-13 15:00:18+00:00,PT16M46S,https://www.youtube.com/watch?v=X7ANrcqAw78,Kauhaneva-Pohjankangas
7nWMPfftQFE,AALTOJEN ARMOILLA Päijänteellä kumiveneellä,"Kävimme kumiveneellämme veneilemässä Päijänteellä, ja samalla tutustuimme päijänteen kansallispuistoon, käymällä Kelvennen ja Virmailan saarissa.",UC1Q1sYCecNIW5ie2WgndjAQ,Ekivaanari,5258.0,95.0,13.0,"Lifestyle_(sociology),Tourism",,,2021-08-09 14:00:03+00:00,PT12M2S,https://www.youtube.com/watch?v=7nWMPfftQFE,Päijänne
uL0NsFTa82E,"Ravadas waterfall, Lemmenjoki, Finland",,UC1Q1sYCecNIW5ie2WgndjAQ,Ekivaanari,1187.0,54.0,2.0,"Hobby,Lifestyle_(sociology),Tourism",,,2023-08-09 14:00:42+00:00,PT27S,https://www.youtube.com/watch?v=uL0NsFTa82E,Lemmenjoki
5NeDaVA-l0Y,TALVISTA MATKAILUA MATKAILUAUTOLLA OSA 2/3 │Tuurin Onnelasta syötteen rinteen kainaloon,"Tällä videolla matka jatkuu Tuurin Onnelasta, Salamajärven kansallispuiston ja Perhon Best Parkin kautta Pikku-Syötteelle.",UC1Q1sYCecNIW5ie2WgndjAQ,Ekivaanari,5750.0,105.0,4.0,"Hobby,Lifestyle_(sociology),Tourism",,,2021-03-22 12:00:01+00:00,PT11M8S,https://www.youtube.com/watch?v=5NeDaVA-l0Y,Salamajärvi
CnJ0XrODUlg,"VUODEN 2022 ENSIMMÄINEN MATKA  ""hyytävään"" ja  talviseen metsäparkkiin","Vuoden 2022 ensimmäisen matkan teemme  Teijon kansallispuistoon, jossa patikoimme , nautime mukavasta talvi säästä, paistamme makkaraa laavulla ja valmistamme  maistuvan sunnuntai lounaan.

00:00 Intro
00:28 Matkalla määränpäähän
03:23 Perillä määränpäässä
03:56 Patikointi laavulle
08:00 Makkaran paistoa laavulla
09:21 Täydellä vatsalla takaisin autolle
11:25 Yhteenveto päivän reitistä
11:55 Auratulle tiellä
12:17 EKIVAANARI KOKKAA
18:20 Agrekaatti pörisee
18:32 Valmis päivällinen
19:05 Talvimaisemissa kotiin",UC1Q1sYCecNIW5ie2WgndjAQ,Ekivaanari,17668.0,334.0,38.0,"Hobby,Lifestyle_(sociology),Tourism",,,2022-01-17 15:00:12+00:00,PT21M27S,https://www.youtube.com/watch?v=CnJ0XrODUlg,Teijo
B3LhozU33go,Living in Finland • Nuuksio National Park • Summer Camping,"Another great experience camping in Finland. Find out what's for free! Enjoy and thanks for watching!

L I K E . S H A R E . S U B S C R I B E

Follow me on Social Media
Instagram: julieallidemvlogs

💚🤍❤️",UC1hNr7UolBomdhSCOmFlVeQ,Julie Allidem,3191.0,93.0,17.0,"Hobby,Lifestyle_(sociology),Tourism",,,2023-07-28 09:00:06+00:00,PT13M39S,https://www.youtube.com/watch?v=B3LhozU33go,Nuuksio
Uc3YXqZ1mFA,Life in Finland • Camping • Start of Autumn • Nuuksio National Park,"Another camping vlog. Come and join us!

💯👌🏻Instagram Account: 
julieallidemvlogs

LIKE 💚 SHARE 🤍 SUBSCRIBE ❤️",UC1hNr7UolBomdhSCOmFlVeQ,Julie Allidem,1311.0,48.0,12.0,"Hobby,Lifestyle_(sociology),Tourism",,,2023-09-13 20:00:09+00:00,PT11M24S,https://www.youtube.com/watch?v=Uc3YXqZ1mFA,Nuuksio
3mSgI0r7Ni4,FINLANDIA: 12 km a piedi nel parco di Oulanka. Viaggi in camper,"Ci troviamo nel Parco nazionale di Oulanka, ai confini con la Russia, siamo arrivati qui con il nostro camper attraversando boschi e luoghi completamente isolati nella natura, alla ricerca degli orsi che abitano queste zone.


----------------
Benvenuti a bordo di Goldie 🚐, il nostro camper Fiat Ducato 1.9TD del 1998. 
Siamo Emanuela e Matteino. 👋🏻 
Viaggiamo senza fretta in Italia e in Europa, esplorando la Natura, facendo trekking e visitando le città più belle! 

Ecco come sosteniamo le spese dei nostri viaggi:
💻 EMANUELA: https://www.bloomie.it/
⚓ MATTEINO: https://www.instagram.com/mettuss/

----------------
📬 Per info, consigli, progetti… scrivici una mail: info@camperlust.it

SEGUICI ANCHE SU:
- Instagram @camperlust_
https://www.instagram.com/camperlust_/

Grazie ❤️
Emanuela & Matteino

----------------
TUTTI I NOSTRI SCONTI!

VIDEO CAMERE INSTA360
X3 : https://www.insta360.com/sal/x3?insrc...
ONE RS : https://www.insta360.com/sal/one_rs?i...
X2 : https://www.insta360.com/sal/one_x2?i...

BOMBOLA RICARIBILE CAMPKO: https://vosken.de/Start
5% di sconto con il codice CAMPERIT5

INTERNET IN VIAGGIO in tutta Europa con OGILink: https://shop.ogilink.it
CODICE SCONTO 10€ con il codice: CAMPERLUST

BATTERIA AL LITIO: https://creabest.it sconto su tutte le batterie LiFePO4 con il codice CREALUST

SCONTO del 5% con il codice VVGDS5 su tutti i prodotti VEVOR
https://s.vevor.com/bfQmch

BICI ELETTRICA ELEGLIDE: https://bit.ly/45Gu2z1
60€ di sconto con il codice: camp60

SURFSHARK: la nostra VPN per navigare sicuri e trovare i giusti prezzi!
Ottieni un'offerta esclusiva di Surfshark! Inserisci il codice CAMPERLUST per altri 3 mesi extra GRATIS su https://surfshark.deals/camperlust

CARPURIDE CARPLAY:
https://carpuride.com/?ref=camperlust...
https://carpuride.com/discount/CAMPER...
https://amzn.to/3rMBcSV
codice coupon per il 15% di sconto
CAMPERLUST-CAR

PRODOTTI ACQUATRAVEL:
CODICE SCONTO del 10%  con il codice AMICILUST su tutto il catalogo ACQUATRAVEL sul sito: https://www.campingsportmagenta.com/i...
Il codice AMICILUST va inserito nella voce COUPON al momento del pagamento.

CODICE SCONTO del 20% con il codice CAMPERLUST per la macchinetta portatile caffè espresso CONQUECO: https://conquecoapparel.com/

-------------------
Qui trovi tutto quello che utilizziamo nei nostri viaggi: https://www.amazon.it/shop/camperlust

Iscriviti al gruppo telegram CAMPERLUST: https://t.me/+NVv-mbEBHuQwYmQ0

Attiva anche la campanella 🔔 per non perderti nessuno dei nostri prossimi video.
http://bit.ly/31ftwYs  @Camperlust  

#camperlust #vanlife #finlandia #lapponia #campervan #van4x4 #camper4x4 #camperlife #camper #viaggiincamper #viaggionorvegia #viaggiocaponord  #vanlifenorway #areasosta #oulanka #orsi #parconazionale #karhunkierros #trail #trekking #bushcraft #bushcraftadventure #bushcraftlogcabin #cabin #finland",UC1pEEnwpRgoL61gLmJPKtyA,Camperlust,1482.0,134.0,37.0,"Hobby,Lifestyle_(sociology),Tourism",,,2023-10-27 18:05:40+00:00,PT10M5S,https://www.youtube.com/watch?v=3mSgI0r7Ni4,Oulanka
DpBydEOekJM,Klubin syysretki: Mäntyharju - Repovesi -maastopyöräilyreitti,"Sain WhatAppiini ehdotuksen lähteä mukaan Le Cyclo Club d'Evermaden syysretkelle Repovedelle. Ideana ajaa Mäntyharju - Repovesi reitti. Ja eihän tällaisesta tarjouksesta voi kieltäytyä! Mukana klubin kerma eli Jokke, Sauli, Paul, Tuomas, Joonas ja Mikael!",UC2Prp3t7Ol-a041FXTyCzNQ,Kampiapina,6373.0,244.0,28.0,"Hobby,Lifestyle_(sociology)",,,2021-11-17 16:51:29+00:00,PT14M16S,https://www.youtube.com/watch?v=DpBydEOekJM,Repovesi
Y752mA8YmxI,Päijänteen kierto - 600 kilometriä kolmessa päivässä,"Piirtelin talvella kuudensadan kilometrin reittejä ja yksi vaihtoehto oli ajaa Päijänteen ympäri. Olen reitistä haaveillut jo pidempään, joten päätin pistää tuumasta toimeen. Lähdin matkaan perjantaiaamuna ja kotiin päädyin sunnuntaina iltapäivästä.",UC2Prp3t7Ol-a041FXTyCzNQ,Kampiapina,33022.0,1003.0,125.0,"Hobby,Lifestyle_(sociology)",,,2023-06-10 13:37:11+00:00,PT57M13S,https://www.youtube.com/watch?v=Y752mA8YmxI,Päijänne
rQC1shGg9q4,Maastopyöräretki Ruunaankoskelle ja Patvinsuolle - retkiautona Volkswagen ID. Buzz,"Tämä video on tehty kaupallisessa yhteistyössä Volkswagenin kanssa. Haluttiin Tuomaksen kanssa tehdä taas syysretki maastopyörillä ja tällä kertaa suuntasimme Pohjois-Karjalaan. Kohteina oli Ruunaankosken maastot sekä Patvinsuon kansallispuisto.

Menopelinä meillä oli uunituore juuri markkinoille tullut Volkswagenin sähköinen ID. buzz ja sen pakettiautoversio.

Tuomaksen kirjoitus aiheesta:
https://autovouhotus.fi/volkswagen-id-buzz-cargo-maastopyorailijan-reissuautona/

Lisätietoa Volkswagen ID.Buzz Cargosta:
https://www.volkswagen.fi/fi/mallit/id-buzz-cargo.html",UC2Prp3t7Ol-a041FXTyCzNQ,Kampiapina,15529.0,353.0,54.0,"Hobby,Lifestyle_(sociology),Tourism,Vehicle",,,2022-11-10 12:35:18+00:00,PT33M19S,https://www.youtube.com/watch?v=rQC1shGg9q4,Patvinsuo
0EacSHb8FUA,Projekti Trail MM #16 - Helsinki 10km & Team Noux -leiri Nuuksiossa,"Polkujuoksun MM-kisaprojekti etenee! Tällä kertaa vuorossa Helsinki 10km maantiekisa, Triathlonmessut, sekä Team Nouxin leiri Nuuksiossa.

Music by my good friend Kimmen Edin
https://soundcloud.com/kimmen

Juoksuvalmennus
http://jalanjalki.com/index.html

Facebook - https://web.facebook.com/juusosimpanen

Strava - https://www.strava.com/athletes/7516461

Instagram - http://instagram.com/juusosimpanen",UC2vNXAWE1codE7i75Nah7Og,Juuso Simpanen,1407.0,28.0,0.0,Lifestyle_(sociology),,,2019-04-30 12:26:42+00:00,PT8M38S,https://www.youtube.com/watch?v=0EacSHb8FUA,Nuuksio
4ncsLuu15tU,Vaarojen Maraton 65km - Reittiennätys 6h 19min,"2020 Vaarojen Maraton 65km - reittiennätys 6h 19min

Juoksuvalmennus
http://jalanjalki.com/index.html

Facebook - https://facebook.com/juusosimpanen

Strava - https://www.strava.com/athletes/7516461

Instagram - http://instagram.com/juusosimpanen",UC2vNXAWE1codE7i75Nah7Og,Juuso Simpanen,5214.0,103.0,8.0,Lifestyle_(sociology),63.096858,29.8062314,2020-10-07 17:48:37+00:00,PT9M32S,https://www.youtube.com/watch?v=4ncsLuu15tU,Koli
4Ar6gijlQW8,Nuuksio70 Trail Ultra 2018,"Kahden kuukauden polven kuntoutuksen jälkeen pääsin vihdoin kisaamaan ja sehän meni yli odotusten. Nuuksio Classic Trail Marathon ja Nuuksio70 Trail Ultra juostiin lauantaina 1.9.2018.

Tämän kisavideon kuvaajat:
Nuuksio Classic Trail Marathon
Onevision.fi / Juha Saastamoinen
Jouni Junkkaala

Music by Kimmen Edin
https://soundcloud.com/kimmen
https://www.youtube.com/user/keeymaan

Juoksuvalmennus
http://jalanjalki.com/index.html

Strava - https://www.strava.com/athletes/7516461

Instagram - http://instagram.com/juusosimpanen

Ota yhteyttä
juuso.simpanen@hotmail.com

KATSO
Gary Yourofskyn puhe - https://www.youtube.com/watch?v=es6U00LMmC4

101 syytä ryhtyä vegaaniksi - https://www.youtube.com/watch?v=W4HJcq8qHAY

Earthlings - https://www.youtube.com/watch?v=vdn2nQYGgRU

Cowspiracy - https://www.youtube.com/watch?v=nV04zyfLyN4

Forks Over Knives - https://www.youtube.com/watch?v=O7ijukNzlUg

Tsekkaa myös
http://vegaanihaaste.fi/
http://vegaaniliitto.fi/
http://oikeuttaelaimille.fi/
https://elaintehtaat.fi//
http://www.animalia.fi/",UC2vNXAWE1codE7i75Nah7Og,Juuso Simpanen,2512.0,36.0,15.0,Lifestyle_(sociology),,,2018-09-03 13:15:37+00:00,PT15M56S,https://www.youtube.com/watch?v=4Ar6gijlQW8,Nuuksio
OFhJfXOiJ44,Nuuksio70 Trail Ultra 2019,"Nuuksio 70km Trail Ultra, sekä Nuuksio Classic Trail Marathon juostiin Nuuksion Kansallispuiston upeilla poluilla lauantaina 7.9.

Juoksuvalmennus
http://jalanjalki.com/index.html

Facebook - https://web.facebook.com/juusosimpanen

Strava - https://www.strava.com/athletes/7516461

Instagram - http://instagram.com/juusosimpanen",UC2vNXAWE1codE7i75Nah7Og,Juuso Simpanen,2348.0,42.0,7.0,Lifestyle_(sociology),,,2019-09-10 10:16:50+00:00,PT13M1S,https://www.youtube.com/watch?v=OFhJfXOiJ44,Nuuksio
A43aHaKZPTY,Polkujuoksijan paratiisi - 50km lenkki Repoveden Kansallispuistossa,"Kävin Repoveden Kansallispuiston upeilla poluilla heittämässä leppoisan 50km polkujuoksulenkin.

Music by my friend Kimmen Edin
https://soundcloud.com/kimmen
https://www.youtube.com/user/keeymaan

Juoksuvalmennus
http://jalanjalki.com/index.html

Facebook - https://web.facebook.com/juusosimpanen

Strava - https://www.strava.com/athletes/7516461

Instagram - http://instagram.com/juusosimpanen",UC2vNXAWE1codE7i75Nah7Og,Juuso Simpanen,2880.0,62.0,3.0,Lifestyle_(sociology),61.1879953,26.9023637,2020-04-07 07:04:24+00:00,PT15M3S,https://www.youtube.com/watch?v=A43aHaKZPTY,Repovesi
CNNJq7Vqd68,NUTS Ylläs Pallas 2019 - 37km voitto!,"NUTS Ylläs Pallas reissu 2019

Juoksuvalmennus
http://jalanjalki.com/index.html

Facebook - https://web.facebook.com/juusosimpanen

Strava - https://www.strava.com/athletes/7516461

Instagram - http://instagram.com/juusosimpanen",UC2vNXAWE1codE7i75Nah7Og,Juuso Simpanen,4731.0,70.0,3.0,Lifestyle_(sociology),,,2019-07-18 13:44:48+00:00,PT12M46S,https://www.youtube.com/watch?v=CNNJq7Vqd68,Pallas-Yllästunturi
HFQ_4N3IZRE,Projekti Trail MM #7 - Leiriviikonloppu Nuuksiossa,"Juoksuvalmennus
http://jalanjalki.com/index.html

Facebook - https://web.facebook.com/juusosimpanen

Strava - https://www.strava.com/athletes/7516461

Instagram - http://instagram.com/juusosimpanen",UC2vNXAWE1codE7i75Nah7Og,Juuso Simpanen,1195.0,23.0,4.0,"Lifestyle_(sociology),Physical_fitness",,,2019-02-22 19:29:30+00:00,PT11M57S,https://www.youtube.com/watch?v=HFQ_4N3IZRE,Nuuksio
4PRGQ7vr1FI,NUTS Ylläs Pallas 66km & Treenileiri pohjoisessa,"Tsekkaa uudet kotisivuni
https://www.juusosimpanen.fi/

Kävin juoksemassa NUTS Ylläs Pallas 66 kilometrin kisan, jonka jälkeen tein kahden viikon treenileirin Levillä, Pyhällä ja Rukalla valmistautuen 2023 UTMB:lle.

Drone-video ja kansikuva: Samuli Tiainen

Olen kolmekymppinen helsinkiläinen ultrajuoksija. Kilpailen tavoitteellisesti polku-ultrajuoksussa ja lisäksi valmennan muita juoksijoita. Voit seurata menoani myös muissa kanavissa:

Instagram - http://instagram.com/juusosimpanen
Facebook - https://facebook.com/juusosimpanen
Strava - https://www.strava.com/athletes/7516461",UC2vNXAWE1codE7i75Nah7Og,Juuso Simpanen,3028.0,99.0,6.0,Lifestyle_(sociology),,,2023-07-26 13:45:01+00:00,PT11M6S,https://www.youtube.com/watch?v=4PRGQ7vr1FI,Pallas-Yllästunturi
npfTfS9B1ts,SALLA-LAPLAND-VLOG: In the middle of nowhere,"Whoop Whoop, es gibt wieder einen neuen VLOG. Diesmal aus Finland!
Ich war mit Formgestalter und Moners in Lappland unterwegs. Wahnsinnige Schneelandschaften, Nordlichter, Rentiere, Schlittenhunde und vieles mehr siehst du in diesem Urlaubsvideo aus dem hohen Norden.
Viel Spaß damit!


Music:
Adventures by A Himitsu https://soundcloud.com/a-himitsu
Creative Commons — Attribution 3.0 Unported— CC BY 3.0 
http://creativecommons.org/licenses/b...
Music released by Argofox https://youtu.be/8BXNwnxaVQE
Music provided by Audio Library https://youtu.be/MkNeIUgNPQ8

- - - - - -

VIDEOTRAININGS:

Du willst richtig fit mit Lightroom und Photoshop werden?
Hier meine Videotrainings:
Der Einstieg: http://bit.ly/LRisteinfach-YT
Like a Boss: http://bit.ly/LLAB-YT
Die Retusche-Challenge: http://bit.ly/RChallenge-YT

So lernst du wie man Videos schneidet:
• http://bit.ly/VideoschnittEinfach 

- - - - - -

WORKSHOPS:

Infos zu meinen Workshops und Fotoreisen findest du hier:
https://www.kristofgoettling.de/store/fotoadventure-reisen/ 

- - - - - -

MEIN EQUIPMENT:

Meine Kamera: https://amzn.to/2QLNhzs
Objektiv 14-24mm 2,8: https://amzn.to/2QOIDRc
Objektiv 35mm 1,8: https://amzn.to/2RtW5za
Objektiv 24-70mm 4,0: https://amzn.to/2D7Wkaa
Objektiv 70-200mm 2,8: https://amzn.to/2HcsMfA 
diese Kamera habe ich IMMER dabei: https://amzn.to/2D5MGVu
mit dieser Kamera filme ich die meisten VLOGs: https://amzn.to/2HajMYz
„kleines“ Stativ: http://amzn.to/2sHdZAd
der Stativ-Kopf (sehr wichtig): http://amzn.to/2sHcbrg
mein immer-dabei-Stativ: http://amzn.to/2siKsKY 

mein Computer: https://amzn.to/2RoMuJK
mein Stifttablet (viel besser als die alte Version!): http://amzn.to/2rfUw92
trotzdem brauche ich manchmal meine Maus: https://amzn.to/2RLyHwb

die besten Kopfhörer die ich je hatte: https://amzn.to/2RPWCL2
mein Mikrofon: https://amzn.to/2SVwUSS
so nehme ich Ton unterwegs auf: http://amzn.to/2rJhxTE",UC3QVEpkzBP4rnvjFA5Sjirw,Kristof,5307.0,164.0,138.0,"Lifestyle_(sociology),Tourism",,,2018-03-15 20:00:01+00:00,PT20M35S,https://www.youtube.com/watch?v=npfTfS9B1ts,Salla
a6FTBEeA37E,Salla in the middle of nowhere - autumn Trailer,"I have been lucky, to travel to beautiful Lapland during fall 2018. Salla is such a quiet place, with so much potential.
I immediately felt in love with it :-)

www.visitsalla.fi

If you are curious to see all the pictures I shot in Salla, visit my Instagram:
www.instagram.com/Kris.goes.traveling

- - - - - -

VIDEOTRAININGS:

Du willst richtig fit mit Lightroom und Photoshop werden?
Hier meine Videotrainings:
Der Einstieg: http://bit.ly/LRisteinfach-YT
Like a Boss: http://bit.ly/LLAB-YT
Die Retusche-Challenge: http://bit.ly/RChallenge-YT

So lernst du wie man Videos schneidet:
• http://bit.ly/VideoschnittEinfach 

- - - - - -

WORKSHOPS:

Infos zu meinen Workshops und Fotoreisen findest du hier:
https://www.kristofgoettling.de/store/fotoadventure-reisen/ 

- - - - - -

MEIN EQUIPMENT:

Meine Kamera: https://amzn.to/2QLNhzs
Objektiv 14-24mm 2,8: https://amzn.to/2QOIDRc
Objektiv 35mm 1,8: https://amzn.to/2RtW5za
Objektiv 24-70mm 4,0: https://amzn.to/2D7Wkaa
Objektiv 70-200mm 2,8: https://amzn.to/2HcsMfA 
diese Kamera habe ich IMMER dabei: https://amzn.to/2D5MGVu
mit dieser Kamera filme ich die meisten VLOGs: https://amzn.to/2HajMYz
„kleines“ Stativ: http://amzn.to/2sHdZAd
der Stativ-Kopf (sehr wichtig): http://amzn.to/2sHcbrg
mein immer-dabei-Stativ: http://amzn.to/2siKsKY 

mein Computer: https://amzn.to/2RoMuJK
mein Stifttablet (viel besser als die alte Version!): http://amzn.to/2rfUw92
trotzdem brauche ich manchmal meine Maus: https://amzn.to/2RLyHwb

die besten Kopfhörer die ich je hatte: https://amzn.to/2RPWCL2
mein Mikrofon: https://amzn.to/2SVwUSS
so nehme ich Ton unterwegs auf: http://amzn.to/2rJhxTE",UC3QVEpkzBP4rnvjFA5Sjirw,Kristof,2124.0,82.0,6.0,"Hobby,Lifestyle_(sociology),Tourism",,,2018-11-26 19:25:38+00:00,PT1M2S,https://www.youtube.com/watch?v=a6FTBEeA37E,Salla
pLERqBNhMqM,SALLA - in the middle of nowhere,"PROMOTRAILER FOR FINNISH LAPPLAND:

I had the honor to be part of a finnish tourism campaign. Two awesome photographers and famous instagramers and I where invited to Salla.
We took lots of beautiful pictures and my goal was it to compress this whole winter-wonderland-experience in a short trailer to promote their tourism.
I am still fascinated by the beauty of the country and the quietness. The masses of snow where just unreal...
Hopefully my clip lets you dive into these winter feelings for some seconds.
ENJOY :-)",UC3QVEpkzBP4rnvjFA5Sjirw,Kristof,1772.0,74.0,12.0,"Lifestyle_(sociology),Tourism",,,2019-02-03 15:33:13+00:00,PT1M2S,https://www.youtube.com/watch?v=pLERqBNhMqM,Salla
0Xi-a-0eJG8,Keväinen melontaretki Saaristomerellä 2020,"Tässä elävää kuvaa muutaman päivän kajakkireissultamme Kustavin saaristoon vappuna 2020. Säät vaihteli, mutta tunnelma ja melojan mieli rantakallioilla oli leppoisan kevyt haahkojen keväistä mouruamista kuunnellessa. Värikkäitä kohtaamisia riitti taas niin lintumaailman kuin ihmistenkin suhteen. Nautihan tunnelmista! // Live footage from our kayak trip to the Archipelago Sea in SW Finland in spring 2020. Very few other people, plenty of eider ducks, and extremely laid-back atmosphere. This is how we enjoy nature!",UC4-22D_nsgCiuCgmgB3xl4w,Otso Production,6200.0,124.0,19.0,"Hobby,Lifestyle_(sociology),Tourism",59.9344934,21.8116588,2020-05-15 12:54:45+00:00,PT21M7S,https://www.youtube.com/watch?v=0Xi-a-0eJG8,Archipelago
Le9QBlE6BK0,Syksyinen purjehdus Saaristomerellä 2021,"Tässä raikkaita tuulahduksia Otsojen jo perinteeksi muodostuneelta syyspurjehdukselta Saaristomeren kansallispuistoon. Meno oli kovaa, mutta tunnelma tutun leppoisaa ja jutun taso taattua tajunnanvirtaa!",UC4-22D_nsgCiuCgmgB3xl4w,Otso Production,5403.0,92.0,7.0,"Hobby,Lifestyle_(sociology),Tourism",59.9344934,21.8116588,2021-12-20 16:00:17+00:00,PT30M33S,https://www.youtube.com/watch?v=Le9QBlE6BK0,Archipelago
XHsdro0MG-E,Yksin Isojärven Kansallispuistossa | MAHTAVA yöreissu lempparipaikassa,"Tein rennon yhden yön kevätkeikan Isojärven kansallispuistoon. Reissulla kävi hyvä tuuri ja pääsin nauttimaan yhdestä lempparipaikastani ihan yksin. Mukana oli myös erittäin hyvät eväät, joten tästä tuli heittämällä yksi alkuvuoden parhaista reissuista. Tervetuloa mukaan!

#retkeily #vaellus #isojärvenkansallispuisto #telttailu #retkiruoka #ulkona #ulkonaperillä #elämääulkona #suomiretki #luonto #isojärvi #kansallispuisto",UC6Xai82XuTqRCVklRCDJYKA,Longclaw Adventures,8537.0,312.0,26.0,"Hobby,Lifestyle_(sociology),Tourism",,,2021-05-09 05:45:01+00:00,PT24M57S,https://www.youtube.com/watch?v=XHsdro0MG-E,Isojärvi
u4hHHLmdBS8,Kumiveneellä Päijänteen kansallispuistossa | Kelvenne-saari ja yö riippumatossa,"Mahtava kesäreissu Päijänteen kansallispuiston ykköskohteeseen Kelvenne-saarelle. Kulkupelinä oli tällä kertaa vähän erilainen Kopukka-kumivene, jonka kyyti oli mielenkiintoista menoa. Maisemat olivat mahtavia, keli mitä mainioin ja ruokaa riittävästi. Tervetuloa mukaan!

#päijänteenkansallispuisto #kelvenne #retkeily #päijänne #kumivene #kopukka #vaellus #retkipaikka #ulkoilu #ulkonaperillä #luontoonfi #luonto #suomi #elämääulkona #suomiretki #retkiruoka #nuotioruokaa

#outdoorlife #päijännenationalpark #hiking #outdoors #backpacking",UC6Xai82XuTqRCVklRCDJYKA,Longclaw Adventures,6570.0,112.0,23.0,"Hobby,Lifestyle_(sociology),Tourism",,,2021-06-13 05:15:10+00:00,PT22M50S,https://www.youtube.com/watch?v=u4hHHLmdBS8,Päijänne
giJbKO0iBW0,Telttaretki koiran kanssa Helvetinjärven kansallispuistoon 🏕️🐕,"Alkukesä 2023 meni retkeilyn kannalta täysin harakoille. Pientä helpotusta akuuttiin retkikuumeeseen antoi yhden yön metsäkeikka Helvetinjärven kansallispuistoon. Otin reissulle mukaan myös meidän koiran, jonka kanssa treenailimme retkeilyjuttuja loppukesän pidempää vaellusta varten. Sissi ei ole mikään kovin kokenut retkikoira, mutta jatkossa olisi tarkoitus harrastaa enemmän koiran kanssa retkeilyä, joten tästä on hyvä aloittaa.

Helvetinjärvi on melko suosittu kohde ja hienot paikat ovat helposti saavutettavissa myös päiväretkinä. Olinkin yllättynyt, kuinka rauhassa saimme olla. Kannattaa selvästi lähteä liikenteeseen sateisena maanantaipäivänä. Kuljimme reissulla käytännössä puiston päästä päähän ja kävimme katsomassa suostuimmat kohteet eli Helvetinkolun ja Haukanhiedan hiekkarannan. Yöpaikan löysimme erittäin hienosta paikasta. Tervetuloa mukaan seikkailuun!

#helvetinjärvi #kansallispuisto #retkikoira #koiravaellus #vaelluskoira #helvetinkolu",UC6Xai82XuTqRCVklRCDJYKA,Longclaw Adventures,10420.0,365.0,92.0,"Hobby,Lifestyle_(sociology),Tourism",,,2023-07-09 05:55:00+00:00,PT35M11S,https://www.youtube.com/watch?v=giJbKO0iBW0,Helvetinjärvi
7r41wKspBSg,Lemmenjoki osa 2: YKSINVAELLUS sivistyksen pariin | LAPPI,"Halusin nähdä Lemmenjoelta muutakin kuin pelkän kultareitin, joten päätin vaeltaa takaisin Njurgulahteen venekyydin sijaan. Katso videolta, kumpi oli nopeampi - vene vai vaeltaja!

#lemmenjoki #lemmenjoenkansallispuisto #kultareitti #lappi #vaellus #lapinvaellus #yksinvaellus #retkeily #kevytretkeily #ulkoilu #elämääulkona #outdoorlife #vaellusvarusteet",UC6Xai82XuTqRCVklRCDJYKA,Longclaw Adventures,4919.0,159.0,9.0,"Hobby,Lifestyle_(sociology),Tourism",68.6388189,25.5985362,2021-07-02 15:00:09+00:00,PT23M26S,https://www.youtube.com/watch?v=7r41wKspBSg,Lemmenjoki
5S7G2p08DhU,Etsimässä lunta Seitsemisen kansallispuistossa | Ensimmäinen yö uudessa talviteltassa,"Tammikuun viimeisenä viikonloppuna oli jo ihan keväiset kelit, joten Pirkanmaalla hiihdettävää umpihankea sai etsiä ihan toden teolla. Onneksi Seitsemisen kansallispuiston soilta löytyi sen verran lunta, että pääsin tekemään yhden yön pulkanvetoharjoituksen. Tarkoituksena oli totutella ahkion vetämiseen, testailla uusia suksia ja pystyttää uusi talviteltta ensimmäistä kertaa. Katso videolta, miten näissä tavoitteissa onnistuttiin.

PS. Nokian panimo on alkanut sponsoroimaan Lonkkarin seikkailuja, joten tämä video on tehty kaupallisessa yhteistyössä Nokian panimon kanssa. 
https://nokianpanimo.fi/",UC6Xai82XuTqRCVklRCDJYKA,Longclaw Adventures,6315.0,288.0,50.0,"Hobby,Lifestyle_(sociology),Tourism",,,2023-01-29 17:48:24+00:00,PT26M48S,https://www.youtube.com/watch?v=5S7G2p08DhU,Seitseminen
R3qt5QzLeRs,"Seikkailu Oulangan Kansallispuistossa | Karhunkierrosta, melontaa ja omia polkuja","Kuusamo ja etenkin Oulangan kansallispuisto ovat mun ehdottomia suosikkikohteita. Kansallispuiston läpi kulkeva Karhunkierros on mahtava reitti, mutta Oulangalta löytyy paljon muutakin hienoa. Tällä reissulla pääsin kokemaan tuttuja kohteita vähän uusista näkökulmista ja kulkemaan ihan omia polkuja suosituimpien reittien ulkopuolella. Tervetuloa mukaan!

#karhunkierros #oulangankansallispuisto #vaellus",UC6Xai82XuTqRCVklRCDJYKA,Longclaw Adventures,9328.0,300.0,73.0,"Hobby,Lifestyle_(sociology),Tourism",,,2021-09-15 17:04:22+00:00,PT45M58S,https://www.youtube.com/watch?v=R3qt5QzLeRs,Oulanka
EcKhcIKYQ5U,Fatbike-testilenkki Isojärven kansallispuiston MTB-reitillä,"Tällä reissulla tutustutaan Isojärven kansallispuiston 16km mittaiseen maastopyöräreittiin ja testaillaan, kuinka fatbike-maastopyörä kulkee monipuolisessa maastossa. Tervetuloa mukaan!

Video on tehty yhteistyössä Heretyn kämppäkahvilaa pyörittävän Outdoor Empire Oy:n kanssa. Sain heiltä fillarin testiin, että pääsin tutustumaan lemppari kansallispuistooni uudella tavalla. Tai no, olen ajanut tämän MTB-reitin aikaisemminkin. Silloin satoi kaatamalla ja ajoimme kaverin kanssa kaikki välimatkat mahdollisimman nopeasti. Tällä reissulla olikin mukava ottaa rauhallisesti ja pysähdellä tutkimaan paikkoja kunnolla - hyvää ruokaa ja kahvia unohtamatta.

Varaa oma vuokrapyörä (tai muita retkivarusteita) osoitteesta: http://isojarvioutdoors.fi/vuokravalineet/

Seuraa meikäläisen seikkailuja myös Instagramissa, kiitos: https://www.instagram.com/longclaw_adventures/

#isojärvenkansallispuisto #fatbike #retkeily",UC6Xai82XuTqRCVklRCDJYKA,Longclaw Adventures,8570.0,288.0,43.0,"Hobby,Lifestyle_(sociology),Tourism",,,2022-06-19 05:45:00+00:00,PT15M48S,https://www.youtube.com/watch?v=EcKhcIKYQ5U,Isojärvi
jpeimwmQ6zA,Hiihtovaelluksen harjoitusretki Torronsuon kansallispuistossa | Eräopasopinnot,"Meidän ryhmän eräopasopintoihin kuuluu viikon hiihtovaellus Lapissa. Ennen pohjoiseen lähtöä kävimme treenaamassa ahkion vetoa ja muita talvitaitoja yhden yön retkellä Torronsuon kansallispuistossa. Oli mahtavaa vihdoin päästä kunnon tuntirisuksille ja ahkion eteen, vaikka se välillä olikin melkoinen kivireki. Tervetuloa mukaan seikkailuun!

PS. Torronsuon kansallispuiston alueella ei sitten saa yöpyä! Lähistöltä löytyy leiripaikkoja, mutta muista tarkistaa niidenkin luvanvaraisuus ennen yöpymistä, kiitos.

Seikkailuja voi seurata myös Instagrammissa. Sivulla on käyty tämän reissunkin kirvoittamana keskustelua mm. ahkioiden vetotavoista ja muusta talviretkeilystä. Osoite on https://www.instagram.com/longclaw_adventures/ - kannattaa laittaa seurantaan!

#talvivaellus #hiihtovaellus #torronsuo",UC6Xai82XuTqRCVklRCDJYKA,Longclaw Adventures,3948.0,212.0,28.0,"Hobby,Lifestyle_(sociology),Tourism",,,2022-03-03 08:54:01+00:00,PT23M4S,https://www.youtube.com/watch?v=jpeimwmQ6zA,Torronsuo
T-bQiK6s-Us,"Nuuksion ensilumi - First Snow in Nuuksio National Park, Finland",,UC6Xai82XuTqRCVklRCDJYKA,Longclaw Adventures,1280.0,42.0,0.0,"Hobby,Lifestyle_(sociology),Tourism",,,2021-11-23 19:38:08+00:00,PT39S,https://www.youtube.com/watch?v=T-bQiK6s-Us,Nuuksio
IjZLijgC0b4,Exped Lightning 60 kevytrinkka | Ensikokemukset Lemmenjoen vaelluksella,"Muiden varusteiden keventyessä alkoi vanha rinkka tuntua vähän turhan painavalta. Uusi rinkkani Exped Lightning 60 on about 2kg edellistä kevyempi. Keveys on kuitenkin tullut tiettyjen ominaisuuksien kustannuksella, joten uuden rinkan kanssa on pitänyt opetella vähän uusia tapoja. Tässä mietteeni ja ensikokemukset neljän päivän Lapinvaellukselta Lemmenjoen kansallispuistossa.

#vaellus #varusteet #kevytretkeily #expedlightning #rinkka #kevytrinkka #retkeily #lappi #lapinvaellus #lemmenjoki #lemmenjoenkansallispuisto #ulkoilu #ulkonaperillä #luontoonfi #luonto #suomi #elämääulkona #suomiretki #outdoorlife",UC6Xai82XuTqRCVklRCDJYKA,Longclaw Adventures,7251.0,238.0,18.0,Lifestyle_(sociology),68.6388189,25.5985362,2021-06-20 06:37:20+00:00,PT11M54S,https://www.youtube.com/watch?v=IjZLijgC0b4,Lemmenjoki
rpTnSp1DYGE,Bikepacking-pyöräretki Nuuksiossa,"Olen reissannut fillarilla paljon, mutta retket on aina tehty kapearenkaisilla fillareilla. Maastopyörällä tehtävät bikepacking-reissut ovat kuitenkin kiinnostaneet jo kauan, joten ei muuta kun tuumasta toimeen. Vielä kun eteen sattui sopivasti kaksipäiväinen maastopyöräkoulutus Nuuksiossa, päätin lähteä testaamaan uudet bikepacking-laukut päivien välillä. Tervetuloa mukaan!

#bikepacking #retkeily #pyörävaellus #pyöräretki #nuuksio #nuuksionkansallispuisto #maastopyörä #riippumattoretkeily #retkeilyvarusteet",UC6Xai82XuTqRCVklRCDJYKA,Longclaw Adventures,5037.0,187.0,22.0,"Hobby,Lifestyle_(sociology),Tourism",,,2021-08-15 05:56:01+00:00,PT14M3S,https://www.youtube.com/watch?v=rpTnSp1DYGE,Nuuksio
4XEM8Q4nYhg,Melontavaellus Saimaalla | Linnansaaren kansallispuisto kesällä 2022 | 4K,"Kesän 2022 merihenkisin reissuni oli tämä kolmen yön melontavaellus Saimaan avarissa maisemissa. Lähdin parin kaverin kanssa tutkimaan Linnansaaren kansallispuistoa ja reissun edetessä aloimme haaveilla saimaannorpan näkemisestä. Reissussa tuli kuin tulikin erilaisia eläinkohtaamisia, katso videolta, oliko kyseessä lopulta norppa.

Videon teossa oli melkoisia vaikeuksia, sillä toisena aamuna huomasin muistikortin tärveltyneen täysin. Ensimmäisen päivän materiaalin menettäminen laski vähän motivaatiota kuvata loppureissua, joten nauhalle tuli  melko paljon puhuvan pään höpöttelyä. Reissu oli kuitenkin mahtava, joten halusin julkaista videon - olkoonkin se tällainen melonta-vlogi tällä kertaa.

Kuvia tältä ja muilta reissuilta löytyy kanavan Instagram-tililta, kannattaa ottaa seurantaan: https://www.instagram.com/longclaw_adventures/

#melontavaellus #kajakki #saimaa #linnansaarenkansallispuisto",UC6Xai82XuTqRCVklRCDJYKA,Longclaw Adventures,3332.0,163.0,26.0,"Hobby,Lifestyle_(sociology),Tourism",,,2022-10-02 05:50:00+00:00,PT24M9S,https://www.youtube.com/watch?v=4XEM8Q4nYhg,Linnansaari
Z68Xzq34L-s,Hengittävä tuulitakki on todella hyvä varuste lähes kaikille vaelluksille! #retkeily #vaellus,,UC6Xai82XuTqRCVklRCDJYKA,Longclaw Adventures,3241.0,113.0,8.0,"Hobby,Lifestyle_(sociology)",66.3717356,29.3078897,2023-09-16 08:07:32+00:00,PT31S,https://www.youtube.com/watch?v=Z68Xzq34L-s,Oulanka
zUFJctic6Xk,Kolmen päivän hiihtovaellus Salamajärven kansallispuistossa | Yksi RANKIMMISTA reissuistani,"Ensimmäinen visiittini Salamajärven kansallispuistoon. Keli oli mahtavan keväinen, mutta lumi-olosuhteet osoittautuivat erittäin haastaviksi. Tältä reissulta tarttui mukaan paljon arvokasta kokemusta. Tervetuloa mukaan!

#salamajärvenkansallispuisto #salamajärvi #kansallispuisto #kansallispuistot #talvivaellus #hiihtovaellus #talviretkeily #retkeily #vaellus #seikkailu #yöulkona #ulkona #ulkonaperillä #luontoonfi #luonto #suomi #elämääulkona #suomiretki

#outdoors #hiking #backpacking #nature #winter #winterhiking #wintercamping #finnishnationalparks",UC6Xai82XuTqRCVklRCDJYKA,Longclaw Adventures,7190.0,200.0,32.0,"Hobby,Lifestyle_(sociology),Tourism",63.2357871,24.8229325,2021-04-04 06:00:57+00:00,PT38M11S,https://www.youtube.com/watch?v=zUFJctic6Xk,Salamajärvi
6o-e3XstBfA,Kultareitti Lemmenjoen kansallispuistossa | LAPPI | Rentoa vaellusta ja mahtavia maisemia,"Tervetuloa mukaan kesän 2021 ensimmäiselle Lapin vaellukselle Lemmenjoen kansallispuistoon. Olin liikkeellä tutulla kaveriporukalla, ja hyvässä seurassa edes ajoittainen sateessa vaeltaminen ei haittannut. Tämä oli mahtava reissu, tervetuloa mukaan seikkailuun!

Kultareitti on noin 25km rengasreitti Lemmenjoen kansallispuiston keskeisimmillä kulta-alueilla. Reitillä on mahtavia maisemia ja vaihtelevaa maastoa, mutta kulkeminen on yllättävänkin helppoa. Lisäksi kaikki retkeilijälle tärkeät asiat ovat kunnossa! Reitiltä löytyy paljon avoimia tupia, leiripaikkoja ja puuliiterit olivat ainakin näin alkukesästä vielä kattoaan myöten täynnä. Halutessaan pelipaikoille pääsee vaikka venekyydillä.

Reissu on jaettu kahteen jaksoon. Seuraava jakso ilmestyy viikon kuluttua!

#lappi #lemmenjoki #vaellus #kultareitti #retkeily #lapinvaellus #lapland #suomi #finland #outdoorlife #ulkoilu #ulkonaperillä #luontoonfi #luonto #elämääulkona #suomiretki #retkiruoka

Musiikit:
Easy Lemon 30 Second by Kevin MacLeod is licensed under a Creative Commons Attribution 4.0 licence. https://creativecommons.org/licenses/by/4.0/
Source: http://incompetech.com/music/royalty-free/index.html?isrc=USUAN1200078
Artist: http://incompetech.com/

Prelude No. 5 by Chris Zabriskie is licensed under a Creative Commons Attribution 4.0 licence. https://creativecommons.org/licenses/by/4.0/
Source: http://chriszabriskie.com/preludes/
Artist: http://chriszabriskie.com/",UC6Xai82XuTqRCVklRCDJYKA,Longclaw Adventures,9976.0,171.0,16.0,"Hobby,Lifestyle_(sociology),Tourism",68.6388189,25.5985362,2021-06-27 05:48:59+00:00,PT39M32S,https://www.youtube.com/watch?v=6o-e3XstBfA,Lemmenjoki
_iFgXHiEcss,Vaelluskamppeita: Kaulapuukko #puukko #edc #bushcraft #vaellus #retkeily #knife #ei-mainos,,UC6Xai82XuTqRCVklRCDJYKA,Longclaw Adventures,4248.0,97.0,7.0,"Lifestyle_(sociology),Tourism",62.0234115,23.8463498,2023-07-18 06:20:13+00:00,PT41S,https://www.youtube.com/watch?v=_iFgXHiEcss,Helvetinjärvi
3_0GV2x87pE,Ensi kertaa NUUKSION kansallispuistossa | Rauhallinen alkukesän telttaretki,"Ensimmäinen kertani Nuuksiossa yllätti minut täysin! Paikkahan on aivan mahtava luontokohde ja nähtävää on vaikka kuinka. Reissu kesti yhteensä kaksi yötä, joskin videolle päätyi vain ensimmäisen yön seikkailut. Näiden kahden yön aikana ei pahamaineista ruuhkista ollut tietoakaan ja saimme olla aivan rauhassa omalla porukalla. Voin lämpimästi suositella Nuuksiota, myös muillekin kuin pääkaupunkiseudulla asuville! 

#retkeily #vaellus #nuuksionkansallispuisto #nuuksio #retkipaikka #haltia #haltiacom #ulkoilu #ulkonaperillä #luontoonfi #luonto #suomi #elämääulkona #suomiretki #retkiruoka

#nuuksionationalpark #hiking #outdoors #backpacking",UC6Xai82XuTqRCVklRCDJYKA,Longclaw Adventures,5579.0,191.0,16.0,"Hobby,Lifestyle_(sociology),Tourism",,,2021-05-23 05:59:49+00:00,PT18M52S,https://www.youtube.com/watch?v=3_0GV2x87pE,Nuuksio
nQ12AugL-6c,Kesäinen yöreissu vaimon ja koiran kanssa | SEITSEMISEN kansallispuisto,"Välillä on mukava lähteä yöretkelle ihan vaan olemaan ja nauttimaan luonnosta. Tällä kertaa sain ilokseni mukaan myös vaimon ja meidän koiran Sissin. Seitsemisessä on paljon eri reittejä, ja tarvittaessa leiripaikkojen lähelle pääsee myös autolla. Tällä reissulla vaellusta tulikin yhteensä ehkä 4km, eikä sen pidempään kesän 2021 helteillä olisi jaksanutkaan. Tervetuloa mukaan fiilistelemään!

#seitseminen #retkeily #kansallispuisto #weekendwarriors #kansallispuistot #vaellus #ulkoilu #ulkonaperillä #luontoonfi #luonto #suomi #elämääulkona #suomiretki #retkiruoka #outdoorlife #retkikoira #kultainennoutaja",UC6Xai82XuTqRCVklRCDJYKA,Longclaw Adventures,3919.0,152.0,12.0,"Hobby,Lifestyle_(sociology),Tourism",,,2021-07-11 05:59:00+00:00,PT13M19S,https://www.youtube.com/watch?v=nQ12AugL-6c,Seitseminen
hAEpTEOPZgU,Kuuden päivän hiihtovaellus Hetta-Pallas -reitillä | Eräopaskoulun vaativa vaellus,"Teimme eräopaskoulun vaativan vaelluksen maaliskuun puolivälissä Hetta - Pallas -reitillä Pallas-Yllästunturin kansallispuistossa Lapissa. 

Viiden yön hiihtovaelluksella pääsimme oppimaan paljon hyödyllisiä talvivaellustaitoja, esimerkiksi täydellisessä whiteout-kelissä suunnistamista ja teltan pystyttämistä myrskytuulessa. Ensimmäinen Lapin hiihtovaellus ei olisi voinut olla tämän parempi.

Pääsimme myös hiihtämään avotunturiin ja tutustumaan legendaariseen vaellusreitin autiotupiin (Hannukuru, Pahakuru, Sioskuru ja Pyhäkero). Kävimme jopa saunassa kesken vaelluksen! 

Tunturimaisemat jäivät odottamaan itsenään, joten tänne pitää palata vielä uudemman kerran, niin kesällä kuin talvellakin. Tervetuloa mukaan seikkailuun!

PS. Laita kanava seurantaan myös Instagrammissa! Sitä kautta saattaa päästä näkemään menoa jo suoraan reissun päältä:  https://www.instagram.com/longclaw_adventures/ 

#hiihtovaellus #hettapallas #pallasyllästunturinkansallispuisto",UC6Xai82XuTqRCVklRCDJYKA,Longclaw Adventures,12414.0,255.0,44.0,"Hobby,Lifestyle_(sociology),Tourism",,,2022-04-14 14:54:24+00:00,PT27M50S,https://www.youtube.com/watch?v=hAEpTEOPZgU,Pallas-Yllästunturi
8SUDL7RFETk,Kevätretki Repoveden Kansallispuistoon | TAKATALVI | Hienot MAISEMAT,"Lähdin parin kaverin kanssa kolmen päivän kevätretkelle Repoveden Kansallispuistoon. Keli oli todella epävakainen ja räntäsateessa oli ajoittain huumori koetuksella. Hyvillä varusteilla pärjättiin kuitenkin, joten Lapinsalmen riippusilta, Olhavan jylhät kalliot ja muut Repoveden nähtävyydet tuli kyllä nähtyä. Täytyy lähteä paremmalla kelillä uudestaan ja kiertää suunniteltu Kaakkurin kierros kokonaan.

#retkeily #repovesi #repovedenkansallispuisto #vaellus #retkiruoka #ulkona #ulkonaperillä #elämääulkona #suomiretki #luonto #telttailu

- - - 
Isolated by Kevin MacLeod is licensed under a Creative Commons Attribution 4.0 licence. https://creativecommons.org/licenses/by/4.0/
Source: http://incompetech.com/music/royalty-free/index.html?isrc=USUAN1100792
Artist: http://incompetech.com/",UC6Xai82XuTqRCVklRCDJYKA,Longclaw Adventures,5915.0,181.0,11.0,"Hobby,Lifestyle_(sociology),Tourism",,,2021-05-02 05:45:01+00:00,PT27M44S,https://www.youtube.com/watch?v=8SUDL7RFETk,Repovesi
WX6aGLlRd_Y,Packrafting Oulanka National Park - Episode VI,"We made with Katja 6 episodes of packrafting videos in the National Park of Oulanka with the commercial collaboration of Basecamp Oulanka. This sixth episode is from river Oulankajoki and its lower parts. We started below the rapid Kiutaköngäs and take out was after 8 km paddling, at the Ansakämppä Wilderness Hut. This river part is completely flat, not any rapids, but fast current. The scenery was again stunning! Then we hiked back 8 km with the Karhunkierros ""Bear Trail"" and we saw the river from a different perspective. I highly recommend this route!

The discharge was 32 m³/s. Check the discharge from here:
https://wwwi2.ymparisto.fi/i2/73/q7300100y/wqfi.html

Oulanka National Park is usually elected to one of the most beautiful National Parks of the whole world. I can tell you, that this is the best way to explore it! Paddle down - hike up! You see it from two totally different perspectives!

BASECAMP OULANKA
https://basecampoulanka.fi/en

We are also working as Finnish customer service in Packraft Europe and we help about questions about packrafts.
https://packrafteurope.com",UC6o98Y6Le6LTlMRyBwN4L4w,Caj Koskinen,2758.0,55.0,25.0,"Hobby,Lifestyle_(sociology),Tourism",66.2902834,29.6440699,2020-09-11 17:47:46+00:00,PT25M25S,https://www.youtube.com/watch?v=WX6aGLlRd_Y,Oulanka
tXf895XKhII,Packrafting Oulanka National Park - Episode II,"We made with Katja 6 episodes of packrafting videos in the National Park of Oulanka with the collaboration of Basecamp Oulanka. This second episode is the lower part of the river Kitkajoki. This part is maybe the most beautiful packrafting place in Finland!

Oulanka National Park is usually elected to one of the most beautiful National Parks of the whole world. I can tell you, that this is the best way to explore it! Paddle down - hike up! You see it from two totally different perspectives!

BASECAMP OULANKA
https://basecampoulanka.fi/en

We are also working as Finnish customer service in Packraft Europe and we help about questions about packrafts.
https://packrafteurope.com",UC6o98Y6Le6LTlMRyBwN4L4w,Caj Koskinen,1958.0,42.0,2.0,"Hobby,Lifestyle_(sociology),Tourism",,,2020-08-11 17:06:40+00:00,PT9M,https://www.youtube.com/watch?v=tXf895XKhII,Oulanka
7IqpXxUcALA,Packrafting Oulanka National Park - Episode I,"I and Katja made 6 episodes of packrafting videos from Oulanka National Park, with the collaboration of Basecamp Oulanka! The first video is from the upper parts of river Kitkajoki.

Oulanka National Park has usually listed one the top-10 National Parks of the whole world because it's so beautiful. Oulanka has to offer may be the most beautiful Finnish rivers for packrafters!

Read to the blog article too: https://www.hutkai.fi/blog/104/the-river-kitkajoki-upper-part/

BASECAMP OULANKA
https://basecampoulanka.fi/en

We are also working as Finnish customer service in Packraft Europe and we help about questions about packrafts.
https://packrafteurope.com",UC6o98Y6Le6LTlMRyBwN4L4w,Caj Koskinen,3898.0,73.0,15.0,"Hobby,Lifestyle_(sociology),Tourism",,,2020-07-27 18:57:59+00:00,PT24M14S,https://www.youtube.com/watch?v=7IqpXxUcALA,Oulanka
jX3srnzD5rw,Packrafting Oulanka National Park - Episode IV,"We made with Katja 6 episodes of packrafting videos in the National Park of Oulanka with the commercial collaboration of Basecamp Oulanka. This fourth episode is from river Kuusinkijoki. With our discharge, it was really fast and cool river to paddle. A couple of bigger waves and drops but not any major rapids in overall. Mostly class I and some class 2.

The discharge was 23 m³/s from the measuring point is just before our starting point. This river part gets it waters from a power plant so discharge can change really suddenly.

Oulanka National Park is usually elected to one of the most beautiful National Parks of the whole world. I can tell you, that this is the best way to explore it! Paddle down - hike up! You see it from two totally different perspectives!

BASECAMP OULANKA
https://basecampoulanka.fi/en

We are also working as Finnish customer service in Packraft Europe and we help about questions about packrafts.
https://packrafteurope.com",UC6o98Y6Le6LTlMRyBwN4L4w,Caj Koskinen,1246.0,20.0,15.0,"Hobby,Lifestyle_(sociology),Tourism",,,2020-08-23 14:27:00+00:00,PT17M18S,https://www.youtube.com/watch?v=jX3srnzD5rw,Oulanka
juypH_b0aBI,Packrafting Liesjärvi National Park,"From the lake Liesjärvi runs down a small river called Turpoonjoki. We have been talking about paddling this boy for a long time, now we finally did it! 

As an Amazon Associate I earn from qualifying purchases:

My camera: Nikon Z6: https://amzn.to/2RvAaEY
and old crappy GoPro Session 4.

I have a down hat from https://gatisoutdoorgear.com/ I like to have that with me just in case because it doesn't weigh anything. It is really warm and blocks the wind nicely!",UC6o98Y6Le6LTlMRyBwN4L4w,Caj Koskinen,2122.0,49.0,7.0,"Hobby,Lifestyle_(sociology),Tourism",,,2020-04-05 19:18:21+00:00,PT16M48S,https://www.youtube.com/watch?v=juypH_b0aBI,Liesjärvi
HET12vv_UjM,Packrafting Hossa National Park,"We had a nice relaxing packrafting trip at the Hossa National Park in September 2020. At the end of the trip, we got a storm on us, but we got safely back home.

Our route shortly was: Put in was at the Lihapyörre lean-to shelter. We paddled down the river Somerjoki, it was too shallow, but we did it anyway. We continued the lake and river system to the south-east: Laukkujärvi - Talasjärvi - Puukkojärvi - Saari-Hoilua - Syvä-Hoilua - Huosiusjärvi - Kenttäjärvi - Jatkonjärvi. We checked the next river, but it was slow carrying to the next lake. Weather Forecast told us a storm was coming so we spent the first night at the lake Jatkonjärvi. The next day we paddled slowly back to the Puukkojärvi lean-to shelter, where we did spend the second night. Then we paddled back to the Laukkujärvi and carried gear to the lake Somer. We did spend our night near the shelter of the Värikallio. Then next morning we paddled to the Somer and left our gear to the Iso-Somero lean-to shelter. We paddled to the other end of the lake and then the storm started. The next night we had to make a decision, that we don't go to the biggest sightseeing, Julma-Ölkky, it was too dangerous. So we slowly paddled back to our car when the wind little bit settled down.

Here is one map of the area: https://julkaisut.metsa.fi/assets/pdf/lp/Esitteet/hossafineng.pdf
The terrain map is here, I marked our put in: https://asiointi.maanmittauslaitos.fi/karttapaikka/?lang=fi&share=customMarker&n=7267176.204631962&e=608836.6921646661&title=Put%20In&desc=Lihapy%C3%B6rre%20lean-to%20shelter&zoom=9&layers=%5B%7B%22id%22:2,%22opacity%22:100%7D%5D

If you want to go there, check Hossa National Park pages for rules. There are some lakes where you are not allowed to paddle: https://www.nationalparks.fi/hossa

We have Alpacka Raft packraft canoe Oryx on this trip. Oryx can carry a lot of gear and it's a nice two-person canoe style packraft. We have bought our packrafts and packrafting gear from www.packrafteurope.com - we both work there also as the Finnish speaking customer service.",UC6o98Y6Le6LTlMRyBwN4L4w,Caj Koskinen,4323.0,89.0,29.0,"Hobby,Lifestyle_(sociology),Tourism",,,2021-02-26 13:45:01+00:00,PT13M53S,https://www.youtube.com/watch?v=HET12vv_UjM,Hossa
5_yzmg1G7nk,Packrafting Oulanka National Park - Episode III,"We made with Katja 6 episodes of packrafting videos in the National Park of Oulanka with the commercial collaboration of Basecamp Oulanka. This third episode is from river Savinajoki. It is a little bit easier and suitable for beginners too, with our flow it was class I-II rapids only. Of course, with spring flood this river is dangerous for even experienced paddlers.

The discharge was 24 m³/s from the measuring point which is after the lake Savilampi and in that point, there are also waters from the Oulankajoki in the same point.

Oulanka National Park is usually elected to one of the most beautiful National Parks of the whole world. I can tell you, that this is the best way to explore it! Paddle down - hike up! You see it from two totally different perspectives!

BASECAMP OULANKA
https://basecampoulanka.fi/en

We are also working as Finnish customer service in Packraft Europe and we help about questions about packrafts.
https://packrafteurope.com",UC6o98Y6Le6LTlMRyBwN4L4w,Caj Koskinen,1557.0,27.0,4.0,"Hobby,Lifestyle_(sociology),Tourism",,,2020-08-19 15:01:51+00:00,PT23M2S,https://www.youtube.com/watch?v=5_yzmg1G7nk,Oulanka
QoP_LFskjfw,Packrafting Oulanka National Park - Episode V,"We made with Katja 6 episodes of packrafting videos in the National Park of Oulanka with the commercial collaboration of Basecamp Oulanka. This fifth episode is from river Oulankajoki and its upperparts. With our discharge, it was a relatively fast and nice river to paddle. One bigger, dangerous rapid Pikkuköngäs, but quite an easy river in overall. Mostly class I and some class 2.

The discharge was 24 m³/s and it was easily doable. Some more water and the rapid Pikkuköngäs is not portable anymore, you need to take out earlier! With high discharge, there is a huge dangerous hole!

Oulanka National Park is usually elected to one of the most beautiful National Parks of the whole world. I can tell you, that this is the best way to explore it! Paddle down - hike up! You see it from two totally different perspectives!

BASECAMP OULANKA
https://basecampoulanka.fi/en

We are also working as Finnish customer service in Packraft Europe and we help about questions about packrafts.
https://packrafteurope.com",UC6o98Y6Le6LTlMRyBwN4L4w,Caj Koskinen,1281.0,29.0,3.0,"Hobby,Lifestyle_(sociology),Tourism",,,2020-09-02 19:07:44+00:00,PT15M37S,https://www.youtube.com/watch?v=QoP_LFskjfw,Oulanka
m-dg6gg2Ta0,Back country skiing trip to the Finnish fjells,"As a final trip with our wilderness guide school, we had a 6 days trips to Finnish Lapland. We started from the town Hetta and skiied to to fjells and back.",UC6o98Y6Le6LTlMRyBwN4L4w,Caj Koskinen,1795.0,48.0,25.0,"Hobby,Lifestyle_(sociology),Tourism",67.9666667,24.1333333,2022-03-17 17:10:59+00:00,PT15M46S,https://www.youtube.com/watch?v=m-dg6gg2Ta0,Pallas-Yllästunturi
9wcqQfV36FA,Rafting Guide Training - Oulanka National Park,I and Katja went to the Oulanka National Park for the rafting guide training. This is part of our Wilderness Guide school.,UC6o98Y6Le6LTlMRyBwN4L4w,Caj Koskinen,1196.0,26.0,7.0,"Hobby,Lifestyle_(sociology)",66.3745719,29.3222341,2021-06-30 18:50:14+00:00,PT44M34S,https://www.youtube.com/watch?v=9wcqQfV36FA,Oulanka
DwGoKt27jo4,Sokosti tunturin huipun kierto helikopterilla,"Käytiin saariselältä maisemalennolla helikopterilla Urho Kekkosen kansallispuistossa. Reitti kulki rumakurun, kiilopään, rautulammen, lankojärven ja luirojärven suuntia Sokostille ja takaisin Saariselälle

#lappi #lapland #inari",UC7kmZinZj2h9L5-NsNMb--A,Astraalilaama,7746.0,123.0,16.0,"Hobby,Lifestyle_(sociology)",68.2333333,28.1666667,2023-02-07 17:00:09+00:00,PT13M41S,https://www.youtube.com/watch?v=DwGoKt27jo4,Urho Kekkonen
YWgjZu6iD2s,"Suomen pisin pulkkamäki, Saariselkä","Suomen suurin pulkkamäki, Saariselkä, Lappi #shorts",UC7kmZinZj2h9L5-NsNMb--A,Astraalilaama,15769.0,459.0,10.0,Lifestyle_(sociology),,,2023-03-14 14:06:36+00:00,PT1M,https://www.youtube.com/watch?v=YWgjZu6iD2s,Urho Kekkonen
dnb0dKhCd5s,Urho Kekkosen Kansallispuisto. Kaatuminen vaarallisessa laskussa karvapohjasuksilla Lapissa.,Neiti kaatui kovasta vauhdista pahassa mutkassa Iisakkipäällä Saariselällä. Alla olleet sukset: Peltonen Karvapohjasukset. #shorts,UC7kmZinZj2h9L5-NsNMb--A,Astraalilaama,3471.0,55.0,3.0,Lifestyle_(sociology),,,2023-03-14 16:17:56+00:00,PT40S,https://www.youtube.com/watch?v=dnb0dKhCd5s,Urho Kekkonen
_jpkXz6IKxE,"Suomen suurin pulkkamäki, Saariselkä","Suomen pisin pulkkamäki on Saariselällä. 1200m lyhimmillään, joka me nyt kiivettiin ja laskettiin. Pisimmillään hiihtohisseille laskettaessa pulkkamäki on pituudeltaan 1800m. Kuvattiin lasku kolmella kameralla: Gopro MAX 360, Hero 7 Black, Hero 4

#lappi #lapland #inari #finland #suomi",UC7kmZinZj2h9L5-NsNMb--A,Astraalilaama,3422.0,44.0,37.0,Lifestyle_(sociology),,,2023-03-14 10:10:45+00:00,PT7M46S,https://www.youtube.com/watch?v=_jpkXz6IKxE,Urho Kekkonen
9cQwa_GWQNQ,Karvapohjasuksilla Saariselällä 15km: Onko hyvät? Laanila-Piispanoja-Rumakuru-Iisakkipää,"Tehtiin päiväretki Urho Kekkosen Kansallispuistossa Peltosen karvapohjasuksilla joissa MOVE-siteet. Tää on enemmänkin retkivideo missä nähdään myös tupia mutta kerron näistä suksista ja siteistä myös reissun aikana omaa kokemustani. UKK-puisto.

#lappi #inari #suomi",UC7kmZinZj2h9L5-NsNMb--A,Astraalilaama,2467.0,34.0,6.0,Lifestyle_(sociology),,,2023-03-26 15:00:11+00:00,PT32M56S,https://www.youtube.com/watch?v=9cQwa_GWQNQ,Urho Kekkonen
KqafvtAinvg,Laskettelurinteen ulkopuolella on oksia. Nurin!,"Ski Saariselkä Laskettelu rinteiden ulkopuolella, Saariselkä, Lappi #shorts #lappi #skiing",UC7kmZinZj2h9L5-NsNMb--A,Astraalilaama,1107.0,16.0,3.0,"Hobby,Lifestyle_(sociology)",,,2023-03-26 17:27:06+00:00,PT35S,https://www.youtube.com/watch?v=KqafvtAinvg,Urho Kekkonen
iOO1sVEKii8,Iisakkipäältä alas sähköläskipyörällä 2019,"Iisakkipäältä alas sähköläskipyörällä. Saariselkä, Finland",UC7kmZinZj2h9L5-NsNMb--A,Astraalilaama,3407.0,27.0,7.0,Lifestyle_(sociology),68.1666667,28.2500001,2019-07-24 16:49:59+00:00,PT10M6S,https://www.youtube.com/watch?v=iOO1sVEKii8,Urho Kekkonen
f-6U9OpY_IQ,Osa 6/6 Paluu kotiin läpi UKK-puiston | Kesäloma Kairassa,"Nyt voinee huudahtaa, että VIIMEINKIN se on valmis! Selityksiä (pääosin hyviäkin) viimeisen jakson viivästymiselle piisaa, mutta nyt on pojat päässeet vihdoin maaliin! Tämän jakson editointi oli allekirjoittaneen (Juhon) heiniä, joten mahdolliset kiukunpurkaukset voi kohdistaa mulle, niin videon laadusta, kuin viivästyksestäkin kumpuavat mielipahat :D Nöyrät pahoittelut odotuttamisesta.

Viimeinen etappi (28.7 - 4.8.2020) alkoi Luttojoen Kolmoskosken niskalta ja päättyi 8 vuorokauden kuluttua Kemijoen rantaan Savukosken tuntumaan. Kalastuksen (ei välineitä mukana) ja melonnan osalta selvästi muita jaksoja maltillisempi video keskittyy enemmän menneiden muisteluun ja fiilistelyyn.

Suuri osa etapista sijoittui drone-lentämisen osalta luvanvaraiselle alueelle, joten jätimme kopterin suosiolla pois koko etapilta.

Koko kesän saldoksi mitattiin n. 1045km melontaa ja 400km patikointia.

SUURI KIITOS kaikille yhteistyötahoille, perheille, ystäville, seuraajille, tsemppaajille, majoittajille, kuljettajille, matkalla kohdatuille, Luojalle, jonka varjeluksessa saimme levollisin mielin taivaltaa upeassa Suomen Lapissa koskesta ja tunturista toiseen.

SINÄ, joka ehkä suunnittelet vastaavaa retkeä tai pientäkin osaa siitä ja kaipaat vinkkiä reittisuunnitelmaan tai varusteisiin liittyen, älä pelkää ottaa yhteyttä. Mikäpä sen mukavampaa kuin jutustella vaeltamisesta, varusteista ja kartoista :) -Juho

Lue lisää reissusta: https://www.kesalomakairassa.fi/seuranta
Blogilinkistä näet koko kesän kuljetun reitin - klikkaa ""näytä kaikki jäljet"", niin koko reitti ilmestyy näkyviin!

Reissussa mukana:
➤ Anar – https://www.anar.fi/
➤ Uhalla – https://uhalla.com/
➤ Melomo – https://www.melomo.fi/
➤ Erikoistukku – https://www.erikoistukku.fi/
➤ Nokian Jalkineet – https://www.nokianjalkineet.fi/
➤ Welhonpesä – https://www.welhonpesa.fi/
➤ K-Market Muoniontori –https://www.k-ruoka.fi/kauppa/k-marke...
➤ K-Market Näätämö – https://www.k-ruoka.fi/kauppa/k-marke...
➤ https://www.youtube.com/Mehtamikko
➤ https://nightsofnorthernlights.com/

Kiitos Opa / Vapaalla jalalla: erinäisistä tietoteknisistä, editointiin ym. liittyvistä vinkeistä ja avuista! Meitä voi bongailla myös osasta Vapaalla jalalla-kanavan videoista.
➤ https://www.youtube.com/vapaallajalalla

Kuvaus ja leikkaus: Teppo Pöyhtäri & Juho Kotiaho
Kuvauskalusto: Olympus OM-D E-M10 Mark II, 12-40mm objektiivi, Olympus TG-5, Gopro 5 ja 7, DJI Mavic Mini.

Musiikit: Juho Kotiaho",UC9X7PDnCgOMtG2JKJfiBqzQ,Kesaloma Kairassa,11387.0,285.0,92.0,"Hobby,Lifestyle_(sociology),Tourism",68.1666667,28.25,2023-02-10 17:00:10+00:00,PT53M55S,https://www.youtube.com/watch?v=f-6U9OpY_IQ,Urho Kekkonen
nWK2r6-5phI,Suiron kuvaamista Liesjärvellä!,"Käytiin testaamassa Liesjärven kansallispuisto pienellä kuvausreissulla! 

Villen video reissusta: https://youtu.be/akKl9mDsQwA


_______________________
Seuraa myös Instagramissa ja Twitterissä @Brauninjesse",UC9jWH7MoBrnoOEz0SYASF4w,Jesse Braun,7691.0,236.0,37.0,"Hobby,Lifestyle_(sociology),Tourism",,,2018-09-09 14:44:13+00:00,PT13M36S,https://www.youtube.com/watch?v=nWK2r6-5phI,Liesjärvi
VmJL2MGBKrk,Liesjärven kansallispuisto peukalolammin esteetön ulkoilu reitti,"Moikka tässä meidän retkeilyä tammelassa ja sopii apuvälineillä liikkuville liikunta rajotteisille…
Liesjärven kansallispuisto tammela.

https://www.tube-keijo.fi/",UCAJiPkLL9eTYqktEPJ13OHQ, Tube-Keijo,2738.0,105.0,38.0,"Hobby,Lifestyle_(sociology)",,,2023-05-20 14:59:48+00:00,PT21M46S,https://www.youtube.com/watch?v=VmJL2MGBKrk,Liesjärvi
xzs4islGCaI,Liesjärven kansallispuisto tammelassa,,UCAJiPkLL9eTYqktEPJ13OHQ, Tube-Keijo,1729.0,61.0,5.0,Lifestyle_(sociology),,,2023-05-20 13:52:23+00:00,PT27S,https://www.youtube.com/watch?v=xzs4islGCaI,Liesjärvi
ZvFyQGP0_qM,Uskomattoman kaunis Riisitunturi- Talvinen seikkailu Lapissa.,Talven ensimmäinen päiväretki minun ehdottomaan suosikkikohteeseen. Ehdottomasti kaunein paikka Lapissa ja koko Suomessa talvella! Ootko samaa mieltä?,UCAKoCx1Zcabp-dyp17dMY5g,Jarcce,2917.0,113.0,20.0,"Hobby,Lifestyle_(sociology),Tourism",,,2023-03-11 13:00:19+00:00,PT17M35S,https://www.youtube.com/watch?v=ZvFyQGP0_qM,Riisitunturi
gKxN_Q8r-O0,Открытие сезона 2019 по Щуке. Ловля Щуки на спиннинг с лодки. Рыбалка в Финляндии. Tammisaari.,"Открыли сезон по щуке в этом году в Финляндии.
Были в районе местности Таммисаари.
С погодой, природой и компанией нам очень повезло, но вот рыба как всегда клевала вчера и завтра :)

Но без рыбки конечно же мы не остались.

Попали в самый нерест щуки. Рыбка в камышах плещется, а приманки атаковать не хочет. 
Те редкие поклевки, что случались - приносили массу удовольствия.

В итоге за 2 дня рыбалки было взято несколько щук. Крупных не было. Мне удалось поймать неплохого окуня.
Очень понравилась местность и расположение кемпингов, в которых мы отдыхали.

Сезон открыт!

----------------------------------------------------------------

Плейлисты:
Летняя рыбалка http://bit.ly/2j0d8CM
Подводная охота http://bit.ly/2jl1t2f
Зимняя рыбалка http://bit.ly/2kg0hRX
Соревнования http://bit.ly/2jl5WCh
Рыбалка в Норвегии http://bit.ly/2jl47W1
Рыбалка в Финляндии http://bit.ly/2jEgLjP

----------------------------------------------------------------

Instagram https://www.instagram.com/juri.garanin/
Facebook https://www.facebook.com/fishkaee/
Vkontakte https://vk.com/fishkaee

----------------------------------------------------------------",UCAf7IlFJgmFLlpzVyF16n0Q,FISHKA,2298.0,114.0,37.0,"Hobby,Lifestyle_(sociology),Pet",,,2019-04-25 12:48:11+00:00,PT24M33S,https://www.youtube.com/watch?v=gKxN_Q8r-O0,Ekenäs Archipelago
7dyTgtFlsHU,Finland. Nuuksio National Park,"#Finlandia #bushcraft #zima
W tym odcinku: włóczęga południową Finlandią, piękne nocne kadry, ognisko, kupujemy drona DJI Mavic 3 Thermal

Wesprzeć walczących z rosyjską agresją można:
69 1050 1445 1000 0090 9009 8402 ING
tytuł: wspieram UA
lub
paypal.me/YaroslavLebidko
lub
Revolut: 4165 9870 1548 7599

Zostań Patronem kanału (support):
https://patronite.pl/Jaskiniowiec
paypal.me/YaroslavLebidko
Instagram: jaskiniowiec_partisan
YouTube: https://youtube.com/@Jaskiniowiec
Moi Patroni: Przemysław Kolorczuk, Janusz ""Żubr"", Tadeusz, Artur W, Robert, Slawik N, Bartosz, Jerzy, Agnieszka i Patryk fra Dalsbygda, Rafał H, Aga, HRDY, Bushmen oraz inni.

Oferuję testy ekwipunku, oraz kierunków wycieczkowo-turystycznych.
e-mail: jaroslaw.lebidko@gmail.com

Mój ekwipunek i ubrania:
Kuchenka FireBoxStove: https://www.fireboxstove.com/5%E2%80%8B-g2-firebox
Kuchenka Survival Kettle, Samotny Wilk light
https://survival-kettle.pl/glowna/12-samotny-wilk-light-kuchenka-turystyczna-na-drewno.html
Patelnia i kociołek (większy) tytanowe Naturehike (!uwaga! Cena dotyczy jednego elementu a nie zestawu): https://www.banggood.com/custlink/mDKKlTDl8l
Latarka ArmyTek Wizard C2 PRO !stały kod rabatowy JASKINIOWIEC-11: http://www.armytek.pl/
Narzędzia rzeźbiarskie: https://beavercrafttools.com/
Tarp Bushmen Ultralight: https://www.bushmen.pl/produkt/ultralight-tarp-3x3-dark-olive/
Śledzie świderki: https://www.bushmen.pl/produkt/ultralight-sledzie-twister/
Krzesiwo: https://www.bushmen.pl/produkt/krzesiwo-rebel/
Namiot: Decathlon, QUECHUA, QUICKHIKER ULTRALIGHT 2-OS.
https://www.decathlon.pl/namiot-trekkingowy-quickhiker-ultralight-2-osobowy-id_8245650.html
Kurtka przeciwdeszczowa: RevolutionRace, Silence Pro Shell, http://bit.ly/JASKINIOWIEC15
Spodnie trekkingowe (zielono-czarne): RevolutionRace, GPX Pro Pants, http://bit.ly/JASKINIOWIEC15
Spodnie trekkingowo-miejskie (zielone): RevolutionRace, Adrenaline Outdoor Jeans Men Dark Olive, http://bit.ly/JASKINIOWIEC15
Bluza trekkingowa: RevolutionRace, Tornado Fleece Men Anthracite, http://bit.ly/JASKINIOWIEC15
Zestaw przeciwdeszczowy czarny Decathlon: kurtka WTP - MH900, spodnie Trek 500
Stuptuty: Helikon-Tex, Long Gaiters, PenCott GreenZone
Buty: Salomon 4D GTX
Plecak 65 L: #MysteryRanch model Bridger 65 (testowy model na 2022)
https://www.mysteryranch.com/
Plecak modułowy 32 L: HARDY Asymmetric https://hrdy.pl/index.php/produkt/as/
Plecak 20 L: Decathlon, QUECHUA, MH500 20 L, 8382981
https://www.decathlon.pl/plecak-turystyczny-forclaz-20-air-mski-id_8382981.html
Nerka 5 L: Decathlon, FORCLAZ, SASZETKA TURYSTYCZNA 5 L, 8492583
https://www.decathlon.pl/saszetka-na-pasku-redni-model-id_8492583.html
Śpiwór +10°C: Decathlon, FORCLAZ, TREK 900 10°C PUCHOWY, 8492707
https://www.decathlon.pl/piwor-trek-900-10c-puchowy-id_8492707.html

#bushcraft, #kuchniapolowa, #las, #wyprawa, #oboz, #biwak, #samotnanocwlesie, #ognisko, #steak, #tarp, #woodcraft, #survival, #outdoor, #bushcraftknive, #mora, #moraknive, #Jaskiniowiec, #RevolutionRace, #natureisourplayground, #beavercraft, #hiking, #outdoor, #hikewithdog, #hikingwithdog, #hike, #leśnejezioro, #forestlake, #jezioro, #trzęsowisko, #przygoda, #adventure, #wędrówka, #hamak, #podróże, #natura, #armytek, #hrdy, #hrdyasymmetric, #mysteryranch,",UCBIJ42YHjV4vdfDb-pcW-Uw,Jaskiniowiec,4096.0,236.0,84.0,"Hobby,Lifestyle_(sociology),Tourism",,,2022-12-17 19:10:00+00:00,PT53M50S,https://www.youtube.com/watch?v=7dyTgtFlsHU,Nuuksio
8qenOpIWB-M,"Nuuksio National Park, Espoo, Finland","Music: Night by Ikson 
Soundcloud: https://soundcloud.com/ikson
Ikson´s YouTube: https://www.youtube.com/channel/UCyB3YiRU9OXJgIkRi-Z3wEA

About Location:
Nuuksio National Park is one of Finland's 40 national parks. Established in 1994, the park spreads over an area of forests and lakes in Espoo, Kirkkonummi and Vihti. Located in north-west from Helsinki,  less than 30 kilometers from downtown Helsinki, the park can easily be reached by public transportation. Bus 245A leaves from Espoon keskus to Nuuksionpää and Kattila during daytime.
Finnish Jungles and National Parks are very peaceful and lovely.

Date: 21st September, 2020

Instagram: https://www.instagram.com/majidhussainraza/",UCBmJUAXrPv7-tc9MMAuPqVg,Majid Hussain Raza,1294.0,61.0,12.0,"Lifestyle_(sociology),Tourism",,,2020-11-01 16:57:01+00:00,PT2M49S,https://www.youtube.com/watch?v=8qenOpIWB-M,Nuuksio
thA2TKPr4Ro,Weekly vlog #23: Summer night adventure!,"We did extempore adventure trip to Helvetinjärvi (=Lake of Hell), which is beautiful camping place in Ruovesi.

Music: 
Collapsing - Johan Börjesson
Barefoot feelings 4 - Bo Järpehag",UCC5vubsnFBpy-lFB8S8rZEg,Anni´s show ,8571.0,716.0,307.0,"Hobby,Lifestyle_(sociology),Tourism",,,2018-07-03 13:01:09+00:00,PT8M47S,https://www.youtube.com/watch?v=thA2TKPr4Ro,Helvetinjärvi
uoADXZkm5mg,Helvetinjärven kansallispuisto - Yhden yön reissu,"Käytiin Santerin kanssa ensimmäistä kertaa Helvetinjärven kansallispuistossa Ruovedellä, Pirkanmaalla. Tehtiin elokuinen yhden yön retki eli paljon jäi vielä nähtävää seuraaville reissuille.

Helvetinjärven kansallispuisto on Pirkanmaalla Ruoveden kunnassa sijaitseva vuonna 1982 perustettu, 49,8 neliökilometrin laajuinen kansallispuisto, jonka hoidosta vastaa Metsähallitus. Helvetinjärveä luonnehtivat miljoonia vuosia vanhat rotkolaaksot, jotka luovat pirkanmaalaiseen ikimetsään jylhän ja vaihtelevan luonteen. Alueen useista rotkoista tunnetuin on varsinaisen Helvetinjärven kaakkoiskulmassa sijaitseva Helvetinkolu, joka on ollut tunnettu matkailunähtävyys jo 1800-luvulla. (Lähde: https://fi.wikipedia.org/wiki/Helvetinj%C3%A4rven_kansallispuisto)

-------
🔹Instagram: @samulinmatkassa https://instagram.com/samulinmatkassa/

Musiikki: 
Scott Buckley https://www.scottbuckley.com.au/library",UCCRjESNsHoK3LuWd-PrQrsg,Samulin Matkassa,1392.0,24.0,1.0,"Hobby,Lifestyle_(sociology),Tourism",62.0234115,23.8463498,2020-10-12 14:38:42+00:00,PT10M11S,https://www.youtube.com/watch?v=uoADXZkm5mg,Helvetinjärvi
JAv_uCPQtWs,"LIVE: Walk around wintery village of Äkäslompolo, Ylläs Lapland!","If you are enjoying our shows, you can suport is at: https://www.buymeacoffee.com/allaboutlapland",UCCUKP17bb2mGPdYg6ZJwtPg,All About Lapland,14983.0,115.0,7.0,"Lifestyle_(sociology),Tourism",,,2021-01-25 01:53:53+00:00,PT28M37S,https://www.youtube.com/watch?v=JAv_uCPQtWs,Pallas-Yllästunturi
Ye-Awo79-qA,Polar Explorer Icebreaker in Sweden!,Floating in the icy waters of Bothnian Bay during a cruise on Polar Explorer icebreaker in Swedish Lapland! Find out more at icebreaker.fi,UCCUKP17bb2mGPdYg6ZJwtPg,All About Lapland,1019.0,34.0,4.0,"Lifestyle_(sociology),Tourism",,,2021-12-12 09:13:50+00:00,PT6M14S,https://www.youtube.com/watch?v=Ye-Awo79-qA,Bothnian Bay
cGAVVOtmryE,Pyhä Ski Resort in Lapland Finland,"Pyhä Ski Resort is an amazing paradise for skiers, hidden in the fells of Pyhä-Luosto National Park. See how beautiful this place is! www.pyha.fi",UCCUKP17bb2mGPdYg6ZJwtPg,All About Lapland,3501.0,11.0,0.0,"Lifestyle_(sociology),Tourism",,,2018-02-12 12:20:58+00:00,PT1M,https://www.youtube.com/watch?v=cGAVVOtmryE,Pyhä-Luosto
-y7psS450mE,A Fairytale Land of Snow at Riisitunturi National Park- Lapland,"Winter brings to life the LAPLAND FINLAND spruce trees that have turned into ice sculptures- at temperatures of negative 30-50 degrees farenheit, some bearing up to 3,000 pounds in weight of snow, and standing at over 200-300 m in height! At close to 80 km in size, this beautiful treasure, in Posio, is one of the most beautiful places on earth to truly see nature ‘alive!’
#Riisitunturi National Park

#riisitunturi #sony #dji",UCCWOK3vK9-6ayLQZTOcHNHw,Photography by Petrova ,1101.0,4.0,0.0,"Lifestyle_(sociology),Tourism",,,2022-07-24 16:53:32+00:00,PT3M41S,https://www.youtube.com/watch?v=-y7psS450mE,Riisitunturi
907OYEeCYos,Liesjärvi National Park - Autumn in Finland,,UCF1QkOrhIPdfQgIlEKIKMoQ,Khalid Siddeeq,3086.0,207.0,37.0,"Lifestyle_(sociology),Tourism",,,2021-10-02 19:16:07+00:00,PT3M58S,https://www.youtube.com/watch?v=907OYEeCYos,Liesjärvi
kWHsaQ1A3lE,Patikointia Salamajärven Kansallispuistossa - Kesäyö Talviahossa,"Retki Salamajärven Kansallispuistoon. Yötä Talviahon tulipaikalla. Hieno paikka Koirajoen rannassa. Lähtö Kinnulan tieltä josta pääsee heti Salamajärven Kansallispuistoon. Ajankohtana Heinäkuun puoliväli. Oman haasteensa asettaa lähes hellelukemat mittarissa ja hyttyset siihen päälle. Reitillä Salamajärven Kansallispuiston vanhimpia metsiä. Komeita vanhoja mäntyjä ja hienoja kelopuita. Retkiruuan kokkailua nuotiolla ja rentoa leirielämää myös luvassa. Majoitteena tällä kertaa riippumatto. Dd Hammockin frontline.

Lisää erä ja luontojuttuja www.instagram.com/tannejarvainen",UCF1vPSRtGiUFn7I6ZSdkRMw,tannejarvainen,1497.0,92.0,23.0,"Hobby,Lifestyle_(sociology),Tourism",63.2357871,24.8229325,2023-07-15 04:06:34+00:00,PT18M3S,https://www.youtube.com/watch?v=kWHsaQ1A3lE,Salamajärvi
Zq7-am-t7Ck,Peuranpolulla - Retki Salamajärven Kansallispuistoon,"2 päivän retki Salamajärven Kansallispuistoon.  Alku menee Peuranpolkua. Reitti menee osittain myös Hirvaankierrosta ja Vaatimenkierrosta. Lähtö Koirasalmen luontotuvalta. Yöpyminen Tavilammella Heikinjärvennevan vieressä. Majoitteena tällä kertaa riippumatto. Komeaa metsä ja suomaisemaa. Auringonlaskun ja nousun fiilistelyä suon laidalla. Vierailu Heikinjärvennevan lintutornissa. Tulipaikkojen esittelyä. Heikinjärvi, Ruuhilampi, Tavilampi, Hiiliniemi, Pahkahonganlahti ja Pyydyskoski.

Lisää erä- ja luontojuttuja
www.instagram.com/tannejarvainen",UCF1vPSRtGiUFn7I6ZSdkRMw,tannejarvainen,3308.0,114.0,44.0,"Hobby,Lifestyle_(sociology),Tourism",63.2357871,24.8229325,2022-09-01 12:30:26+00:00,PT42M18S,https://www.youtube.com/watch?v=Zq7-am-t7Ck,Salamajärvi
oOSY6qYHPBE,Alkutalven retki Salamajärven Kansallispuistoon - Yötä pienessä autiotuvassa,"Alkutalven retki Salamajärven Kansallispuistoon. Yövyn Pitkälahden autiotuvassa. Kokkailen nuotiolla ruokaa ja vietän rentoa leirielämää. Autiotupa on pieni ja vaatimaton mutta erittäin viihtyisä. Pihapiiristä löytyy nuotiopaikka, liiteri ja huussi. Vähän matkan päässä järven rannassa toinen nuotiopaikka ja vedenottopaikka. Teen myös pienen patikan autiotuvalta tervahautaa katsomaan erään suon laitaan.

Lisää erä ja luontojuttuja www.instagram.com/tannejarvainen",UCF1vPSRtGiUFn7I6ZSdkRMw,tannejarvainen,4381.0,129.0,40.0,"Hobby,Lifestyle_(sociology),Tourism",63.2357871,24.8229325,2022-11-26 15:46:45+00:00,PT30M25S,https://www.youtube.com/watch?v=oOSY6qYHPBE,Salamajärvi
FUJRexzgTsk,Melontaretki Salamajärven Kansallispuistoon - Kalastelua ja yöpyminen Iso-Koirajärvellä,"Yönyli melontaretki Salamajärven Kansallispuistoon Iso-Koirajärvelle. Kulkupelinä ilmatäytteinen kanootti. Luvassa kalastusta ja leirielämää. Valmistan retkiruokaa ja retkiherkkuja. Retkiruokana helppo kalapasta. Retkiherkkuina trangialla valmistettua pullaa ja lättyjä. Testissä ekaa kertaa pieni yhden hengen teltta jolla painoa alle kilo. Kalastusta kanootista

Lopussa pilalle menneitä otoksia.

Lisää erä ja luontojuttuja:
instagram.com/tannejarvainen",UCF1vPSRtGiUFn7I6ZSdkRMw,tannejarvainen,3453.0,81.0,13.0,"Hobby,Lifestyle_(sociology),Tourism",63.2357871,24.8229325,2022-06-13 07:43:16+00:00,PT42M52S,https://www.youtube.com/watch?v=FUJRexzgTsk,Salamajärvi
nKK_K1U50JA,Etelä-Suomen hienoin metsä - Retki Pyhä-Häkin Kansallispuistoon,"Yhden yön retki Pyhä-Häkin Kansallispuistoon. Jossain sanottu että Etelä-Suomen hienoin vanha metsä. Paikoin yli 400 vuotta vanhaa aarniometsää. Kierrän Kotajärven polun joka on 6,5km pitkä. Yövyn Kotajärvellä kauniin metsälammen rannalla. Majoitteena yhden hengen teltta. Kokkailen helppoa retkiruokaa nuotiolla ja viettelen rentoa leirielämää.

Lisää erä- ja luontojuttuja
www.instagram.com/tannejarvainen",UCF1vPSRtGiUFn7I6ZSdkRMw,tannejarvainen,4127.0,139.0,21.0,"Hobby,Lifestyle_(sociology),Tourism",62.8448328,25.4693978,2022-09-20 15:08:56+00:00,PT32M3S,https://www.youtube.com/watch?v=nKK_K1U50JA,Pyhä-Häkki
n65wfC5Usn0,Yönyliretki Urho Kekkosen Kansallispuistoon - Kukkelilenkki ja Sotahistoriapolku,"Yönyliretki Urho Kekkosen Kansallispuiston laitamille Tankavaaraan. Kuukkelilenkin ja Sotahistoriapolun kiertäminen. Yöpyminen teltassa reitin varrella olevalla tulipaikalla. Reitti vie Pikkutankavaaran päälle jossa näkötorni.
Helppo 6 kilometrin päiväretkikohde Urho Kekkosen Kansallispuistossa. Reitti mahdollista tehdä lyhyempänä. Vaihtoehtoina 3km Koppelolenkki ja 1km Urpiaisenlenkki.

Lisää erä ja luontojuttuja:
instagram.com/tannejarvainen",UCF1vPSRtGiUFn7I6ZSdkRMw,tannejarvainen,1475.0,53.0,5.0,"Hobby,Lifestyle_(sociology),Tourism",68.1666667,28.25,2022-07-29 14:45:56+00:00,PT22M4S,https://www.youtube.com/watch?v=n65wfC5Usn0,Urho Kekkonen
iJ0qGjhOozU,Meloen Salamajärven Kansallispuistoon - Kesäyö Jyrkkäniemessä,"Melontaretki Salamajärven Kansallispuistoon. Lähtö Salamajärven rannalta josta suunta kohti Salmijärveä ja sielä sijaitsevaa Jyrkkäniemen tulipaikkaa. Yövyn sielä ja seuraavana päivänä melon Pitkälahden autiotuvalle. Melontareitti myötäilee Salamajärven melontareittiä. Kulkupelinä alla Sevylorin ilmatäytteinen kajakki. Ei mikään yhtä kevyt kuin packraft mutta menee näppärästi takaluukkuun.

Lisää erä ja luontojuttuja www.instagram.com/tannejarvainen",UCF1vPSRtGiUFn7I6ZSdkRMw,tannejarvainen,1482.0,118.0,32.0,"Hobby,Lifestyle_(sociology),Tourism",63.2357871,24.8229325,2023-06-25 04:20:06+00:00,PT25M24S,https://www.youtube.com/watch?v=iJ0qGjhOozU,Salamajärvi
ckbxfZWCwVM,Eteläsuomen hienoin metsä #shorts #retkeily #kansallispuisto #vaellus #retki #luonto #Pyhä-Häkki,,UCF1vPSRtGiUFn7I6ZSdkRMw,tannejarvainen,1454.0,43.0,0.0,"Hobby,Lifestyle_(sociology),Tourism",,,2022-09-22 05:17:49+00:00,PT37S,https://www.youtube.com/watch?v=ckbxfZWCwVM,Pyhä-Häkki
D-Ck6d4ogBQ,Syksyn aloitus Salamajärvellä - Yö suon laidalla,"Syyskuun alun reissu Salamajärven Kansallispuistoon. Lähtö Sysilammen parkkipaikalta ja leiripaikkana Tavilammen tulipaikka. Välietappina niittysauna Kauluksen kämppä. Yövyn kevyessä yhden hengen teltassa (3F UL Gear Lanshan 1 2021 pro). Retkiruokaa ja nuotiolla fiilistelyä. Heikinjärvenneva tarjosi parhaita puoliaan valokuvauksen suhteen. Oli oikein komea yö ja aamu.

Lisää erä ja luontojuttuja 
www.instagram.com/tannejarvainen",UCF1vPSRtGiUFn7I6ZSdkRMw,tannejarvainen,2873.0,153.0,36.0,"Hobby,Lifestyle_(sociology),Tourism",63.2357871,24.8229325,2023-09-10 05:37:00+00:00,PT22M1S,https://www.youtube.com/watch?v=D-Ck6d4ogBQ,Salamajärvi
_DUpDzVmeXM,Kukastunturin huiputus -  Pallas-Yllästunturin Kansallispuisto,"Kukastunturin huiputus Pallas-Yllästunturin Kansallispuistossa. Lähtö Navetta-Gallerian pihalta Karilasta Äkäslompolossa. Kävelyä yhteen suuntaan 4km helpossa maastossa. Nousu aika helppoa ja loivaa. Kukastunturilta on komeat näkymät Ylläksen ja Äkäslompolon suuntiin. Toisessa suunnassa Pallastunturit siintävät horisontissa. Tunturissa mulla on pienet juhlat erään saavutuksen johdosta.

Lisää erä ja luontojuttuja www.instagram.com/tannejarvainen",UCF1vPSRtGiUFn7I6ZSdkRMw,tannejarvainen,1182.0,101.0,32.0,"Hobby,Lifestyle_(sociology),Tourism",67.9666667,24.1333333,2023-07-08 05:51:33+00:00,PT8M5S,https://www.youtube.com/watch?v=_DUpDzVmeXM,Pallas-Yllästunturi
qqXD8mRhoic,Lemmenjoki - Vaellus kultamaille,"Vaellus Lemmenjoen Kansallispuistoon. Kierrän Lemmenjoen Kultareitin. Lähtöpisteenä Ravadasköngäs jonne menen jokiveneen kyydissä. Sieltä lähden kiertämään Mattit Ravadaksen suuntaan. Vierailen Korhosen kirjastossa Jäkäläpäällä jossa vieressä myös lentokenttä tunturin huipulla. Kaikkien Kultareitin taukopaikkojen esittely. Koitan myös kalaonneani Lemmenjoessa. Hyviä retkiruoka vinkkejä myös jaossa ja varuste vinkkejä. 

Lisää erä ja luontojuttuja 
www.instagram.com/tannejarvainen",UCF1vPSRtGiUFn7I6ZSdkRMw,tannejarvainen,6437.0,216.0,53.0,"Hobby,Lifestyle_(sociology),Tourism",68.6388189,25.5985362,2023-08-14 15:27:15+00:00,PT48M7S,https://www.youtube.com/watch?v=qqXD8mRhoic,Lemmenjoki
bhlo3LEuscU,Ukselman ja Sokostin helmoja kierrellen UKK-puistossa kesän 2021 lopussa OSA 1,"Elokuun viimeisellä viikolla sain vihdoin ulotettua retken Urho Kekkosen kansallispuiston kaukaisimpiin osiin kuusirajan eteläpuolelle. Kahdeksan päivää maastossa niin ehti. Tälläkin kertaa löytyi käsittämättömän hienoja paikkoja, sekä leiriksi, että satunnaisiin taukoihin. Lähtö ja paluu Aittajärveltä. Ukselmakurun ja Anterinjoen latvojen kautta Kärppäpäälle ja kipeytyneen polven takia polkuja pitkin takaisin. Alamäet oli myrkkyä, tasaisella pystyi kulkemaan. Säät suosi, ensimmäisenä iltana ja yönä sateen hentoa ripsimistä, kahtena viimeisenä päivänä sadekuuroja. Kulkemisen kannalta olisi voinut olla viileämpääkin, parina yönä lämpötila kävi nollassa tai sen alla. Ei mainittavasti hyttysiä tai muitakaan öttiäisiä. Kilometrejä tuli tälläkin kertaa noin 70. Tässä osassa kolme ensimmäistä päivää. Ja linkki toiseen osaan:  https://youtu.be/oVuvnpIsStg",UCFpswDphdZ-6wu4GqWZ-JBA,Jouni Riihelä,10203.0,212.0,32.0,"Hobby,Lifestyle_(sociology),Tourism",68.1666667,28.25,2021-09-22 06:37:47+00:00,PT43M58S,https://www.youtube.com/watch?v=bhlo3LEuscU,Urho Kekkonen
fe9l9-3OB1M,Sopulien toivossa Anterille - juhannus 2020 UKK ssa,"Kesäkuun puolivälin jälkeen tuli taas vietettyä viikko Urho Kekkosen kansallispuistossa. Lähtö Raja-Joosepista 17.6 ja paluu samaan paikkaan 23.6. Reitti suunnilleen Kiertämäjoki - Hangasoja - Sara-Pieran Muurivaara - Anterijoki - Anteripää - Anterijoki - Rovapää - Maalpurinoja - Peuranampumapää - Harrijärvi - Raja-Jooseppi. Matkaa n. 70km. Yhtenä iltana sadekuurot ropisi tunnin verran teltan kattoon, lisäksi yksi kulkemiseen hyvä viileä päivä, muuten tukalan kuuma.",UCFpswDphdZ-6wu4GqWZ-JBA,Jouni Riihelä,20984.0,290.0,37.0,"Hobby,Lifestyle_(sociology),Tourism",68.1666667,28.2500001,2020-08-08 07:30:23+00:00,PT1H8M28S,https://www.youtube.com/watch?v=fe9l9-3OB1M,Urho Kekkonen
oVuvnpIsStg,Ukselman ja Sokostin helmoja kierrellen UKK-puistossa kesän 2021 lopussa OSA 2,Kahdeksan päivän vaellus elokuun lopussa Urho Kekkosen kansallispuistossa. Enemmän ensimmäisen osan kuvauksessa. Tässä viisi viimeistä päivää. Ja tässä linkki ensimmäiseen osaan: https://youtu.be/bhlo3LEuscU,UCFpswDphdZ-6wu4GqWZ-JBA,Jouni Riihelä,11984.0,226.0,45.0,"Hobby,Lifestyle_(sociology),Tourism",68.1666667,28.25,2021-09-22 06:39:51+00:00,PT59M25S,https://www.youtube.com/watch?v=oVuvnpIsStg,Urho Kekkonen
vujLd3MkPC0,Lumeton helmikuun iltapäivä Liesjärven kansallispuistossa 2020,"Helmikuun alussa tein Liesjärven kansallispuistossa muutaman kilometrin kierroksen. Kuljin merkittyjä polkuja pitkin Pitkäkärkeen ja sieltä Ahonnokan vanhaan metsään. Metsä oli hiljainen ja lumeton, järvi jäätymässä. Tiaisia ja käpylintuja kuului välillä, muutama käpytikka nakutteli pajallaan. Mikrofoni uhohtui kotiin, paha takaisku, kun videointiin paremmin sopivan kameran kiinteä mikki ei toimi, tai toimii silloin tällöin. Onneksi oli molemmat kamerat mukana, pidin toista päällä kulkiessani, jotta sain askelten äänet mukaan. Lisäksi äänitin seuraavalla viikolla tiaisten ääniä kotoa. Näistä syistä johtuen äänet on mitä on.",UCFpswDphdZ-6wu4GqWZ-JBA,Jouni Riihelä,1950.0,58.0,8.0,"Hobby,Lifestyle_(sociology),Tourism",60.6535892,23.8977183,2020-03-13 17:45:25+00:00,PT11M43S,https://www.youtube.com/watch?v=vujLd3MkPC0,Liesjärvi
9VYN7FOYgV4,Urho Kekkosen kansallispuiston länsiosissa syksyllä 2022,"Vuoden viimeinen retki tuli tehtyä helpompikulkuiseen maastoon kuin edelliset. Ruskan kannalta paras viikko oli niin sateinen, että lykkäsin lähtöä viikolla. Sään kannalta valinta oli oikea, mutta ruskan kannalta huono: lehdet oli pääosin pudonneet puista. Maassa ruska kuitenkin aina säilyy ja muutamat revontulet ja laaksoissa makaava usva, sekä hienot havumetsät teki taas hyvän retken.",UCFpswDphdZ-6wu4GqWZ-JBA,Jouni Riihelä,15925.0,321.0,64.0,"Hobby,Lifestyle_(sociology),Tourism",68.1666667,28.25,2023-01-08 09:57:47+00:00,PT1H4M50S,https://www.youtube.com/watch?v=9VYN7FOYgV4,Urho Kekkonen
3OUmi-jpa68,Fjell Wanderung mit Rentieren und grandioser Aussicht: Nationalpark Pallas Yllästunturi in Finnland,"Ich fahre von Schweden nach Finnland in den Pallas-Yllästunturi-Nationalpark. Das ist der drittgrößte Nationalpark in Finnland und der Meist-Besuchte. Hier wandere ich auf den Taivaskero, den höchsten Berg im Nationalpark. Diese ganz spezielle Fjell-Landschaft über der Baumgrenze mit grandiosen Ausblicken auf endlose Landschaft mit Wäldern und Seen und der raue steinige Gipfel haben mich sehr fasziniert. Unterwegs besuchen mich zauberhafte Rentiere.

✅ Alle Infos zum Nationalpark und zur Wanderung:
► https://www.jaybe.tv/blog/pallas-yllastunturi-nationalpark

✅ Entdecke die ganzen Etappen dieser Skandinavien-Reise:
► https://www.youtube.com/playlist?list=PLJFeUOSzTUQMy1ig3BcRB7GDdlTgtdC73

✅ Nationalparks und Ziele in Skandinavien: 
►https://www.jaybe.tv/skandinavien

✅ Nationalparkführer Schweden mit allen 30 Nationalparks
► https://www.jaybe.tv/blog/schweden-nationalparks

✅ Entdecke meine Skandinavien-Reisen: 
► 3 Monate Schwedens wilde Natur https://bit.ly/schweden-2020
► 2 Monate Schweden & Norwegen: https://bit.ly/schweden-norwegen-2019
► 1 Woche Schweden Roadtrip: https://goo.gl/4oc8MN
► 4 Wochen alleine im Minicamper bis zu den Lofoten:
https://www.jaybe.tv/blog/norwegen-minicamper-roadtrip

▬▬ Meine Ausrüstung*  ▬▬▬▬

► Rucksack Mardingtop 35L/40L https://amzn.to/3MuTIUO
► Fjällräven Hut Marlin Mosquito https://amzn.to/3z8axkk
► Fjällräven Hose Barents Pro https://amzn.to/3kGFvZb

#nationalpark #wohnmobilreisen #finnland 

▬▬ Über 300 Videos für Dich ▬▬▬▬

Eine Übersicht aller meiner Videos & Themen findest Du hier:
► https://www.jaybe.tv/jaybe-youtube-videos

▬▬ Kaffeespende für mich ▬▬▬▬

https://www.paypal.me/JuergenBrocke
Danke für Deine Unterstützung und Deine Wertschätzung!

▬▬ Musik  ▬▬▬▬
Musik: Epidemic Sound (https://www.epidemicsound.com/referral/1epgxz/)

Top-Musik für YouTuber inkl. günstige Lizenzen*.

▬▬ Folge mir im Web ▬▬▬▬
Webseite: https://www.JayBe.tv
YouTube-Kanal abonnieren: http://goo.gl/25S6NI
Telegram https://t.me/JayBeTV
Facebook-Seite: https://www.facebook.com/JayBe.tv/
Instagram: https://www.instagram.com/jaybe.tv/
Komoot: https://www.komoot.de/user/josch23

▬▬  HINWEISE & Fussnoten ▬▬▬▬
Produkt-Links die mit * gekennzeichnet sind, sind Affiliate-Links. Wenn Du über diese Links etwas kaufst, erhalte ich vom Händler eine kleine Provision, ohne das sich für Dich der Preis ändert! Als Amazon-Partner verdiene ich an qualifizierten Verkäufen.",UCG614ZRaNp2S5uACi5Lr9vQ,JayBe Outdoor TV,4092.0,311.0,37.0,"Hobby,Lifestyle_(sociology),Tourism",67.9666667,24.1333333,2022-07-17 16:00:02+00:00,PT17M34S,https://www.youtube.com/watch?v=3OUmi-jpa68,Pallas-Yllästunturi
sfRF4AW1Rrc,Hitze & Mücken im Nationalpark Lemmenjoki - Flucht aus Finnland,"Ich besuche den Nationalpark Lemmenjoki in Finnland. Um dort hinzukommen muss ich über 50km Lehm-Schotterpiste fahren, die berüchtigte finnische Waschbrett-Piste.
Mein Besuch ist leider von schwierigen Bedingungen geprägt. Hitze und Mücken machen mir zu schaffen. Ausserdem habe ich eine Wald-Seen Übersättigung ;-) Deshalb verlasse ich Finnland doch sehr viel schneller als ursprünglich gedacht. Wie es weiter geht erzähle ich Euch auch im Video.

✅ Alle Infos zum Nationalpark und zur Wanderung:
► https://www.jaybe.tv/blog/

✅ Hier gehts weiter: Schweden - Finnland - Norwegen Abenteuer Rundreise
► https://www.youtube.com/playlist?list=PLJFeUOSzTUQMy1ig3BcRB7GDdlTgtdC73

✅ Nationalparks und Ziele in Skandinavien: 
►https://www.jaybe.tv/skandinavien

✅ Nationalparkführer Schweden mit allen 30 Nationalparks
► https://www.jaybe.tv/blog/schweden-nationalparks

#nationalpark #wohnmobilreisen #finnland 

▬▬ Über 300 Videos für Dich ▬▬▬▬

Eine Übersicht aller meiner Videos & Themen findest Du hier:
► https://www.jaybe.tv/jaybe-youtube-videos

▬▬ Kaffeespende für mich ▬▬▬▬

https://www.paypal.me/JuergenBrocke
Danke für Deine Unterstützung und Deine Wertschätzung!

▬▬ Musik  ▬▬▬▬
Musik: Epidemic Sound (https://www.epidemicsound.com/referral/1epgxz/)

Top-Musik für YouTuber inkl. günstige Lizenzen*.

▬▬ Folge mir im Web ▬▬▬▬
Webseite: https://www.JayBe.tv
YouTube-Kanal abonnieren: http://goo.gl/25S6NI
Telegram https://t.me/JayBeTV
Facebook-Seite: https://www.facebook.com/JayBe.tv/
Instagram: https://www.instagram.com/jaybe.tv/
Komoot: https://www.komoot.de/user/josch23

▬▬  HINWEISE & Fussnoten ▬▬▬▬
Produkt-Links die mit * gekennzeichnet sind, sind Affiliate-Links. Wenn Du über diese Links etwas kaufst, erhalte ich vom Händler eine kleine Provision, ohne das sich für Dich der Preis ändert! Als Amazon-Partner verdiene ich an qualifizierten Verkäufen.",UCG614ZRaNp2S5uACi5Lr9vQ,JayBe Outdoor TV,7001.0,400.0,46.0,"Hobby,Lifestyle_(sociology),Tourism",,,2022-07-24 16:00:23+00:00,PT17M31S,https://www.youtube.com/watch?v=sfRF4AW1Rrc,Lemmenjoki
ov3MkeAEORg,Slitta Husky Salla LAPPONIA,SALLA LAPLAND,UCHUgsiIvFxA2SxT7wO3DDMg,lyuke lyuke,3372.0,16.0,0.0,"Hobby,Lifestyle_(sociology),Pet",,,2019-12-12 14:40:33+00:00,PT5M17S,https://www.youtube.com/watch?v=ov3MkeAEORg,Salla
zuydPVWlvBY,24h Bikepacking: Reitti 2000 Nuuksio,"Saimme erä-&luonto-oppaan koulusta kotitehtävän: Toteuta 24h survivalretki parhaaksi näkemälläsi tavalla. Itse halusin yhdistää bikepacking-reissun tähän. Valitsin kohteeksi Kämmenlammen laavun kiertäen samalla Nuuksiossa kulkevaa Reitti 2000:sta. Kilometrejä kertyi n. 70km. Ajankohta oli paras mahdollinen sillä vuorokauden sisään mahtui sekä Liisa-myrsky että ensilumi. Innostuin tästä sen verran, että alan tekemään jatkossakin vuorokauden kestäviä 24h Bikepacking -retkiä videon kera! 
Reitti 2000 on pääkaupunkiseudun pisin merkattu vaellus- ja pyöräilyreitti. Reitin pituus on kokonaisuudessaan 110 km.
https://instagram.com/resupekka
#bikepacking #pyöräily #retkipyöräily",UCITuIFItrLMDpI44cjB1c_w,Resupekka,5555.0,148.0,36.0,"Hobby,Lifestyle_(sociology),Tourism",,,2020-11-28 07:00:13+00:00,PT16M22S,https://www.youtube.com/watch?v=zuydPVWlvBY,Nuuksio
4taAg2FQWJA,"BIKEPACKING, PÄIJÄNNE & PIZZA (English Subtitles)","Tee lahjoitus / Please donate for Ukraine:
https://oma.unicef.fi/social/share?object=ee35ada3-ebfe-4b4c-983c-09dae9a25e3d&lang=fi_FI&redirectUrl=https://oma.unicef.fi/participant/bikepacking-peace

Bikepacking retki Päijänteellä! Ensimmäinen ilta paisteltiin @eraonnellinen Jarnon kanssa pizzaa Höysniemessä. Sieltä jatkoin yksin pyörällä Päijänteen ympäri myötäpäivään Korpilahden kautta Lahteen. 

Bikepacking trip around lake Päijänne, Finland. 

Pyörä:
https://www.canyon.com/en-fi/gravel-bikes/bike-packing/grizl/cf-slx/grizl-cf-slx-8-etap-suspension/2715.html?dwvar_2715_pv_rahmenfarbe=GN%2FBK 

Reitti: 
https://connect.garmin.com/modern/activity/9827448714

#bikepacking #gravel #retkipyöräily",UCITuIFItrLMDpI44cjB1c_w,Resupekka,6634.0,202.0,30.0,"Hobby,Lifestyle_(sociology),Tourism",,,2022-11-26 07:00:03+00:00,PT28M58S,https://www.youtube.com/watch?v=4taAg2FQWJA,Päijänne
D4zLRF7gnyc,Bikepacking -retki Maastopyörällä: Mäntyharju-Repovesi 80km,"Vuorokauden mittainen (27h) maastopyöräily-bikepacking -retki Mäntyharjulta Repovedelle ja takaisin 2.-3.11.2021. https://instagram.com/resupekka

Käytössä olleet ajovalaisimet:

Lumonite Navigator2
https://www.valostore.fi/fi/tuote/lumonite_navigator

Lumonite Compass R
https://www.valostore.fi/fi/tuote/otsalamppu_lumonite_compass_r

Pohjana käytetty tätä jälkeä, tosin menomatka Olhavan lammen Länsi-Puolta MTB reittiä ja paluumatkalla tein pidempiä siirtymiä sorateitä pitkin:
https://jalki.fi/routes/399-mantyharju-repovesi-maastopyorareitti

#maastopyöräily #bikepacking #retkipyöräily",UCITuIFItrLMDpI44cjB1c_w,Resupekka,6454.0,183.0,24.0,"Hobby,Lifestyle_(sociology),Tourism",,,2021-12-04 05:00:08+00:00,PT21M54S,https://www.youtube.com/watch?v=D4zLRF7gnyc,Repovesi
uMs_V9b5-Oo,Social Bikepacking Mäntyharju-Repovesi Finland (eng subtitles),"Two nights of Social Bikepacking with@Pauluseikkailee,  @a4d3e &@fillariina 
Mäntyharku - Repovesi - Mäntyharju 
Video by Paulus here: (incl. strava links)
https://youtu.be/ANHaeSgbBOU?si=ewueBDPHAm9ovtmE

instagram.com/resupekka

Bike:
https://www.canyon.com/en-fi/outlet-bikes/gravel-bikes/grizl-cf-slx-8-etap-suspension/2715.html?dwvar_2715_pv_rahmenfarbe=GN%2FBK

Clothes:
https://www.jack-wolfskin.com/bikepacking/

#gravelcycling #bikepacking #mtb",UCITuIFItrLMDpI44cjB1c_w,Resupekka,5901.0,144.0,30.0,"Lifestyle_(sociology),Tourism",,,2023-11-24 16:00:07+00:00,PT33M22S,https://www.youtube.com/watch?v=uMs_V9b5-Oo,Repovesi
lPRfWd5TkjQ,Hossa National Park Winter Cycling I Talvipyöräily Hossan kansallispuistossa I Subtitles included,"Pyörä:
https://www.canyon.com/fi-fi/maastopyorat/fat-bikes/dude/dude-cf-8/3142.html

Ajettu reitti:
https://connect.garmin.com/modern/activity/10618667905

Hossan talvireittikartta:
https://julkaisut.metsa.fi/assets/pdf/lp/Esitteet/hossa-talvireitit-fineng.pdf

Reittihuolto & pyöränvuokraus:
https://kainuunluontoretket.fi

Majoitus:
https://www.hossanlumo.fi

#maastopyöräily #mtb #fatbike",UCITuIFItrLMDpI44cjB1c_w,Resupekka,5615.0,163.0,23.0,Lifestyle_(sociology),,,2023-03-02 16:02:23+00:00,PT12M23S,https://www.youtube.com/watch?v=lPRfWd5TkjQ,Hossa
hTuNXVS5oyE,Bikepacking Espoo - Tammisaari - Espoo 230km,"1,5vrk pyöräretki Espoo - Tammisaari - Espoo
230km
Instagram @resupekka

Reittiä voi tutkia ja sen voi ladata täältä:
(pahoittelut mahdollisista U-käännöksistä joita näihin mahtuu aina muutama)
https://connect.garmin.com/modern/course/69695622

#retkipyöräily #bikepacking #soratiepyöräily

CRIT0QJEZ7RFYKCO
LXWQYJRCXVWWKAQO",UCITuIFItrLMDpI44cjB1c_w,Resupekka,7268.0,164.0,34.0,"Hobby,Lifestyle_(sociology)",,,2021-07-21 07:34:56+00:00,PT42M4S,https://www.youtube.com/watch?v=hTuNXVS5oyE,Ekenäs Archipelago
aSUa_ri4pAA,Vaellus Isojärven ympäri huhtikuussa | Yö laavussa | Retkiruoka: Avocadopasta,"POSTAUS SISÄLTÄÄ MAINOSLINKKEJÄ, MAINOSLINKIT MERKATTU TÄHDELLÄ*

Tervetuloa tallailemaan kanssani keväiseen Isojärven kansallispuistoon. Retkiruokana kokkailen tällä kertaa avocadopastaa pekonilla höystettynä.

Reitti: 

Heretty - Lortikka - Kalalahti - Vahterjärvi - Heretty

Musiikki: 

Hursti ja Häkkilä - Metsään

Keloja Luonnosta Instagramissa:

https://www.instagram.com/kelojaluonnosta/

*E-VILLEN VERKKOKAUPAN YLEISLINKKI: https://adtr.co/JR2YVe

ALLA MINUN KÄYTÖSSÄ OLEVIA LUOTTOVARUSTEITA PARTIOAITASTA, SCANDINAVIAN OUTDOORSILTA JA AMAZONILTA.
NÄIDEN LINKKIEN KAUTTA TAPAHTUVISTA OSTOKSISTA SAAN PIENTÄ RAHAA KELOJA LUONNOSTA KANAVAN KEHITTÄMISEEN:

*PARTIOAITAN YLEISLINKKI: https://track.adtraction.com/t/t?a=1465938056&as=1527553284&t=2&tk=1 

 Yöpymisvarusteet 

*Makuualusta Thermarest: https://adtr.co/kMGKhG 

Kantolaitteet 

*Rinkka Savotta 906:  https://adtr.co/64sr2i 
*Rinkansuojus Osprey: https://adtr.co/NW8wfk 

Vaatteet/kengät 

*Vaelluskengät Hanwag:  https://adtr.co/xA36h5 
*Vaellushousut Fjällräven:  https://adtr.co/tn7Xuc 

Kokkailu 

*Risukeitin Savotta: https://adtr.co/FAs3Jj 
*Partiolaisen box Trangia:  https://adtr.co/ACkoTC 
*Kahvipannu Trangia: https://adtr.co/kPbFJO 
*Taskuveitsi Opinel:  https://adtr.co/7gGg74 
*Poltin Trangia:  https://adtr.co/1VE3yY 
*Juomapullo Sigg:  https://adtr.co/ySFUrH 
*Retkikattila MSR:  https://adtr.co/yjQmnP 
*Paistinpannu Muurikka: https://adtr.co/MI09dS 
*Vedensuodatin Katadyn:  https://adtr.co/wumbXG 

*SCANDINAVIAN OUTDOORSIN YLEISLINKKI:
https://track.adtraction.com/t/t?a=1119705543&as=1527553284&t=2&tk=1

SCANDINAVIAN OUTDOORS 

 Yöpymisvarusteet 

*Riippumatto DD Hammocks: https://adtr.co/hSX8qg 
*Riippumaton puunhalaajat DD Hammocks: https://adtr.co/ZifICt 
*Riippumaton kiinnitysnarut DD Hammocks: https://adtr.co/pkadue 
*Underblanket DD Hammocks: https://adtr.co/NC4apT 
*Tarppi DD Hammocks: https://adtr.co/fJ9Uer 
*Makuualusta Thermarest:  https://adtr.co/Ue2jrY 

Rinkan sadesuojat 

*Rinkansuojus Savotta 906:  https://adtr.co/35yY7M 
*Rinkansuojus Osprey 50-75L:  https://adtr.co/a43vsp 

Vaatteet/kengät 

*Housut Fjällräven: https://adtr.co/IMmGfU 
*Vaelluskengät Hanwag: https://adtr.co/w7xdO8 

Työkalut 

*Kirves Marttiini: https://adtr.co/cqOL6Z 

Kokkailu 

*Risukeitin Savotta: https://adtr.co/UZtaA9 
*Taskuveitsi Opinel: https://adtr.co/3eiy3T 
*Poltin Trangia: https://adtr.co/jCKNzz 
*Juomapullo Camelbak: https://adtr.co/7ZU9kc 
*Juomapullo Sigg: https://adtr.co/kvxZKJ 
*Retkikattila MSR: https://adtr.co/U4YGFw 
*Paistinpannu Muurikka: https://adtr.co/udol1y 
*Vedensuodatin Katadyn:  https://adtr.co/5GZEDg 



#vaellus #isojärvenkansallispuisto #talviretkeily",UCIe90O1eRceDuSn6mBkxwSQ,Keloja Luonnosta,6204.0,113.0,14.0,"Hobby,Lifestyle_(sociology),Tourism",,,2019-04-17 08:16:27+00:00,PT48M43S,https://www.youtube.com/watch?v=aSUa_ri4pAA,Isojärvi
le_lKa4-1k8,Yö Ulkona Ilman Suojaa | Reissussa Taival Outdoorsin Kanssa,"POSTAUS SISÄLTÄÄ MAINOSLINKKEJÄ, MAINOSLINKIT MERKATTU TÄHDELLÄ*

Pitkään oltiin Reissussa kanavan Joelin kanssa suunniteltu yhteistä retkeä, siinä matkan varrella Joelin kanava vaihtanut kielen englanniksi ja kanavan nimeksi muovautunut Taival Outdoors.

Taival Outdoors:
https://www.youtube.com/channel/UCT9Op5RQ6nj-jhUYFRduenw

Toukokuisen retkemme suuntasimme Nuuksion pohjoisiin osiin pienille kallioiden halkomille metsälammille teemalla "" ei majoitetta"", eli nukuimme mukavat yöunet bivvypusseissa taivas alla.

Musiikki:

Jason Farnham - Retreat

Scott Buckley - Reverie

Reverie by Scott Buckley https://soundcloud.com/scottbuckley
Creative Commons — Attribution 3.0 Unported — CC BY 3.0
Free Download / Stream: https://bit.ly/scott-buckley-reverie
Music promoted by Audio Library https://youtu.be/zAghUpatQcI

*E-VILLEN VERKKOKAUPAN YLEISLINKKI: https://adtr.co/JR2YVe

ALLA MINUN KÄYTÖSSÄ OLEVIA LUOTTOVARUSTEITA PARTIOAITASTA, SCANDINAVIAN OUTDOORSILTA JA AMAZONILTA.
NÄIDEN LINKKIEN KAUTTA TAPAHTUVISTA OSTOKSISTA SAAN PIENTÄ RAHAA KELOJA LUONNOSTA KANAVAN KEHITTÄMISEEN:

*PARTIOAITAN YLEISLINKKI: https://track.adtraction.com/t/t?a=1465938056&as=1527553284&t=2&tk=1 

 Yöpymisvarusteet 

*Makuualusta Thermarest: https://adtr.co/kMGKhG 

Kantolaitteet 

*Rinkka Savotta 906:  https://adtr.co/64sr2i 
*Rinkansuojus Osprey: https://adtr.co/NW8wfk 

Vaatteet/kengät 

*Vaelluskengät Hanwag:  https://adtr.co/xA36h5 
*Vaellushousut Fjällräven:  https://adtr.co/tn7Xuc 

Kokkailu 

*Risukeitin Savotta: https://adtr.co/FAs3Jj 
*Partiolaisen box Trangia:  https://adtr.co/ACkoTC 
*Kahvipannu Trangia: https://adtr.co/kPbFJO 
*Taskuveitsi Opinel:  https://adtr.co/7gGg74 
*Poltin Trangia:  https://adtr.co/1VE3yY 
*Juomapullo Sigg:  https://adtr.co/ySFUrH 
*Retkikattila MSR:  https://adtr.co/yjQmnP 
*Paistinpannu Muurikka: https://adtr.co/MI09dS 
*Vedensuodatin Katadyn:  https://adtr.co/wumbXG 

*SCANDINAVIAN OUTDOORSIN YLEISLINKKI:
https://track.adtraction.com/t/t?a=1119705543&as=1527553284&t=2&tk=1

SCANDINAVIAN OUTDOORS 

 Yöpymisvarusteet 

*Riippumatto DD Hammocks: https://adtr.co/hSX8qg 
*Riippumaton puunhalaajat DD Hammocks: https://adtr.co/ZifICt 
*Riippumaton kiinnitysnarut DD Hammocks: https://adtr.co/pkadue 
*Underblanket DD Hammocks: https://adtr.co/NC4apT 
*Tarppi DD Hammocks: https://adtr.co/fJ9Uer 
*Makuualusta Thermarest:  https://adtr.co/Ue2jrY 

Rinkan sadesuojat 

*Rinkansuojus Savotta 906:  https://adtr.co/35yY7M 
*Rinkansuojus Osprey 50-75L:  https://adtr.co/a43vsp 

Vaatteet/kengät 

*Housut Fjällräven: https://adtr.co/IMmGfU 
*Vaelluskengät Hanwag: https://adtr.co/w7xdO8 

Työkalut 

*Kirves Marttiini: https://adtr.co/cqOL6Z 

Kokkailu 

*Risukeitin Savotta: https://adtr.co/UZtaA9 
*Taskuveitsi Opinel: https://adtr.co/3eiy3T 
*Poltin Trangia: https://adtr.co/jCKNzz 
*Juomapullo Camelbak: https://adtr.co/7ZU9kc 
*Juomapullo Sigg: https://adtr.co/kvxZKJ 
*Retkikattila MSR: https://adtr.co/U4YGFw 
*Paistinpannu Muurikka: https://adtr.co/udol1y 
*Vedensuodatin Katadyn:  https://adtr.co/5GZEDg 



#kelojaluonnosta #taivaloutdoors #reissussa",UCIe90O1eRceDuSn6mBkxwSQ,Keloja Luonnosta,5978.0,117.0,25.0,"Hobby,Lifestyle_(sociology),Tourism",60.3127525,24.4809016,2020-05-14 17:00:17+00:00,PT21M33S,https://www.youtube.com/watch?v=le_lKa4-1k8,Nuuksio
JkGreXGxeRw,VAELLUS ERÄMAISESSA HOSSAN KANSALLISPUISTOSSA | Retkeily | Kainuun Taikaa,"Yhden yön vaellus ja Kainuun taikaa erämaisessa Hossan kansallispuistossa.

POSTAUS SISÄLTÄÄ MAINOSLINKKEJÄ, MAINOSLINKIT ON MERKATTU TÄHDELLÄ*

ALLA MINUN KÄYTÖSSÄ OLEVIA LUOTTOVARUSTEITA PARTIOAITASTA JA SCANDINAVIAN OUTDOORSILTA.
NÄIDEN LINKKIEN KAUTTA TAPAHTUVISTA OSTOKSISTA SAAN PIENTÄ RAHAA KELOJA LUONNOSTA KANAVAN KEHITTÄMISEEN:

*PARTIOAITAN YLEISLINKKI: https://track.adtraction.com/t/t?a=1465938056&as=1527553284&t=2&tk=1 

 Yöpymisvarusteet 

*Makuualusta Thermarest: https://adtr.co/kMGKhG 

Otsavalot

*ACTIK CORE: https://adtr.co/ne2Ruy
*TIKKA: https://adtr.co/Fkawzv

Kantolaitteet 

*Rinkka Savotta 906:  https://adtr.co/64sr2i 
*Rinkansuojus Osprey: https://adtr.co/NW8wfk 

Vaatteet/kengät 

*Vaelluskengät Hanwag:  https://adtr.co/xA36h5 
*Vaellushousut Fjällräven:  https://adtr.co/tn7Xuc 

Kokkailu 

*Risukeitin Savotta: https://adtr.co/FAs3Jj 
*Partiolaisen box Trangia:  https://adtr.co/ACkoTC 
*Kahvipannu Trangia: https://adtr.co/kPbFJO 
*Taskuveitsi Opinel:  https://adtr.co/7gGg74 
*Poltin Trangia:  https://adtr.co/1VE3yY 
*Juomapullo Sigg:  https://adtr.co/ySFUrH 
*Retkikattila MSR:  https://adtr.co/yjQmnP 
*Paistinpannu Muurikka: https://adtr.co/MI09dS 
*Vedensuodatin Katadyn:  https://adtr.co/wumbXG 

*SCANDINAVIAN OUTDOORSIN YLEISLINKKI:
https://track.adtraction.com/t/t?a=1119705543&as=1527553284&t=2&tk=1

SCANDINAVIAN OUTDOORS 

 Yöpymisvarusteet 

*Riippumatto DD Hammocks: https://adtr.co/hSX8qg 
*Riippumaton puunhalaajat DD Hammocks: https://adtr.co/ZifICt 
*Riippumaton kiinnitysnarut DD Hammocks: https://adtr.co/pkadue 
*Underblanket DD Hammocks: https://adtr.co/NC4apT 
*Tarppi DD Hammocks: https://adtr.co/fJ9Uer 
*Makuualusta Thermarest:  https://adtr.co/Ue2jrY 

Otsavalot

*ACTIK CORE: https://adtr.co/WbOzvT
*TIKKA: https://adtr.co/7XRWJa

Rinkan sadesuojat 

*Rinkansuojus Savotta 906:  https://adtr.co/35yY7M 
*Rinkansuojus Osprey 50-75L:  https://adtr.co/a43vsp 

Vaatteet/kengät 

*Housut Fjällräven: https://adtr.co/IMmGfU 
*Vaelluskengät Hanwag: https://adtr.co/w7xdO8 

Työkalut 

*Kirves Marttiini: https://adtr.co/cqOL6Z 

Kokkailu 

*Risukeitin Savotta: https://adtr.co/UZtaA9 
*Taskuveitsi Opinel: https://adtr.co/3eiy3T 
*Poltin Trangia: https://adtr.co/jCKNzz 
*Juomapullo Camelbak: https://adtr.co/7ZU9kc 
*Juomapullo Sigg: https://adtr.co/kvxZKJ 
*Retkikattila MSR: https://adtr.co/U4YGFw 
*Paistinpannu Muurikka: https://adtr.co/udol1y 
*Vedensuodatin Katadyn:  https://adtr.co/5GZEDg 

#vaellus #retkeily #hossa",UCIe90O1eRceDuSn6mBkxwSQ,Keloja Luonnosta,9234.0,196.0,24.0,"Hobby,Lifestyle_(sociology),Tourism",,,2021-09-16 14:00:09+00:00,PT30M58S,https://www.youtube.com/watch?v=JkGreXGxeRw,Hossa
Qnf5dieI4nM,Vaellus Salamajärven kansallispuistossa | 60km Hirvaan kierros,"POSTAUS SISÄLTÄÄ MAINOSLINKKEJÄ, MAINOSLINKIT MERKATTU TÄHDELLÄ*

Lähdin viimeisellä kesälomaviikolla leppoisalle 3-4 yön vaellusreissulle Salamajärven kansallispuistoon tarkoituksena fiilistellä 60km Hirvaan kierros. No se leppoisuus loppui kahden yön jälkeen mun mielenvikaisuuteen ja päätin laittaa itseni todelliseen testiin ja patikoida kolmantena päivänä loput 33km. Tervetuloa mukaan ihmiskokeeseen jossa mitataan kehon ja mielen lujuutta.

Musiikki:

Kevin MacLeod - Achaidh Cheide - Celtic

esittäjän Kevin MacLeod kappale Achaidh Cheide - Celtic on suojattu lisenssillä Creative Commons Attribution (https://creativecommons.org/licenses/by/4.0/)
Lähde: http://incompetech.com/music/royalty-free/index.html?isrc=USUAN1100340
Artisti: http://incompetech.com/

Kevin MacLeod - At Rest

esittäjän Kevin MacLeod kappale At Rest - Romance on suojattu lisenssillä Creative Commons Attribution (https://creativecommons.org/licenses/by/4.0/)
Lähde: http://incompetech.com/music/royalty-free/index.html?isrc=USUAN1100748
Artisti: http://incompetech.com/

Kevin MacLeod - Lightless Dawn

esittäjän Kevin MacLeod kappale Lightless Dawn on suojattu lisenssillä Creative Commons Attribution (https://creativecommons.org/licenses/by/4.0/)
Lähde: http://incompetech.com/music/royalty-free/index.html?isrc=USUAN1100655
Artisti: http://incompetech.com/

*E-VILLEN VERKKOKAUPAN YLEISLINKKI: https://adtr.co/JR2YVe

ALLA MINUN KÄYTÖSSÄ OLEVIA LUOTTOVARUSTEITA PARIOAITASTA JA SCANDINAVIAN OUTDOORSILTA.
NÄIDEN LINKKIEN KAUTTA TAPAHTUVISTA OSTOKSISTA SAAN PIENTÄ RAHAA KELOJA LUONNOSTA KANAVAN KEHITTÄMISEEN:

*PARTIOAITAN YLEISLINKKI: https://track.adtraction.com/t/t?a=1465938056&as=1527553284&t=2&tk=1 

 Yöpymisvarusteet 

*Makuualusta Thermarest: https://adtr.co/kMGKhG 

Kantolaitteet 

*Rinkka Savotta 906:  https://adtr.co/64sr2i 
*Rinkansuojus Osprey: https://adtr.co/NW8wfk 

Vaatteet/kengät 

*Vaelluskengät Hanwag:  https://adtr.co/xA36h5 
*Vaellushousut Fjällräven:  https://adtr.co/tn7Xuc 

Kokkailu 

*Risukeitin Savotta: https://adtr.co/FAs3Jj 
*Partiolaisen box Trangia:  https://adtr.co/ACkoTC 
*Kahvipannu Trangia: https://adtr.co/kPbFJO 
*Taskuveitsi Opinel:  https://adtr.co/7gGg74 
*Poltin Trangia:  https://adtr.co/1VE3yY 
*Juomapullo Sigg:  https://adtr.co/ySFUrH 
*Retkikattila MSR:  https://adtr.co/yjQmnP 
*Paistinpannu Muurikka: https://adtr.co/MI09dS 
*Vedensuodatin Katadyn:  https://adtr.co/wumbXG 

*SCANDINAVIAN OUTDOORSIN YLEISLINKKI:
https://track.adtraction.com/t/t?a=1119705543&as=1527553284&t=2&tk=1

SCANDINAVIAN OUTDOORS 

 Yöpymisvarusteet 

*Riippumatto DD Hammocks: https://adtr.co/hSX8qg 
*Riippumaton puunhalaajat DD Hammocks: https://adtr.co/ZifICt 
*Riippumaton kiinnitysnarut DD Hammocks: https://adtr.co/pkadue 
*Underblanket DD Hammocks: https://adtr.co/NC4apT 
*Tarppi DD Hammocks: https://adtr.co/fJ9Uer 
*Makuualusta Thermarest:  https://adtr.co/Ue2jrY 

Rinkan sadesuojat 

*Rinkansuojus Savotta 906:  https://adtr.co/35yY7M 
*Rinkansuojus Osprey 50-75L:  https://adtr.co/a43vsp 

Vaatteet/kengät 

*Housut Fjällräven: https://adtr.co/IMmGfU 
*Vaelluskengät Hanwag: https://adtr.co/w7xdO8 

Työkalut 

*Kirves Marttiini: https://adtr.co/cqOL6Z 

Kokkailu 

*Risukeitin Savotta: https://adtr.co/UZtaA9 
*Taskuveitsi Opinel: https://adtr.co/3eiy3T 
*Poltin Trangia: https://adtr.co/jCKNzz 
*Juomapullo Camelbak: https://adtr.co/7ZU9kc 
*Juomapullo Sigg: https://adtr.co/kvxZKJ 
*Retkikattila MSR: https://adtr.co/U4YGFw 
*Paistinpannu Muurikka: https://adtr.co/udol1y 
*Vedensuodatin Katadyn:  https://adtr.co/5GZEDg

#vaellus #salamajarvenkansallispuisto #hirvaankierros",UCIe90O1eRceDuSn6mBkxwSQ,Keloja Luonnosta,11989.0,178.0,51.0,"Hobby,Lifestyle_(sociology),Tourism",,,2019-08-12 07:51:11+00:00,PT59M5S,https://www.youtube.com/watch?v=Qnf5dieI4nM,Salamajärvi
eKIQHiijpkE,ROADTRIP KOHTI POHJOISTA | HIIDENPORTIN KANSALLISPUISTO | Kesäloma Tien Päällä Osa 3,"Kesäloma tien päällä roadtrip jatkuu kohti pohjoista ja vie lomalaiset taas hienoihin maisemiin Hiidenportin kansallispuistoon.

POSTAUS SISÄLTÄÄ MAINOSLINKKEJÄ, MAINOSLINKIT ON MERKATTU TÄHDELLÄ*

ALLA MINUN KÄYTÖSSÄ OLEVIA LUOTTOVARUSTEITA PARTIOAITASTA JA SCANDINAVIAN OUTDOORSILTA.
NÄIDEN LINKKIEN KAUTTA TAPAHTUVISTA OSTOKSISTA SAAN PIENTÄ RAHAA KELOJA LUONNOSTA KANAVAN KEHITTÄMISEEN:

*PARTIOAITAN YLEISLINKKI: https://track.adtraction.com/t/t?a=1465938056&as=1527553284&t=2&tk=1 

 Yöpymisvarusteet 

*Makuualusta Thermarest: https://adtr.co/kMGKhG 

Otsavalot

*ACTIK CORE: https://adtr.co/ne2Ruy
*TIKKA: https://adtr.co/Fkawzv

Kantolaitteet 

*Rinkka Savotta 906:  https://adtr.co/64sr2i 
*Rinkansuojus Osprey: https://adtr.co/NW8wfk 

Vaatteet/kengät 

*Vaelluskengät Hanwag:  https://adtr.co/xA36h5 
*Vaellushousut Fjällräven:  https://adtr.co/tn7Xuc 

Kokkailu 

*Risukeitin Savotta: https://adtr.co/FAs3Jj 
*Partiolaisen box Trangia:  https://adtr.co/ACkoTC 
*Kahvipannu Trangia: https://adtr.co/kPbFJO 
*Taskuveitsi Opinel:  https://adtr.co/7gGg74 
*Poltin Trangia:  https://adtr.co/1VE3yY 
*Juomapullo Sigg:  https://adtr.co/ySFUrH 
*Retkikattila MSR:  https://adtr.co/yjQmnP 
*Paistinpannu Muurikka: https://adtr.co/MI09dS 
*Vedensuodatin Katadyn:  https://adtr.co/wumbXG 

*SCANDINAVIAN OUTDOORSIN YLEISLINKKI:
https://track.adtraction.com/t/t?a=1119705543&as=1527553284&t=2&tk=1

SCANDINAVIAN OUTDOORS 

 Yöpymisvarusteet 

*Riippumatto DD Hammocks: https://adtr.co/hSX8qg 
*Riippumaton puunhalaajat DD Hammocks: https://adtr.co/ZifICt 
*Riippumaton kiinnitysnarut DD Hammocks: https://adtr.co/pkadue 
*Underblanket DD Hammocks: https://adtr.co/NC4apT 
*Tarppi DD Hammocks: https://adtr.co/fJ9Uer 
*Makuualusta Thermarest:  https://adtr.co/Ue2jrY 

Otsavalot

*ACTIK CORE: https://adtr.co/WbOzvT
*TIKKA: https://adtr.co/7XRWJa

Rinkan sadesuojat 

*Rinkansuojus Savotta 906:  https://adtr.co/35yY7M 
*Rinkansuojus Osprey 50-75L:  https://adtr.co/a43vsp 

Vaatteet/kengät 

*Housut Fjällräven: https://adtr.co/IMmGfU 
*Vaelluskengät Hanwag: https://adtr.co/w7xdO8 

Työkalut 

*Kirves Marttiini: https://adtr.co/cqOL6Z 

Kokkailu 

*Risukeitin Savotta: https://adtr.co/UZtaA9 
*Taskuveitsi Opinel: https://adtr.co/3eiy3T 
*Poltin Trangia: https://adtr.co/jCKNzz 
*Juomapullo Camelbak: https://adtr.co/7ZU9kc 
*Juomapullo Sigg: https://adtr.co/kvxZKJ 
*Retkikattila MSR: https://adtr.co/U4YGFw 
*Paistinpannu Muurikka: https://adtr.co/udol1y 
*Vedensuodatin Katadyn:  https://adtr.co/5GZEDg 

#roadtrip #vanlife #retkeily",UCIe90O1eRceDuSn6mBkxwSQ,Keloja Luonnosta,2898.0,102.0,29.0,"Lifestyle_(sociology),Tourism",,,2021-09-02 14:00:30+00:00,PT16M,https://www.youtube.com/watch?v=eKIQHiijpkE,Hiidenportti
f_0s-lhWs_k,Myrskyinen talviyö Teijon kansallispuistossa tarpin alla osa 2 | Hiihtovaellus,"POSTAUS SISÄLTÄÄ MAINOSLINKKEJÄ, MAINOSLINKIT MERKATTU TÄHDELLÄ*

Tervetuloa jakson toiseen osaan, josta selviää kuinka yöstä selvittiin. 30h reippaan vaellusreissun kruunasi Teijon mahtavat suomaisemat jossa oli mahtavaa päästä hiihtämään kunnon umpihangessa.

Kiitos, että seurasit ja pistähän tykkäillen sekä tilaillen! GOOD TIMES!

*E-VILLEN VERKKOKAUPAN YLEISLINKKI: https://adtr.co/JR2YVe

ALLA MINUN KÄYTÖSSÄ OLEVIA LUOTTOVARUSTEITA PARTIOAITASTA, SCANDINAVIAN OUTDOORSILTA JA AMAZONILTA.
NÄIDEN LINKKIEN KAUTTA TAPAHTUVISTA OSTOKSISTA SAAN PIENTÄ RAHAA KELOJA LUONNOSTA KANAVAN KEHITTÄMISEEN:

*PARTIOAITAN YLEISLINKKI: https://track.adtraction.com/t/t?a=1465938056&as=1527553284&t=2&tk=1 

 Yöpymisvarusteet 

*Makuualusta Thermarest: https://adtr.co/kMGKhG 

Kantolaitteet 

*Rinkka Savotta 906:  https://adtr.co/64sr2i 
*Rinkansuojus Osprey: https://adtr.co/NW8wfk 

Vaatteet/kengät 

*Vaelluskengät Hanwag:  https://adtr.co/xA36h5 
*Vaellushousut Fjällräven:  https://adtr.co/tn7Xuc 

Kokkailu 

*Risukeitin Savotta: https://adtr.co/FAs3Jj 
*Partiolaisen box Trangia:  https://adtr.co/ACkoTC 
*Kahvipannu Trangia: https://adtr.co/kPbFJO 
*Taskuveitsi Opinel:  https://adtr.co/7gGg74 
*Poltin Trangia:  https://adtr.co/1VE3yY 
*Juomapullo Sigg:  https://adtr.co/ySFUrH 
*Retkikattila MSR:  https://adtr.co/yjQmnP 
*Paistinpannu Muurikka: https://adtr.co/MI09dS 
*Vedensuodatin Katadyn:  https://adtr.co/wumbXG 

*SCANDINAVIAN OUTDOORSIN YLEISLINKKI:
https://track.adtraction.com/t/t?a=1119705543&as=1527553284&t=2&tk=1

SCANDINAVIAN OUTDOORS 

 Yöpymisvarusteet 

*Riippumatto DD Hammocks: https://adtr.co/hSX8qg 
*Riippumaton puunhalaajat DD Hammocks: https://adtr.co/ZifICt 
*Riippumaton kiinnitysnarut DD Hammocks: https://adtr.co/pkadue 
*Underblanket DD Hammocks: https://adtr.co/NC4apT 
*Tarppi DD Hammocks: https://adtr.co/fJ9Uer 
*Makuualusta Thermarest:  https://adtr.co/Ue2jrY 

Rinkan sadesuojat 

*Rinkansuojus Savotta 906:  https://adtr.co/35yY7M 
*Rinkansuojus Osprey 50-75L:  https://adtr.co/a43vsp 

Vaatteet/kengät 

*Housut Fjällräven: https://adtr.co/IMmGfU 
*Vaelluskengät Hanwag: https://adtr.co/w7xdO8 

Työkalut 

*Kirves Marttiini: https://adtr.co/cqOL6Z 

Kokkailu 

*Risukeitin Savotta: https://adtr.co/UZtaA9 
*Taskuveitsi Opinel: https://adtr.co/3eiy3T 
*Poltin Trangia: https://adtr.co/jCKNzz 
*Juomapullo Camelbak: https://adtr.co/7ZU9kc 
*Juomapullo Sigg: https://adtr.co/kvxZKJ 
*Retkikattila MSR: https://adtr.co/U4YGFw 
*Paistinpannu Muurikka: https://adtr.co/udol1y 
*Vedensuodatin Katadyn:  https://adtr.co/5GZEDg 



#talviretkeily #kelojaluonnosta #retkipaikka",UCIe90O1eRceDuSn6mBkxwSQ,Keloja Luonnosta,3323.0,78.0,7.0,"Hobby,Lifestyle_(sociology),Tourism",,,2019-01-27 09:23:23+00:00,PT26M52S,https://www.youtube.com/watch?v=f_0s-lhWs_k,Teijo
i4tJ_XBywwM,YÖ LAAVUSSA ISO-VALKEELLA JA PÄIVÄRETKI TORRONSUOLLE | Retkiruoka: Pekoni-Juusto Hampurilainen,"POSTAUS SISÄLTÄÄ MAINOSLINKKEJÄ, MAINOSLINKIT MERKATTU TÄHDELLÄ*

Keloja Luonnosta kanavan 1-vuotis synttärivideolla retkeillään yön yli Iso-Valkeella ja seuraava päivä Torronsuolla. Vuosi tosissaan näitä videoita väsäilty ja teitä on jo siellä ruudun toisella puolella yli 500 ihmistä kanavantilaajana ja kohta 40 000 näyttökertaa videoilla, ISO KIITOS JA KUMARRUS.
Mukana videolla HikeVentures kanavan Patrick ja pari muutakin vierailevaa tähteä maalta Espoosta, oli mukava tutustua!

HikeVentures:

https://www.youtube.com/channel/UCnO9Q_m9EaOCrHmmQIBVBNw

Musiikki:
Mikos Da Gawd - Moist
Alge - A Simple Feeling
Audionautix - Namaste
esittäjän Audionautix kappale Namaste on suojattu lisenssillä Creative Commons Attribution (https://creativecommons.org/licenses/by/4.0/)
Artisti: http://audionautix.com/

*E-VILLEN VERKKOKAUPAN YLEISLINKKI: https://adtr.co/JR2YVe

ALLA MINUN KÄYTÖSSÄ OLEVIA LUOTTOVARUSTEITA PARTIOAITASTA, SCANDINAVIAN OUTDOORSILTA JA AMAZONILTA.
NÄIDEN LINKKIEN KAUTTA TAPAHTUVISTA OSTOKSISTA SAAN PIENTÄ RAHAA KELOJA LUONNOSTA KANAVAN KEHITTÄMISEEN:

*PARTIOAITAN YLEISLINKKI: https://track.adtraction.com/t/t?a=1465938056&as=1527553284&t=2&tk=1 

 Yöpymisvarusteet 

*Makuualusta Thermarest: https://adtr.co/kMGKhG 

Kantolaitteet 

*Rinkka Savotta 906:  https://adtr.co/64sr2i 
*Rinkansuojus Osprey: https://adtr.co/NW8wfk 

Vaatteet/kengät 

*Vaelluskengät Hanwag:  https://adtr.co/xA36h5 
*Vaellushousut Fjällräven:  https://adtr.co/tn7Xuc 

Kokkailu 

*Risukeitin Savotta: https://adtr.co/FAs3Jj 
*Partiolaisen box Trangia:  https://adtr.co/ACkoTC 
*Kahvipannu Trangia: https://adtr.co/kPbFJO 
*Taskuveitsi Opinel:  https://adtr.co/7gGg74 
*Poltin Trangia:  https://adtr.co/1VE3yY 
*Juomapullo Sigg:  https://adtr.co/ySFUrH 
*Retkikattila MSR:  https://adtr.co/yjQmnP 
*Paistinpannu Muurikka: https://adtr.co/MI09dS 
*Vedensuodatin Katadyn:  https://adtr.co/wumbXG 

*SCANDINAVIAN OUTDOORSIN YLEISLINKKI:
https://track.adtraction.com/t/t?a=1119705543&as=1527553284&t=2&tk=1

SCANDINAVIAN OUTDOORS 

 Yöpymisvarusteet 

*Riippumatto DD Hammocks: https://adtr.co/hSX8qg 
*Riippumaton puunhalaajat DD Hammocks: https://adtr.co/ZifICt 
*Riippumaton kiinnitysnarut DD Hammocks: https://adtr.co/pkadue 
*Underblanket DD Hammocks: https://adtr.co/NC4apT 
*Tarppi DD Hammocks: https://adtr.co/fJ9Uer 
*Makuualusta Thermarest:  https://adtr.co/Ue2jrY 

Rinkan sadesuojat 

*Rinkansuojus Savotta 906:  https://adtr.co/35yY7M 
*Rinkansuojus Osprey 50-75L:  https://adtr.co/a43vsp 

Vaatteet/kengät 

*Housut Fjällräven: https://adtr.co/IMmGfU 
*Vaelluskengät Hanwag: https://adtr.co/w7xdO8 

Työkalut 

*Kirves Marttiini: https://adtr.co/cqOL6Z 

Kokkailu 

*Risukeitin Savotta: https://adtr.co/UZtaA9 
*Taskuveitsi Opinel: https://adtr.co/3eiy3T 
*Poltin Trangia: https://adtr.co/jCKNzz 
*Juomapullo Camelbak: https://adtr.co/7ZU9kc 
*Juomapullo Sigg: https://adtr.co/kvxZKJ 
*Retkikattila MSR: https://adtr.co/U4YGFw 
*Paistinpannu Muurikka: https://adtr.co/udol1y 
*Vedensuodatin Katadyn:  https://adtr.co/5GZEDg 



#talviretkeily #torronsuo #vaellus",UCIe90O1eRceDuSn6mBkxwSQ,Keloja Luonnosta,1933.0,47.0,12.0,"Food,Hobby,Lifestyle_(sociology),Tourism",,,2020-01-07 17:53:16+00:00,PT18M37S,https://www.youtube.com/watch?v=i4tJ_XBywwM,Torronsuo
ztaN1APX9HY,ROADTRIPIN KÄÄNNEKOHTA | HOSSAN KANSALLISPUISTO | Kesäloma tien päällä Osa 4,"Kesäloma tien päällä roadtrip pääsi käännekohtaansa Hossan kansallispuistoon, mihin matka jatkuu sieltä?

Kaupallisessa yhteistyössä: Stac.fi, heiniseppa.fi ja korppivuori.fi

Stacin risukeitin:
https://stac.fi/products/stac-risukeitin-matkagilli?_pos=1&_sid=98fe38b9b&_ss=r

Heinin linkit:
http://heiniseppa.fi/
https://www.instagram.com/heinintaide/

Korppivuori Adventures:
https://www.korppivuori.fi/
https://www.instagram.com/korppivuori_adventures/


POSTAUS SISÄLTÄÄ MAINOSLINKKEJÄ, MAINOSLINKIT ON MERKATTU TÄHDELLÄ*

ALLA MINUN KÄYTÖSSÄ OLEVIA LUOTTOVARUSTEITA PARTIOAITASTA JA SCANDINAVIAN OUTDOORSILTA.
NÄIDEN LINKKIEN KAUTTA TAPAHTUVISTA OSTOKSISTA SAAN PIENTÄ RAHAA KELOJA LUONNOSTA KANAVAN KEHITTÄMISEEN:

*PARTIOAITAN YLEISLINKKI: https://track.adtraction.com/t/t?a=1465938056&as=1527553284&t=2&tk=1 

 Yöpymisvarusteet 

*Makuualusta Thermarest: https://adtr.co/kMGKhG 

Otsavalot

*ACTIK CORE: https://adtr.co/ne2Ruy
*TIKKA: https://adtr.co/Fkawzv

Kantolaitteet 

*Rinkka Savotta 906:  https://adtr.co/64sr2i 
*Rinkansuojus Osprey: https://adtr.co/NW8wfk 

Vaatteet/kengät 

*Vaelluskengät Hanwag:  https://adtr.co/xA36h5 
*Vaellushousut Fjällräven:  https://adtr.co/tn7Xuc 

Kokkailu 

*Risukeitin Savotta: https://adtr.co/FAs3Jj 
*Partiolaisen box Trangia:  https://adtr.co/ACkoTC 
*Kahvipannu Trangia: https://adtr.co/kPbFJO 
*Taskuveitsi Opinel:  https://adtr.co/7gGg74 
*Poltin Trangia:  https://adtr.co/1VE3yY 
*Juomapullo Sigg:  https://adtr.co/ySFUrH 
*Retkikattila MSR:  https://adtr.co/yjQmnP 
*Paistinpannu Muurikka: https://adtr.co/MI09dS 
*Vedensuodatin Katadyn:  https://adtr.co/wumbXG 

*SCANDINAVIAN OUTDOORSIN YLEISLINKKI:
https://track.adtraction.com/t/t?a=1119705543&as=1527553284&t=2&tk=1

SCANDINAVIAN OUTDOORS 

 Yöpymisvarusteet 

*Riippumatto DD Hammocks: https://adtr.co/hSX8qg 
*Riippumaton puunhalaajat DD Hammocks: https://adtr.co/ZifICt 
*Riippumaton kiinnitysnarut DD Hammocks: https://adtr.co/pkadue 
*Underblanket DD Hammocks: https://adtr.co/NC4apT 
*Tarppi DD Hammocks: https://adtr.co/fJ9Uer 
*Makuualusta Thermarest:  https://adtr.co/Ue2jrY 

Otsavalot

*ACTIK CORE: https://adtr.co/WbOzvT
*TIKKA: https://adtr.co/7XRWJa

Rinkan sadesuojat 

*Rinkansuojus Savotta 906:  https://adtr.co/35yY7M 
*Rinkansuojus Osprey 50-75L:  https://adtr.co/a43vsp 

Vaatteet/kengät 

*Housut Fjällräven: https://adtr.co/IMmGfU 
*Vaelluskengät Hanwag: https://adtr.co/w7xdO8 

Työkalut 

*Kirves Marttiini: https://adtr.co/cqOL6Z 

Kokkailu 

*Risukeitin Savotta: https://adtr.co/UZtaA9 
*Taskuveitsi Opinel: https://adtr.co/3eiy3T 
*Poltin Trangia: https://adtr.co/jCKNzz 
*Juomapullo Camelbak: https://adtr.co/7ZU9kc 
*Juomapullo Sigg: https://adtr.co/kvxZKJ 
*Retkikattila MSR: https://adtr.co/U4YGFw 
*Paistinpannu Muurikka: https://adtr.co/udol1y 
*Vedensuodatin Katadyn:  https://adtr.co/5GZEDg 



#roadtrip #vanlife #vaellus",UCIe90O1eRceDuSn6mBkxwSQ,Keloja Luonnosta,3946.0,105.0,14.0,"Lifestyle_(sociology),Tourism",,,2021-09-12 05:00:19+00:00,PT21M5S,https://www.youtube.com/watch?v=ztaN1APX9HY,Hossa
tUJmwgD1aug,Suuri Huijaus Torronsuolla | RETKEILY  ja VAELLUS,"Vaellusvideolla oleva huijaus sisältää opetuksen, samalla kuin retkeillään Torronsuon kansallispuistossa.

POSTAUS SISÄLTÄÄ MAINOSLINKKEJÄ, MAINOSLINKIT ON MERKATTU TÄHDELLÄ*

Alla minun käytössä olevia luottovarusteita Partioaitasta ja Scandinavian Outdoorsilta. Näiden linkkien kautta tapahtuvista ostoksista saan pientä rahaa Keloja Luonnosta kanavan kehittämiseen:


*PARTIOAITAN YLEISLINKKI: https://track.adtraction.com/t/t?a=1465938056&as=1527553284&t=2&tk=1 

 Yöpymisvarusteet 

*Makuualusta Thermarest: https://adtr.co/kMGKhG 

Otsavalot

*ACTIK CORE: https://adtr.co/ne2Ruy
*TIKKA: https://adtr.co/Fkawzv

Kantolaitteet 

*Rinkka Savotta 906:  https://adtr.co/64sr2i 
*Rinkansuojus Osprey: https://adtr.co/NW8wfk 

Vaatteet/kengät 

*Vaelluskengät Hanwag:  https://adtr.co/xA36h5 
*Vaellushousut Fjällräven:  https://adtr.co/tn7Xuc 

Kokkailu 

*Risukeitin Savotta: https://adtr.co/FAs3Jj 
*Partiolaisen box Trangia:  https://adtr.co/ACkoTC 
*Kahvipannu Trangia: https://adtr.co/kPbFJO 
*Taskuveitsi Opinel:  https://adtr.co/7gGg74 
*Poltin Trangia:  https://adtr.co/1VE3yY 
*Juomapullo Sigg:  https://adtr.co/ySFUrH 
*Retkikattila MSR:  https://adtr.co/yjQmnP 
*Paistinpannu Muurikka: https://adtr.co/MI09dS 
*Vedensuodatin Katadyn:  https://adtr.co/wumbXG 

*SCANDINAVIAN OUTDOORSIN YLEISLINKKI:
https://track.adtraction.com/t/t?a=1119705543&as=1527553284&t=2&tk=1

SCANDINAVIAN OUTDOORS 

 Yöpymisvarusteet 

*Riippumatto DD Hammocks: https://adtr.co/hSX8qg 
*Riippumaton puunhalaajat DD Hammocks: https://adtr.co/ZifICt 
*Riippumaton kiinnitysnarut DD Hammocks: https://adtr.co/pkadue 
*Underblanket DD Hammocks: https://adtr.co/NC4apT 
*Tarppi DD Hammocks: https://adtr.co/fJ9Uer 
*Makuualusta Thermarest:  https://adtr.co/Ue2jrY 

Otsavalot

*ACTIK CORE: https://adtr.co/WbOzvT
*TIKKA: https://adtr.co/7XRWJa

Rinkan sadesuojat 

*Rinkansuojus Savotta 906:  https://adtr.co/35yY7M 
*Rinkansuojus Osprey 50-75L:  https://adtr.co/a43vsp 

Vaatteet/kengät 

*Housut Fjällräven: https://adtr.co/IMmGfU 
*Vaelluskengät Hanwag: https://adtr.co/w7xdO8 

Työkalut 

*Kirves Marttiini: https://adtr.co/cqOL6Z 

Kokkailu 

*Risukeitin Savotta: https://adtr.co/UZtaA9 
*Taskuveitsi Opinel: https://adtr.co/3eiy3T 
*Poltin Trangia: https://adtr.co/jCKNzz 
*Juomapullo Camelbak: https://adtr.co/7ZU9kc 
*Juomapullo Sigg: https://adtr.co/kvxZKJ 
*Retkikattila MSR: https://adtr.co/U4YGFw 
*Paistinpannu Muurikka: https://adtr.co/udol1y 
*Vedensuodatin Katadyn:  https://adtr.co/5GZEDg 

#vaellus #retkeily #huijaus",UCIe90O1eRceDuSn6mBkxwSQ,Keloja Luonnosta,7306.0,240.0,63.0,"Hobby,Lifestyle_(sociology),Tourism",,,2021-12-30 14:30:18+00:00,PT18M,https://www.youtube.com/watch?v=tUJmwgD1aug,Torronsuo
-t1GvfKV3Lw,JOULUPUKKINA NUUKSIOSSA | Miten Ihmiset REAGOI?!? 4K,"Jouluspeciaalissa joulupukki antaa lahjoja ihmisille Nuuksion Kansallispuistossa. Video on tehty kaupallisessa yhteistyössä Kupilkan ja Räkä Clothingin kanssa.
Kupilka: https://kupilka.fi/
Räkä Clothing: https://rakaclothing.com/

#joulupukki #retkeily #reagoi",UCIe90O1eRceDuSn6mBkxwSQ,Keloja Luonnosta,2954.0,181.0,60.0,"Hobby,Lifestyle_(sociology),Tourism",,,2020-12-19 08:00:29+00:00,PT16M11S,https://www.youtube.com/watch?v=-t1GvfKV3Lw,Nuuksio
GlWgJlzNtJo,Pakkasyö -8c Teijon Kansallispuistossa | Cumulus Panyam 600 Comf. -6c Makuupussi Äärirajoilla,"POSTAUS SISÄLTÄÄ MAINOSLINKKEJÄ, MAINOSLINKIT MERKATTU TÄHDELLÄ*

Lähdin Teijon kansallispuistoon testaamaan miten kolmenvuodenajan untuvamakuupussini Cumulus Panyam 600 selviää yksinään pakkasyöstä, ilman Carinthian kuitupussin tai bivy-pussin tukea.
Teijon suopätkillä sain myös rauhassa harjoitella Mavic Mini dronen lennättämistä pelkäämättä sen olevan jossain puun latvassa.
Kelit reissuun oli uskomattoman hienot, perjantaina päivällä aurinkoista pikku pakkasta ja jäätyvä Matildajärvi lauloi koko päivän ja yön laulujaan. Lauantai aamun valjetessa maisema oli maalautunut kauniin valkoiseksi puuterilumesta.

Musiikki:
Day 7 - Journey Home
Journey Home by Day 7 https://soundcloud.com/day7official Creative Commons — Attribution-NoDerivs 3.0 Unported — CC BY-ND 3.0 http://creativecommons.org/licenses/by-nd/3.0/ Music promoted by Audio Library https://youtu.be/FrBe9vwtKyA

*E-VILLEN VERKKOKAUPAN YLEISLINKKI: https://adtr.co/JR2YVe

ALLA MINUN KÄYTÖSSÄ OLEVIA LUOTTOVARUSTEITA PARTIOAITASTA, SCANDINAVIAN OUTDOORSILTA JA AMAZONILTA.
NÄIDEN LINKKIEN KAUTTA TAPAHTUVISTA OSTOKSISTA SAAN PIENTÄ RAHAA KELOJA LUONNOSTA KANAVAN KEHITTÄMISEEN:

*PARTIOAITAN YLEISLINKKI: https://track.adtraction.com/t/t?a=1465938056&as=1527553284&t=2&tk=1 

 Yöpymisvarusteet 

*Makuualusta Thermarest: https://adtr.co/kMGKhG 

Kantolaitteet 

*Rinkka Savotta 906:  https://adtr.co/64sr2i 
*Rinkansuojus Osprey: https://adtr.co/NW8wfk 

Vaatteet/kengät 

*Vaelluskengät Hanwag:  https://adtr.co/xA36h5 
*Vaellushousut Fjällräven:  https://adtr.co/tn7Xuc 

Kokkailu 

*Risukeitin Savotta: https://adtr.co/FAs3Jj 
*Partiolaisen box Trangia:  https://adtr.co/ACkoTC 
*Kahvipannu Trangia: https://adtr.co/kPbFJO 
*Taskuveitsi Opinel:  https://adtr.co/7gGg74 
*Poltin Trangia:  https://adtr.co/1VE3yY 
*Juomapullo Sigg:  https://adtr.co/ySFUrH 
*Retkikattila MSR:  https://adtr.co/yjQmnP 
*Paistinpannu Muurikka: https://adtr.co/MI09dS 
*Vedensuodatin Katadyn:  https://adtr.co/wumbXG 

*SCANDINAVIAN OUTDOORSIN YLEISLINKKI:
https://track.adtraction.com/t/t?a=1119705543&as=1527553284&t=2&tk=1

SCANDINAVIAN OUTDOORS 

 Yöpymisvarusteet 

*Riippumatto DD Hammocks: https://adtr.co/hSX8qg 
*Riippumaton puunhalaajat DD Hammocks: https://adtr.co/ZifICt 
*Riippumaton kiinnitysnarut DD Hammocks: https://adtr.co/pkadue 
*Underblanket DD Hammocks: https://adtr.co/NC4apT 
*Tarppi DD Hammocks: https://adtr.co/fJ9Uer 
*Makuualusta Thermarest:  https://adtr.co/Ue2jrY 

Rinkan sadesuojat 

*Rinkansuojus Savotta 906:  https://adtr.co/35yY7M 
*Rinkansuojus Osprey 50-75L:  https://adtr.co/a43vsp 

Vaatteet/kengät 

*Housut Fjällräven: https://adtr.co/IMmGfU 
*Vaelluskengät Hanwag: https://adtr.co/w7xdO8 

Työkalut 

*Kirves Marttiini: https://adtr.co/cqOL6Z 

Kokkailu 

*Risukeitin Savotta: https://adtr.co/UZtaA9 
*Taskuveitsi Opinel: https://adtr.co/3eiy3T 
*Poltin Trangia: https://adtr.co/jCKNzz 
*Juomapullo Camelbak: https://adtr.co/7ZU9kc 
*Juomapullo Sigg: https://adtr.co/kvxZKJ 
*Retkikattila MSR: https://adtr.co/U4YGFw 
*Paistinpannu Muurikka: https://adtr.co/udol1y 
*Vedensuodatin Katadyn:  https://adtr.co/5GZEDg 



#talviretkeily #teijo #cumulus",UCIe90O1eRceDuSn6mBkxwSQ,Keloja Luonnosta,3521.0,91.0,27.0,"Hobby,Lifestyle_(sociology),Tourism",,,2020-03-03 18:00:02+00:00,PT14M10S,https://www.youtube.com/watch?v=GlWgJlzNtJo,Teijo
51PQVoikoCU,"RIIPPUMATTO ILMAN UNDERQUILTIÄ KESÄYÖNÄ, TULEEKO KYLMÄ?!? | Vaellus Hiidenportin Kansallispuistossa","Lähdimme vaeltamaan Hiidenportin kansallispuistoon ja testaamaan tuleeko kesäyönä kylmä jos jättää riippumaton underquiltin pois ja nukkuu pelkällä makuupussilla.

POSTAUS SISÄLTÄÄ MAINOSLINKKEJÄ, MAINOSLINKIT ON MERKATTU TÄHDELLÄ*

ALLA MINUN KÄYTÖSSÄ OLEVIA LUOTTOVARUSTEITA PARTIOAITASTA JA SCANDINAVIAN OUTDOORSILTA.
NÄIDEN LINKKIEN KAUTTA TAPAHTUVISTA OSTOKSISTA SAAN PIENTÄ RAHAA KELOJA LUONNOSTA KANAVAN KEHITTÄMISEEN:

*PARTIOAITAN YLEISLINKKI: https://track.adtraction.com/t/t?a=1465938056&as=1527553284&t=2&tk=1 

 Yöpymisvarusteet 

*Makuualusta Thermarest: https://adtr.co/kMGKhG 

Otsavalot

*ACTIK CORE: https://adtr.co/ne2Ruy
*TIKKA: https://adtr.co/Fkawzv

Kantolaitteet 

*Rinkka Savotta 906:  https://adtr.co/64sr2i 
*Rinkansuojus Osprey: https://adtr.co/NW8wfk 

Vaatteet/kengät 

*Vaelluskengät Hanwag:  https://adtr.co/xA36h5 
*Vaellushousut Fjällräven:  https://adtr.co/tn7Xuc 

Kokkailu 

*Risukeitin Savotta: https://adtr.co/FAs3Jj 
*Partiolaisen box Trangia:  https://adtr.co/ACkoTC 
*Kahvipannu Trangia: https://adtr.co/kPbFJO 
*Taskuveitsi Opinel:  https://adtr.co/7gGg74 
*Poltin Trangia:  https://adtr.co/1VE3yY 
*Juomapullo Sigg:  https://adtr.co/ySFUrH 
*Retkikattila MSR:  https://adtr.co/yjQmnP 
*Paistinpannu Muurikka: https://adtr.co/MI09dS 
*Vedensuodatin Katadyn:  https://adtr.co/wumbXG 

*SCANDINAVIAN OUTDOORSIN YLEISLINKKI:
https://track.adtraction.com/t/t?a=1119705543&as=1527553284&t=2&tk=1

SCANDINAVIAN OUTDOORS 

 Yöpymisvarusteet 

*Riippumatto DD Hammocks: https://adtr.co/hSX8qg 
*Riippumaton puunhalaajat DD Hammocks: https://adtr.co/ZifICt 
*Riippumaton kiinnitysnarut DD Hammocks: https://adtr.co/pkadue 
*Underblanket DD Hammocks: https://adtr.co/NC4apT 
*Tarppi DD Hammocks: https://adtr.co/fJ9Uer 
*Makuualusta Thermarest:  https://adtr.co/Ue2jrY 

Otsavalot

*ACTIK CORE: https://adtr.co/WbOzvT
*TIKKA: https://adtr.co/7XRWJa

Rinkan sadesuojat 

*Rinkansuojus Savotta 906:  https://adtr.co/35yY7M 
*Rinkansuojus Osprey 50-75L:  https://adtr.co/a43vsp 

Vaatteet/kengät 

*Housut Fjällräven: https://adtr.co/IMmGfU 
*Vaelluskengät Hanwag: https://adtr.co/w7xdO8 

Työkalut 

*Kirves Marttiini: https://adtr.co/cqOL6Z 

Kokkailu 

*Risukeitin Savotta: https://adtr.co/UZtaA9 
*Taskuveitsi Opinel: https://adtr.co/3eiy3T 
*Poltin Trangia: https://adtr.co/jCKNzz 
*Juomapullo Camelbak: https://adtr.co/7ZU9kc 
*Juomapullo Sigg: https://adtr.co/kvxZKJ 
*Retkikattila MSR: https://adtr.co/U4YGFw 
*Paistinpannu Muurikka: https://adtr.co/udol1y 
*Vedensuodatin Katadyn:  https://adtr.co/5GZEDg 

#riippumatto #vaellus #retkeily",UCIe90O1eRceDuSn6mBkxwSQ,Keloja Luonnosta,4874.0,142.0,24.0,"Hobby,Lifestyle_(sociology)",,,2021-09-08 14:00:03+00:00,PT29M13S,https://www.youtube.com/watch?v=51PQVoikoCU,Hiidenportti
rFYZbX-Su5k,Sateinen Vaellus Repoveden Kansallispuistossa | Retkeily ja Vaellus 2020,"POSTAUS SISÄLTÄÄ MAINOSLINKKEJÄ, MAINOSLINKIT MERKATTU TÄHDELLÄ*

Oli aika viedä työkaverini Aino luontoon kahdeksi yöksi, retkikohteeksi valikoitua Repoveden kansallispuisto. Vaelluksen aikana pääsimme ihailemaan uutta riippusiltaa sekä Mustalamminvuorelta ja Olhavanvuorelta aukeavia kauniita maisemia. Toisen päivän myrsky sateineen hieman pilasi retkeämme, mutta sadepäivät ovat osa retkeilyä ja niiden kanssa on vain elettävä. Sadepäivän iloksi kokkailimme avokadopastaa Kuutinkanavan keittokatoksessa.

*E-VILLEN VERKKOKAUPAN YLEISLINKKI: https://adtr.co/JR2YVe

ALLA MINUN KÄYTÖSSÄ OLEVIA LUOTTOVARUSTEITA PARTIOAITASTA, SCANDINAVIAN OUTDOORSILTA JA AMAZONILTA.
NÄIDEN LINKKIEN KAUTTA TAPAHTUVISTA OSTOKSISTA SAAN PIENTÄ RAHAA KELOJA LUONNOSTA KANAVAN KEHITTÄMISEEN:

*PARTIOAITAN YLEISLINKKI: https://track.adtraction.com/t/t?a=1465938056&as=1527553284&t=2&tk=1 

 Yöpymisvarusteet 

*Makuualusta Thermarest: https://adtr.co/kMGKhG 

Kantolaitteet 

*Rinkka Savotta 906:  https://adtr.co/64sr2i 
*Rinkansuojus Osprey: https://adtr.co/NW8wfk 

Vaatteet/kengät 

*Vaelluskengät Hanwag:  https://adtr.co/xA36h5 
*Vaellushousut Fjällräven:  https://adtr.co/tn7Xuc 

Kokkailu 

*Risukeitin Savotta: https://adtr.co/FAs3Jj 
*Partiolaisen box Trangia:  https://adtr.co/ACkoTC 
*Kahvipannu Trangia: https://adtr.co/kPbFJO 
*Taskuveitsi Opinel:  https://adtr.co/7gGg74 
*Poltin Trangia:  https://adtr.co/1VE3yY 
*Juomapullo Sigg:  https://adtr.co/ySFUrH 
*Retkikattila MSR:  https://adtr.co/yjQmnP 
*Paistinpannu Muurikka: https://adtr.co/MI09dS 
*Vedensuodatin Katadyn:  https://adtr.co/wumbXG 

*SCANDINAVIAN OUTDOORSIN YLEISLINKKI:
https://track.adtraction.com/t/t?a=1119705543&as=1527553284&t=2&tk=1

SCANDINAVIAN OUTDOORS 

 Yöpymisvarusteet 

*Riippumatto DD Hammocks: https://adtr.co/hSX8qg 
*Riippumaton puunhalaajat DD Hammocks: https://adtr.co/ZifICt 
*Riippumaton kiinnitysnarut DD Hammocks: https://adtr.co/pkadue 
*Underblanket DD Hammocks: https://adtr.co/NC4apT 
*Tarppi DD Hammocks: https://adtr.co/fJ9Uer 
*Makuualusta Thermarest:  https://adtr.co/Ue2jrY 

Rinkan sadesuojat 

*Rinkansuojus Savotta 906:  https://adtr.co/35yY7M 
*Rinkansuojus Osprey 50-75L:  https://adtr.co/a43vsp 

Vaatteet/kengät 

*Housut Fjällräven: https://adtr.co/IMmGfU 
*Vaelluskengät Hanwag: https://adtr.co/w7xdO8 

Työkalut 

*Kirves Marttiini: https://adtr.co/cqOL6Z 

Kokkailu 

*Risukeitin Savotta: https://adtr.co/UZtaA9 
*Taskuveitsi Opinel: https://adtr.co/3eiy3T 
*Poltin Trangia: https://adtr.co/jCKNzz 
*Juomapullo Camelbak: https://adtr.co/7ZU9kc 
*Juomapullo Sigg: https://adtr.co/kvxZKJ 
*Retkikattila MSR: https://adtr.co/U4YGFw 
*Paistinpannu Muurikka: https://adtr.co/udol1y 
*Vedensuodatin Katadyn:  https://adtr.co/5GZEDg 



#kelojaluonnosta #vaellus #repovesi",UCIe90O1eRceDuSn6mBkxwSQ,Keloja Luonnosta,8751.0,178.0,35.0,"Hobby,Lifestyle_(sociology),Tourism",,,2020-07-10 08:00:09+00:00,PT18M24S,https://www.youtube.com/watch?v=rFYZbX-Su5k,Repovesi
swANSBvOi2I,Retki Rokuan Kansallispuistossa | MIHIN OLEN KADONNUT?!?,"Retki Rokuan kansallispuistossa, samalla kerron mihin olen kadonnut kun videoita ei ole hetkeen tullut.

POSTAUS SISÄLTÄÄ MAINOSLINKKEJÄ, MAINOSLINKIT ON MERKATTU TÄHDELLÄ*

Alla minun käytössä olevia luottovarusteita Partioaitasta ja Scandinavian Outdoorsilta. Näiden linkkien kautta tapahtuvista ostoksista saan pientä rahaa Keloja Luonnosta kanavan kehittämiseen:


*PARTIOAITAN YLEISLINKKI: https://track.adtraction.com/t/t?a=1465938056&as=1527553284&t=2&tk=1 

 Yöpymisvarusteet 

*Makuualusta Thermarest: https://adtr.co/kMGKhG 

Otsavalot

*ACTIK CORE: https://adtr.co/ne2Ruy
*TIKKA: https://adtr.co/Fkawzv

Kantolaitteet 

*Rinkka Savotta 906:  https://adtr.co/64sr2i 
*Rinkansuojus Osprey: https://adtr.co/NW8wfk 

Vaatteet/kengät 

*Vaelluskengät Hanwag:  https://adtr.co/xA36h5 
*Vaellushousut Fjällräven:  https://adtr.co/tn7Xuc 

Kokkailu 

*Risukeitin Savotta: https://adtr.co/FAs3Jj 
*Partiolaisen box Trangia:  https://adtr.co/ACkoTC 
*Kahvipannu Trangia: https://adtr.co/kPbFJO 
*Taskuveitsi Opinel:  https://adtr.co/7gGg74 
*Poltin Trangia:  https://adtr.co/1VE3yY 
*Juomapullo Sigg:  https://adtr.co/ySFUrH 
*Retkikattila MSR:  https://adtr.co/yjQmnP 
*Paistinpannu Muurikka: https://adtr.co/MI09dS 
*Vedensuodatin Katadyn:  https://adtr.co/wumbXG 

*SCANDINAVIAN OUTDOORSIN YLEISLINKKI:
https://track.adtraction.com/t/t?a=1119705543&as=1527553284&t=2&tk=1

SCANDINAVIAN OUTDOORS 

 Yöpymisvarusteet 

*Riippumatto DD Hammocks: https://adtr.co/hSX8qg 
*Riippumaton puunhalaajat DD Hammocks: https://adtr.co/ZifICt 
*Riippumaton kiinnitysnarut DD Hammocks: https://adtr.co/pkadue 
*Underblanket DD Hammocks: https://adtr.co/NC4apT 
*Tarppi DD Hammocks: https://adtr.co/fJ9Uer 
*Makuualusta Thermarest:  https://adtr.co/Ue2jrY 

Otsavalot

*ACTIK CORE: https://adtr.co/WbOzvT
*TIKKA: https://adtr.co/7XRWJa

Rinkan sadesuojat 

*Rinkansuojus Savotta 906:  https://adtr.co/35yY7M 
*Rinkansuojus Osprey 50-75L:  https://adtr.co/a43vsp 

Vaatteet/kengät 

*Housut Fjällräven: https://adtr.co/IMmGfU 
*Vaelluskengät Hanwag: https://adtr.co/w7xdO8 

Työkalut 

*Kirves Marttiini: https://adtr.co/cqOL6Z 

Kokkailu 

*Risukeitin Savotta: https://adtr.co/UZtaA9 
*Taskuveitsi Opinel: https://adtr.co/3eiy3T 
*Poltin Trangia: https://adtr.co/jCKNzz 
*Juomapullo Camelbak: https://adtr.co/7ZU9kc 
*Juomapullo Sigg: https://adtr.co/kvxZKJ 
*Retkikattila MSR: https://adtr.co/U4YGFw 
*Paistinpannu Muurikka: https://adtr.co/udol1y 
*Vedensuodatin Katadyn:  https://adtr.co/5GZEDg 

Osa äänitehosteista Ylen Elävästä Arkistosta


#retkeily #vaellus #kelojaluonnosta",UCIe90O1eRceDuSn6mBkxwSQ,Keloja Luonnosta,6650.0,215.0,40.0,"Hobby,Lifestyle_(sociology),Tourism",,,2022-07-27 16:00:40+00:00,PT17M43S,https://www.youtube.com/watch?v=swANSBvOi2I,Rokua
d9h_Otx2_o4,Yön yli Nuuksiossa | Riippumattoleiri | Testissä Norjalainen Satulareppu | Retkeily 2020,"Yön yli Nuuksiossa, riippumaton kanssa. 
Lähdin testaamaan Varustelekasta ostamaani Norjalaista satulareppua. Retkiruuaksi kokkailin porsaan kylkiviipaleita kera meksikolaisen riisin. Jokunen lintukin tallentui kameran putkelle ja ääninauhalle.

Musiikki:

Doug Maxwell, Media Right Productions - Angelic Forest

Chris Haugen - Glacier

POSTAUS SISÄLTÄÄ MAINOSLINKKEJÄ, MAINOSLINKIT MERKATTU TÄHDELLÄ*

*E-VILLEN VERKKOKAUPAN YLEISLINKKI: https://adtr.co/JR2YVe


ALLA MINUN KÄYTÖSSÄ OLEVIA LUOTTOVARUSTEITA PARTIOAITASTA, SCANDINAVIAN OUTDOORSILTA JA AMAZONILTA.
NÄIDEN LINKKIEN KAUTTA TAPAHTUVISTA OSTOKSISTA SAAN PIENTÄ RAHAA KELOJA LUONNOSTA KANAVAN KEHITTÄMISEEN:

*PARTIOAITAN YLEISLINKKI: https://track.adtraction.com/t/t?a=1465938056&as=1527553284&t=2&tk=1 

 Yöpymisvarusteet 

*Makuualusta Thermarest: https://adtr.co/kMGKhG 

Kantolaitteet 

*Rinkka Savotta 906:  https://adtr.co/64sr2i 
*Rinkansuojus Osprey: https://adtr.co/NW8wfk 

Vaatteet/kengät 

*Vaelluskengät Hanwag:  https://adtr.co/xA36h5 
*Vaellushousut Fjällräven:  https://adtr.co/tn7Xuc 

Kokkailu 

*Risukeitin Savotta: https://adtr.co/FAs3Jj 
*Partiolaisen box Trangia:  https://adtr.co/ACkoTC 
*Kahvipannu Trangia: https://adtr.co/kPbFJO 
*Taskuveitsi Opinel:  https://adtr.co/7gGg74 
*Poltin Trangia:  https://adtr.co/1VE3yY 
*Juomapullo Sigg:  https://adtr.co/ySFUrH 
*Retkikattila MSR:  https://adtr.co/yjQmnP 
*Paistinpannu Muurikka: https://adtr.co/MI09dS 
*Vedensuodatin Katadyn:  https://adtr.co/wumbXG 

*SCANDINAVIAN OUTDOORSIN YLEISLINKKI:
https://track.adtraction.com/t/t?a=1119705543&as=1527553284&t=2&tk=1

SCANDINAVIAN OUTDOORS 

 Yöpymisvarusteet 

*Riippumatto DD Hammocks: https://adtr.co/hSX8qg 
*Riippumaton puunhalaajat DD Hammocks: https://adtr.co/ZifICt 
*Riippumaton kiinnitysnarut DD Hammocks: https://adtr.co/pkadue 
*Underblanket DD Hammocks: https://adtr.co/NC4apT 
*Tarppi DD Hammocks: https://adtr.co/fJ9Uer 
*Makuualusta Thermarest:  https://adtr.co/Ue2jrY 

Rinkan sadesuojat 

*Rinkansuojus Savotta 906:  https://adtr.co/35yY7M 
*Rinkansuojus Osprey 50-75L:  https://adtr.co/a43vsp 

Vaatteet/kengät 

*Housut Fjällräven: https://adtr.co/IMmGfU 
*Vaelluskengät Hanwag: https://adtr.co/w7xdO8 

Työkalut 

*Kirves Marttiini: https://adtr.co/cqOL6Z 

Kokkailu 

*Risukeitin Savotta: https://adtr.co/UZtaA9 
*Taskuveitsi Opinel: https://adtr.co/3eiy3T 
*Poltin Trangia: https://adtr.co/jCKNzz 
*Juomapullo Camelbak: https://adtr.co/7ZU9kc 
*Juomapullo Sigg: https://adtr.co/kvxZKJ 
*Retkikattila MSR: https://adtr.co/U4YGFw 
*Paistinpannu Muurikka: https://adtr.co/udol1y 
*Vedensuodatin Katadyn:  https://adtr.co/5GZEDg 



#riippumatto #ddhammocks #kelojaluonnosta",UCIe90O1eRceDuSn6mBkxwSQ,Keloja Luonnosta,3567.0,107.0,20.0,"Hobby,Lifestyle_(sociology),Tourism",60.3127525,24.4809016,2020-06-11 15:00:13+00:00,PT12M31S,https://www.youtube.com/watch?v=d9h_Otx2_o4,Nuuksio
twywmoSkAT0,Patikkareissu Patvinsuon Kansallispuistossa | Karhujen jäljillä 40km Patvinkierrolla,"POSTAUS SISÄLTÄÄ MAINOSLINKKEJÄ, MAINOSLINKIT ON MERKATTU TÄHDELLÄ*

Viime vuonna Kolilla istutettu kipinä säilyi ja ystäväni Emppu halusi tänäkin vuonna uudelle vaellukselle. Patikkareissun kohteeksi valitsin Patvinsuon Kansallispuiston ja sen 40km Patvinkierron kolmen yön taktiikalla. Itsevarmasti lähdimme Metsien kuningaan valtakuntaan ajatuksella, että kyllähän me se karhu bongataan.

*E-VILLEN VERKKOKAUPAN YLEISLINKKI: https://adtr.co/JR2YVe

ALLA MINUN KÄYTÖSSÄ OLEVIA LUOTTOVARUSTEITA PARTIOAITASTA, SCANDINAVIAN OUTDOORSILTA JA AMAZONILTA.
NÄIDEN LINKKIEN KAUTTA TAPAHTUVISTA OSTOKSISTA SAAN PIENTÄ RAHAA KELOJA LUONNOSTA KANAVAN KEHITTÄMISEEN:

*PARTIOAITAN YLEISLINKKI: https://track.adtraction.com/t/t?a=1465938056&as=1527553284&t=2&tk=1 

 Yöpymisvarusteet 

*Makuualusta Thermarest: https://adtr.co/kMGKhG 

Kantolaitteet 

*Rinkka Savotta 906:  https://adtr.co/64sr2i 
*Rinkansuojus Osprey: https://adtr.co/NW8wfk 

Vaatteet/kengät 

*Vaelluskengät Hanwag:  https://adtr.co/xA36h5 
*Vaellushousut Fjällräven:  https://adtr.co/tn7Xuc 

Kokkailu 

*Risukeitin Savotta: https://adtr.co/FAs3Jj 
*Partiolaisen box Trangia:  https://adtr.co/ACkoTC 
*Kahvipannu Trangia: https://adtr.co/kPbFJO 
*Taskuveitsi Opinel:  https://adtr.co/7gGg74 
*Poltin Trangia:  https://adtr.co/1VE3yY 
*Juomapullo Sigg:  https://adtr.co/ySFUrH 
*Retkikattila MSR:  https://adtr.co/yjQmnP 
*Paistinpannu Muurikka: https://adtr.co/MI09dS 
*Vedensuodatin Katadyn:  https://adtr.co/wumbXG 

*SCANDINAVIAN OUTDOORSIN YLEISLINKKI:
https://track.adtraction.com/t/t?a=1119705543&as=1527553284&t=2&tk=1

SCANDINAVIAN OUTDOORS 

 Yöpymisvarusteet 

*Riippumatto DD Hammocks: https://adtr.co/hSX8qg 
*Riippumaton puunhalaajat DD Hammocks: https://adtr.co/ZifICt 
*Riippumaton kiinnitysnarut DD Hammocks: https://adtr.co/pkadue 
*Underblanket DD Hammocks: https://adtr.co/NC4apT 
*Tarppi DD Hammocks: https://adtr.co/fJ9Uer 
*Makuualusta Thermarest:  https://adtr.co/Ue2jrY 

Rinkan sadesuojat 

*Rinkansuojus Savotta 906:  https://adtr.co/35yY7M 
*Rinkansuojus Osprey 50-75L:  https://adtr.co/a43vsp 

Vaatteet/kengät 

*Housut Fjällräven: https://adtr.co/IMmGfU 
*Vaelluskengät Hanwag: https://adtr.co/w7xdO8 

Työkalut 

*Kirves Marttiini: https://adtr.co/cqOL6Z 

Kokkailu 

*Risukeitin Savotta: https://adtr.co/UZtaA9 
*Taskuveitsi Opinel: https://adtr.co/3eiy3T 
*Poltin Trangia: https://adtr.co/jCKNzz 
*Juomapullo Camelbak: https://adtr.co/7ZU9kc 
*Juomapullo Sigg: https://adtr.co/kvxZKJ 
*Retkikattila MSR: https://adtr.co/U4YGFw 
*Paistinpannu Muurikka: https://adtr.co/udol1y 
*Vedensuodatin Katadyn:  https://adtr.co/5GZEDg 



#kelojaluonnosta #vaellus #patvinsuonkansallispuisto",UCIe90O1eRceDuSn6mBkxwSQ,Keloja Luonnosta,6694.0,144.0,62.0,"Hobby,Lifestyle_(sociology),Tourism",63.1131218,30.7011862,2020-07-23 17:00:15+00:00,PT37M19S,https://www.youtube.com/watch?v=twywmoSkAT0,Patvinsuo
vsl7zLV0Bns,Rankka hiihtovaellus Liesjärven kansallispuistossa I Ajatuksia kännyköiden varjopuolista,"POSTAUS SISÄLTÄÄ MAINOSLINKKEJÄ, MAINOSLINKIT MERKATTU TÄHDELLÄ*

Tuli haukattua liian iso pala kakkua Liesjärven vaellusreissulla, siirtymä Kopinlahdelta Peukalolammille osoittautui todella haastavaksi metsässä kaatuneiden tykkylumipuiden joukossa. Illalla kaikkensa antaneena nuotion ääressä tuli pohdittua kännyköiden/älylaitteiden haittapuolia ihmisyyttä vastaan.

Pahoittelut tunteiden purkauksesta ja kielenkäytöstä vaelluksen loppu metreillä. Ei sovi perheen pienimmille.

*E-VILLEN VERKKOKAUPAN YLEISLINKKI: https://adtr.co/JR2YVe

ALLA MINUN KÄYTÖSSÄ OLEVIA LUOTTOVARUSTEITA PARTIOAITASTA, SCANDINAVIAN OUTDOORSILTA JA AMAZONILTA-
NÄIDEN LINKKIEN KAUTTA TAPAHTUVISTA OSTOKSISTA SAAN PIENTÄ RAHAA KELOJA LUONNOSTA KANAVAN KEHITTÄMISEEN:

*PARTIOAITAN YLEISLINKKI: https://track.adtraction.com/t/t?a=1465938056&as=1527553284&t=2&tk=1 

 Yöpymisvarusteet 

*Makuualusta Thermarest: https://adtr.co/kMGKhG 

Kantolaitteet 

*Rinkka Savotta 906:  https://adtr.co/64sr2i 
*Rinkansuojus Osprey: https://adtr.co/NW8wfk 

Vaatteet/kengät 

*Vaelluskengät Hanwag:  https://adtr.co/xA36h5 
*Vaellushousut Fjällräven:  https://adtr.co/tn7Xuc 

Kokkailu 

*Risukeitin Savotta: https://adtr.co/FAs3Jj 
*Partiolaisen box Trangia:  https://adtr.co/ACkoTC 
*Kahvipannu Trangia: https://adtr.co/kPbFJO 
*Taskuveitsi Opinel:  https://adtr.co/7gGg74 
*Poltin Trangia:  https://adtr.co/1VE3yY 
*Juomapullo Sigg:  https://adtr.co/ySFUrH 
*Retkikattila MSR:  https://adtr.co/yjQmnP 
*Paistinpannu Muurikka: https://adtr.co/MI09dS 
*Vedensuodatin Katadyn:  https://adtr.co/wumbXG 

*SCANDINAVIAN OUTDOORSIN YLEISLINKKI:
https://track.adtraction.com/t/t?a=1119705543&as=1527553284&t=2&tk=1

SCANDINAVIAN OUTDOORS 

 Yöpymisvarusteet 

*Riippumatto DD Hammocks: https://adtr.co/hSX8qg 
*Riippumaton puunhalaajat DD Hammocks: https://adtr.co/ZifICt 
*Riippumaton kiinnitysnarut DD Hammocks: https://adtr.co/pkadue 
*Underblanket DD Hammocks: https://adtr.co/NC4apT 
*Tarppi DD Hammocks: https://adtr.co/fJ9Uer 
*Makuualusta Thermarest:  https://adtr.co/Ue2jrY 

Rinkan sadesuojat 

*Rinkansuojus Savotta 906:  https://adtr.co/35yY7M 
*Rinkansuojus Osprey 50-75L:  https://adtr.co/a43vsp 

Vaatteet/kengät 

*Housut Fjällräven: https://adtr.co/IMmGfU 
*Vaelluskengät Hanwag: https://adtr.co/w7xdO8 

Työkalut 

*Kirves Marttiini: https://adtr.co/cqOL6Z 

Kokkailu 

*Risukeitin Savotta: https://adtr.co/UZtaA9 
*Taskuveitsi Opinel: https://adtr.co/3eiy3T 
*Poltin Trangia: https://adtr.co/jCKNzz 
*Juomapullo Camelbak: https://adtr.co/7ZU9kc 
*Juomapullo Sigg: https://adtr.co/kvxZKJ 
*Retkikattila MSR: https://adtr.co/U4YGFw 
*Paistinpannu Muurikka: https://adtr.co/udol1y 
*Vedensuodatin Katadyn:  https://adtr.co/5GZEDg 



#hiihtovaellus #talviretkeily #kelojaluonnosta",UCIe90O1eRceDuSn6mBkxwSQ,Keloja Luonnosta,3272.0,71.0,25.0,"Hobby,Lifestyle_(sociology),Tourism",,,2019-02-07 15:01:49+00:00,PT38M49S,https://www.youtube.com/watch?v=vsl7zLV0Bns,Liesjärvi
gfgSQhFhBXw,RIIPPUMATTOLEIRI KAHDELLE HENGELLE | Earth Hour Päijänteen Kansallispuistossa | UUSI RETKIRUOKA,"Manageri Mian elämän ensimmäinen riippumatto yö, viritettiin kaksi riippumattoa saman tarpin alle. Illalla juttelemme WWF:n Earth Hourista ja teemme omat lupauksemme maapallon ja luonnon hyväksi. Mitä sinä olet valmis lupaamaan? Retkiruokana feta-pinaatti tuorepasta.

POSTAUS SISÄLTÄÄ MAINOSLINKKEJÄ, MAINOSLINKIT ON MERKATTU TÄHDELLÄ*

*E-VILLEN VERKKOKAUPAN YLEISLINKKI: https://adtr.co/JR2YVe

ALLA MINUN KÄYTÖSSÄ OLEVIA LUOTTOVARUSTEITA PARTIOAITASTA JA SCANDINAVIAN OUTDOORSILTA.
NÄIDEN LINKKIEN KAUTTA TAPAHTUVISTA OSTOKSISTA SAAN PIENTÄ RAHAA KELOJA LUONNOSTA KANAVAN KEHITTÄMISEEN:

*PARTIOAITAN YLEISLINKKI: https://track.adtraction.com/t/t?a=1465938056&as=1527553284&t=2&tk=1 

 Yöpymisvarusteet 

*Makuualusta Thermarest: https://adtr.co/kMGKhG 

Otsavalot

*ACTIK CORE: https://adtr.co/ne2Ruy
*TIKKA: https://adtr.co/Fkawzv

Kantolaitteet 

*Rinkka Savotta 906:  https://adtr.co/64sr2i 
*Rinkansuojus Osprey: https://adtr.co/NW8wfk 

Vaatteet/kengät 

*Vaelluskengät Hanwag:  https://adtr.co/xA36h5 
*Vaellushousut Fjällräven:  https://adtr.co/tn7Xuc 

Kokkailu 

*Risukeitin Savotta: https://adtr.co/FAs3Jj 
*Partiolaisen box Trangia:  https://adtr.co/ACkoTC 
*Kahvipannu Trangia: https://adtr.co/kPbFJO 
*Taskuveitsi Opinel:  https://adtr.co/7gGg74 
*Poltin Trangia:  https://adtr.co/1VE3yY 
*Juomapullo Sigg:  https://adtr.co/ySFUrH 
*Retkikattila MSR:  https://adtr.co/yjQmnP 
*Paistinpannu Muurikka: https://adtr.co/MI09dS 
*Vedensuodatin Katadyn:  https://adtr.co/wumbXG 

*SCANDINAVIAN OUTDOORSIN YLEISLINKKI:
https://track.adtraction.com/t/t?a=1119705543&as=1527553284&t=2&tk=1

SCANDINAVIAN OUTDOORS 

 Yöpymisvarusteet 

*Riippumatto DD Hammocks: https://adtr.co/hSX8qg 
*Riippumaton puunhalaajat DD Hammocks: https://adtr.co/ZifICt 
*Riippumaton kiinnitysnarut DD Hammocks: https://adtr.co/pkadue 
*Underblanket DD Hammocks: https://adtr.co/NC4apT 
*Tarppi DD Hammocks: https://adtr.co/fJ9Uer 
*Makuualusta Thermarest:  https://adtr.co/Ue2jrY 

Otsavalot

*ACTIK CORE: https://adtr.co/WbOzvT
*TIKKA: https://adtr.co/7XRWJa

Rinkan sadesuojat 

*Rinkansuojus Savotta 906:  https://adtr.co/35yY7M 
*Rinkansuojus Osprey 50-75L:  https://adtr.co/a43vsp 

Vaatteet/kengät 

*Housut Fjällräven: https://adtr.co/IMmGfU 
*Vaelluskengät Hanwag: https://adtr.co/w7xdO8 

Työkalut 

*Kirves Marttiini: https://adtr.co/cqOL6Z 

Kokkailu 

*Risukeitin Savotta: https://adtr.co/UZtaA9 
*Taskuveitsi Opinel: https://adtr.co/3eiy3T 
*Poltin Trangia: https://adtr.co/jCKNzz 
*Juomapullo Camelbak: https://adtr.co/7ZU9kc 
*Juomapullo Sigg: https://adtr.co/kvxZKJ 
*Retkikattila MSR: https://adtr.co/U4YGFw 
*Paistinpannu Muurikka: https://adtr.co/udol1y 
*Vedensuodatin Katadyn:  https://adtr.co/5GZEDg 


#kelojaluonnosta #riippumattoilu #earthhour",UCIe90O1eRceDuSn6mBkxwSQ,Keloja Luonnosta,7401.0,186.0,63.0,"Hobby,Lifestyle_(sociology),Tourism",,,2021-04-08 14:00:11+00:00,PT29M9S,https://www.youtube.com/watch?v=gfgSQhFhBXw,Päijänne
_T354DkqVpM,Myrskyinen talviyö Teijon kansallispuistossa tarpin alla osa 1 | Hiihtovaellus,"POSTAUS SISÄLTÄÄ MAINOSLINKKEJÄ, MAINOSLINKIT MERKATTU TÄHDELLÄ*

Lähdin haastamaan itseäni ja päätin kokeilla miltä talviretkeily maistuu kun kattona pään päällä on vain kuu, tähdet ja pieni pala tarppia. Tervetuloa mukaan hiihtovaellukselle Teijon kansallispuistoon! Muista myös katsoa osa 2, jolloin kakkospäivänä on maisemat kohdillaan.

*E-VILLEN VERKKOKAUPAN YLEISLINKKI: https://adtr.co/JR2YVe

ALLA MINUN KÄYTÖSSÄ OLEVIA LUOTTOVARUSTEITA PARTIOAITASTA, SCANDINAVIAN OUTDOORSILTA JA AMAZONILTA.
NÄIDEN LINKKIEN KAUTTA TAPAHTUVISTA OSTOKSISTA SAAN PIENTÄ RAHAA KELOJA LUONNOSTA KANAVAN KEHITTÄMISEEN:

*PARTIOAITAN YLEISLINKKI: https://track.adtraction.com/t/t?a=1465938056&as=1527553284&t=2&tk=1 

 Yöpymisvarusteet 

*Makuualusta Thermarest: https://adtr.co/kMGKhG 

Kantolaitteet 

*Rinkka Savotta 906:  https://adtr.co/64sr2i 
*Rinkansuojus Osprey: https://adtr.co/NW8wfk 

Vaatteet/kengät 

*Vaelluskengät Hanwag:  https://adtr.co/xA36h5 
*Vaellushousut Fjällräven:  https://adtr.co/tn7Xuc 

Kokkailu 

*Risukeitin Savotta: https://adtr.co/FAs3Jj 
*Partiolaisen box Trangia:  https://adtr.co/ACkoTC 
*Kahvipannu Trangia: https://adtr.co/kPbFJO 
*Taskuveitsi Opinel:  https://adtr.co/7gGg74 
*Poltin Trangia:  https://adtr.co/1VE3yY 
*Juomapullo Sigg:  https://adtr.co/ySFUrH 
*Retkikattila MSR:  https://adtr.co/yjQmnP 
*Paistinpannu Muurikka: https://adtr.co/MI09dS 
*Vedensuodatin Katadyn:  https://adtr.co/wumbXG 

*SCANDINAVIAN OUTDOORSIN YLEISLINKKI:
https://track.adtraction.com/t/t?a=1119705543&as=1527553284&t=2&tk=1

SCANDINAVIAN OUTDOORS 

 Yöpymisvarusteet 

*Riippumatto DD Hammocks: https://adtr.co/hSX8qg 
*Riippumaton puunhalaajat DD Hammocks: https://adtr.co/ZifICt 
*Riippumaton kiinnitysnarut DD Hammocks: https://adtr.co/pkadue 
*Underblanket DD Hammocks: https://adtr.co/NC4apT 
*Tarppi DD Hammocks: https://adtr.co/fJ9Uer 
*Makuualusta Thermarest:  https://adtr.co/Ue2jrY 

Rinkan sadesuojat 

*Rinkansuojus Savotta 906:  https://adtr.co/35yY7M 
*Rinkansuojus Osprey 50-75L:  https://adtr.co/a43vsp 

Vaatteet/kengät 

*Housut Fjällräven: https://adtr.co/IMmGfU 
*Vaelluskengät Hanwag: https://adtr.co/w7xdO8 

Työkalut 

*Kirves Marttiini: https://adtr.co/cqOL6Z 

Kokkailu 

*Risukeitin Savotta: https://adtr.co/UZtaA9 
*Taskuveitsi Opinel: https://adtr.co/3eiy3T 
*Poltin Trangia: https://adtr.co/jCKNzz 
*Juomapullo Camelbak: https://adtr.co/7ZU9kc 
*Juomapullo Sigg: https://adtr.co/kvxZKJ 
*Retkikattila MSR: https://adtr.co/U4YGFw 
*Paistinpannu Muurikka: https://adtr.co/udol1y 
*Vedensuodatin Katadyn:  https://adtr.co/5GZEDg 



#talviretkeily #hiihtovaellus #teijo",UCIe90O1eRceDuSn6mBkxwSQ,Keloja Luonnosta,3804.0,68.0,12.0,"Hobby,Lifestyle_(sociology),Tourism",,,2019-01-24 16:47:54+00:00,PT32M51S,https://www.youtube.com/watch?v=_T354DkqVpM,Teijo
DccPELqMttA,Helteinen Vuoriseikkailu Etelä-Konneveden Kansallispuistossa | Retkeily ja Vaellus 2020,"POSTAUS SISÄLTÄÄ MAINOSLINKKEJÄ, MAINOSLINKIT MERKATTU TÄHDELLÄ*

Juhannuksen jälkeen tuli seikkailtua muutama päivä helteisen Etelä-Konneveden Kansallispuiston vuorilla. Vaellus kulki läpi Kalajanvuoren, Loukkuvuoren ja Kituvuoren. Retki tarjosi mitä kauneimpia maisemia. Testissä reissussa oli Katadyn Befree vedensuodatin, joka yllätti positiivisesti.

*E-VILLEN VERKKOKAUPAN YLEISLINKKI: https://adtr.co/JR2YVe

ALLA MINUN KÄYTÖSSÄ OLEVIA LUOTTOVARUSTEITA PARTIOAITASTA, SCANDINAVIAN OUTDOORSILTA JA AMAZONILTA.
NÄIDEN LINKKIEN KAUTTA TAPAHTUVISTA OSTOKSISTA SAAN PIENTÄ RAHAA KELOJA LUONNOSTA KANAVAN KEHITTÄMISEEN:

*PARTIOAITAN YLEISLINKKI: https://track.adtraction.com/t/t?a=1465938056&as=1527553284&t=2&tk=1 

 Yöpymisvarusteet 

*Makuualusta Thermarest: https://adtr.co/kMGKhG 

Kantolaitteet 

*Rinkka Savotta 906:  https://adtr.co/64sr2i 
*Rinkansuojus Osprey: https://adtr.co/NW8wfk 

Vaatteet/kengät 

*Vaelluskengät Hanwag:  https://adtr.co/xA36h5 
*Vaellushousut Fjällräven:  https://adtr.co/tn7Xuc 

Kokkailu 

*Risukeitin Savotta: https://adtr.co/FAs3Jj 
*Partiolaisen box Trangia:  https://adtr.co/ACkoTC 
*Kahvipannu Trangia: https://adtr.co/kPbFJO 
*Taskuveitsi Opinel:  https://adtr.co/7gGg74 
*Poltin Trangia:  https://adtr.co/1VE3yY 
*Juomapullo Sigg:  https://adtr.co/ySFUrH 
*Retkikattila MSR:  https://adtr.co/yjQmnP 
*Paistinpannu Muurikka: https://adtr.co/MI09dS 
*Vedensuodatin Katadyn:  https://adtr.co/wumbXG 

*SCANDINAVIAN OUTDOORSIN YLEISLINKKI:
https://track.adtraction.com/t/t?a=1119705543&as=1527553284&t=2&tk=1

SCANDINAVIAN OUTDOORS 

 Yöpymisvarusteet 

*Riippumatto DD Hammocks: https://adtr.co/hSX8qg 
*Riippumaton puunhalaajat DD Hammocks: https://adtr.co/ZifICt 
*Riippumaton kiinnitysnarut DD Hammocks: https://adtr.co/pkadue 
*Underblanket DD Hammocks: https://adtr.co/NC4apT 
*Tarppi DD Hammocks: https://adtr.co/fJ9Uer 
*Makuualusta Thermarest:  https://adtr.co/Ue2jrY 

Rinkan sadesuojat 

*Rinkansuojus Savotta 906:  https://adtr.co/35yY7M 
*Rinkansuojus Osprey 50-75L:  https://adtr.co/a43vsp 

Vaatteet/kengät 

*Housut Fjällräven: https://adtr.co/IMmGfU 
*Vaelluskengät Hanwag: https://adtr.co/w7xdO8 

Työkalut 

*Kirves Marttiini: https://adtr.co/cqOL6Z 

Kokkailu 

*Risukeitin Savotta: https://adtr.co/UZtaA9 
*Taskuveitsi Opinel: https://adtr.co/3eiy3T 
*Poltin Trangia: https://adtr.co/jCKNzz 
*Juomapullo Camelbak: https://adtr.co/7ZU9kc 
*Juomapullo Sigg: https://adtr.co/kvxZKJ 
*Retkikattila MSR: https://adtr.co/U4YGFw 
*Paistinpannu Muurikka: https://adtr.co/udol1y 
*Vedensuodatin Katadyn:  https://adtr.co/5GZEDg 



#kelojaluonnosta #vaellus #eteläkonnevedenkansallispuisto",UCIe90O1eRceDuSn6mBkxwSQ,Keloja Luonnosta,5484.0,132.0,29.0,"Hobby,Lifestyle_(sociology),Tourism",,,2020-06-28 18:00:04+00:00,PT22M32S,https://www.youtube.com/watch?v=DccPELqMttA,Southern Konnevesi
renUiLd1E2A,Finnish Cottage Summer Experience,"A short film about Finnish cottage life in Sysmä, Finland on the Great Lake of Päijänne. An indulgence of Finnish past times and practices that fully sooth the soul and bring out the life in the person and world. Finnish culture & nature is rich and abundant, see what it has to offer all in this short silent film.


Instagram: www.instagram.com/running_with_marc
Strava: www.strava.com/athletes/2356029
Facebook: www.facebook.com/runningwithmarc 

𝗝𝗼𝗶𝗻 𝘁𝗵𝗲 𝗦𝘁𝗿𝗮𝘃𝗮 𝗴𝗿𝗼𝘂𝗽: www.strava.com/clubs/jarc

Business enquiries:
runningwithmarc@gmail.com",UCJTTFnzwO5qUUCPkIX_nRow,Running with Marc,7929.0,198.0,75.0,"Lifestyle_(sociology),Tourism",,,2020-06-12 14:41:57+00:00,PT12M6S,https://www.youtube.com/watch?v=renUiLd1E2A,Päijänne
C5-153tLH0Y,Just another Finnish adventure (Nuuksio national park),"Just another adventure in Nuuksio national park, been taking some time off my feet from running, so this time the adventure was by walking. It's great being in the great outdoors.

I'm here to inspire and make people laugh along the way. Follow along for more every day adventures and general positive thinking.

Instagram: https://www.instagram.com/running_with_marc
Strava: https://www.strava.com/athletes/2356029",UCJTTFnzwO5qUUCPkIX_nRow,Running with Marc,1002.0,36.0,15.0,"Hobby,Lifestyle_(sociology),Tourism",,,2019-10-23 16:51:40+00:00,PT5M38S,https://www.youtube.com/watch?v=C5-153tLH0Y,Nuuksio
ZzmhzKgwLqw,"Renifery w Finlandii, Dzień Polarny, Park Narodowy Pallas-Yllästunturi, białe noce #vanlife","Po ponad 40 dniach pobytu w Szwecji nadszedł czas na zmianę, a konkretnie zmianę kraju. 
Podążając przez Szwedzką Laponię przekroczyliśmy granicę w miejscowości Muonio. 

Finlandia przywitała nas tym, z czym kojarzy się nam najbardziej a konkretnie wszechobecnymi reniferami. Te przyjazne zwierzaki, niezważające na nikogo i na nic spowodowały, że uśmiech natychmiast pojawił się na naszych twarzach. 

Na fińską Laponię mieliśmy konkretny plan. Przez najbliższe dwa tygodnie chcieliśmy zobaczyć część znajdujących się tutaj parków narodowych z których niewątpliwie Finlandia słynie. 

W Finlandii znajduje się ponad 40 parków narodowych. My zawitaliśmy do kilku z nich. W tym filmie pokażemy jeden z nich a konkretnie Park Narodowy Pallas-Yllästunturi , który jest trzecim co do wielkości parkiem narodowym w Finlandii i zajmuje powierzchnię 1020 kilometrów kwadratowych. 

Zobaczycie też, jak wyglądają chatki gdzie każdy turysta może przenocować na szlaku za zupełną darmochę a na samy końcu pokażemy nietypowe miasto, które aktualnie przenosi się poza miasto, tak, dobrze usłyszeliście dlatego, zostańcie z nami do końca. 

@kosmateszlaki 

Park Narodowy Pallas-Yllästunturi znajduje się w gminach Enontekiö, Kittilä, Kolari i Muonio w zachodniej części Laponii. Krajobraz Parku Narodowego Pallas-Yllästunturi jest zdominowany przez pasmo górskie o długości około 100 km i lasy tajgi w pasie lasów borealnych. Pod liczbą odwiedzających Park Narodowy Pallas-Yllästuntur jest najpopularniejszym parkiem narodowym w Finlandii.

Park Narodowy Pallas-Yllästuntur posiada dziesięć różnych szlaków turystycznych i tras narciarskich, przeznaczonych dla osób poszukujących różnych informacji. Trasy stosowane są w mechanizmie ochronnym do stosowania w środowisku Parku Narodowego. niektóre szlaki prowadzą na szczyt góry, podczas gdy inne wiją się przez lasy i bagienne krajobrazy okolicy.

Spacery, kolarstwo górskie, rafting, jazda na snowboardzie są możliwe w Parku Narodowym. Różnorodne szlaki turystyczne oferują możliwość jednodniowych wycieczek o różnych długościach oraz końcowych wędrówkach. W Parku Narodowym Pallas-Yllästuntur turyści jednodniowi mogą również wspiąć się na szczyt. Popularne jednodniowe wędrówki obejmują całodniowy szlak Pyhäkeron, okrężny szlak Taivaskeron, szlak Pirunkurun, szlak Varkaankurun, okrężny szlak Kesänkijärvi i okrężny szlak Tuomikurun.

Większość tras jest okrężna, a na wszystkich znajdują się usługi utrzymania pola biwakowego. Kempingami mogą być chaty typu Lodge, otwarte schroniska, pola namiotowe, miejsca widokowe, a także chaty pustynne i wypożyczalnie. Park Narodowy posiada 340 kilometrów na kilometry szlaków turystycznych. Wokół Parku Narodowego znajduje się około 200 kilometrów letnich szlaków turystycznych. Z jednostkami wyjątkami na letnich szlakach turystycznych dozwolona jest jazda na rowerze górskim. Obszar ponad 500 km tras narciarskich i ponad 100 km zimowych szlaków turystycznych. Zimowe szlaki turystyczne odbywają się do spacerów, jazdy na skuterach śnieżnych i kolarstwa górskiego.

Najwyższym aktem wykonawczym jest Taivaskero w górach tundry Pallas, na wysokości 809 metrów nad dostępem do morza. Inne wysokie szczyty do Pyhäkero, Lumikero, Laukukero i Palkaskero. Kero to fińskie słowo występujące do dokładnego, bezzdrzewnego szczytu górskiego.

Istnieje wiele jezior, stawów i strumieni. Największym jeziorem w parku jest jezioro Pallas, położone na południowy wschód od centrum turystycznego tundry Pallas.

Do dużych odbiorców w parku należącym do renifery i jelenie. Latem renifery spędzają dużo czasu w górach i na bagnach. Inne zwierzęta spotykane w okolicy królików, lisy, norki, fretki, różnych gatunków duru domowego i wiewiórek. Niedźwiedź i ryś do dwóch dużych fińskich drapieżników, które występują na stałe na terenie Parku Narodowego Pallas-Yllästuntur.

Położenie Parku Narodowego Pallas-Yllästuntur na północ od kół podbiegunowego sprawia, że ​​podlega on zjawisku pogodowemu i podanemu ze zmieniającymi się porami roku. Zima charakteru jest okresem nocy polarnych jesienią i jesienią, opadami śniegu, mrozami, które mogą spaść do -30°C i bardzo małym nasłonecznieniem. W pogodne wieczory i noce na niebie mogą być widoczne planety, spółki i zorza polarna.

W Parku Narodowym śnieżna jest następstwem marca-kwietniu, kiedy w górach i lasach może być ponad metr śniegu. Poziom światła wyjściowego późną zimą. Wiosna śnieg topnieje, a ilość światła jeszcze się zwiększa. Lato zaczyna się w połowie czerwca, a północne światło oświetlające okolicę w czerwcu-lipcu. W tym okresie nie ma słońca.

Park Narodowy Pallas-Yllästunturi został zamknięty w 2005 roku. Nowy park połączył stary Park Narodowy Pallas-Yunastunturi, rezerwat przyrody Ylläs-Aakenus oraz bliskie inne programy ochrony przyrody, tak jak programy ochrony zwykłe lasów i mokradeł. W tym czasie przestał istnieć Park Narodowy Pallas-Ounastuntur.",UCL3FIWsy3X05kyVUvMYREZQ,Kosmate Szlaki,2458.0,48.0,9.0,"Lifestyle_(sociology),Tourism",68.1,24.0,2023-09-21 17:00:31+00:00,PT21M39S,https://www.youtube.com/watch?v=ZzmhzKgwLqw,Pallas-Yllästunturi
Xm-mQX0NggU,"Park Narodowy  Pyhä-Luosto w Finlandii, wąwóz Isokuro, dzień polarny i komary w Finlandii","Kiedy dzień zaczyna trwać 24 godziny a słońce nie zachodzi Twój organizm zaczyna dziwaczeć:),tak też było z nami, kiedy się z tym ""zderzyliśmy"".

Trudno zasnąć kiedy w środku nocy słońce nadal unosi się nad horyzontem, a Ty wiesz, że już budzi się dzień i jeszcze nie zmrużyłeś oka. 

Dzień polarny nam stale towarzyszył, a my choć zmęczenie cieszyliśmy się tym jak dzieci.

Kolejnym parkiem jaki postanowiliśmy zobaczyć w północnej Finlandii był
Pyhä-Luosto. Spędziliśmy tam 3 dni, a park uznaliśmy za jeden z ciekawszych jakie dotychczas widzieliśmy.  

Park Narodowy Pyhä-Luosto – park narodowy w Laponii, w północnej Finlandii. Został założony w 2005 roku, kiedy najstarszy park narodowy tego kraju, Pyhätunturi (założony w 1938) dołączył do Luosto. 
Nowy park zajmuje obszar 142 kilometrów kwadratowych. Obejmuje góry, stare lasy i różne typy torfowisk.

Bazą parku jest 12-szczytowy łańcuch niewysokich gór (tzw. tunturi) o długości 35 km. Tunturi są pozostałością jednych z najstarszych gór na Ziemi, które uformowały się ponad 2 miliardy lat temu. Góry te charakteryzują strome zbocza, głębokie wąwozy oddzielające od siebie szczyty, oraz liczne rumowiska skalne. 
Najwyższymi szczytami są Noitatunturi – 540 m n.p.m. i Ukko-Luosto – 514 m n.p.m. Szczyty górskie są skaliste i zbudowane z kwarcytu, a roślinność na nich jest uboga. Na zboczach gór rosną ponad 200-letnie lasy sosnowe. Lasy sięgają do wysokości 320–400 m n.p.m.

Park narodowy zamieszkują takie zwierzęta jak: wydra europejska, niedźwiedź brunatny, łoś, renifer. Zaobserwowano tu 128 gatunków ptaków, m.in. sójkę syberyjską i myszołowa włochatego.

Wszystko powyższe oraz naszą nierówną walkę z chmarą komarów zobaczysz w naszym filmie do którego Cię gorąco zapraszamy:)

@kosmateszlaki 

Z N A J D Ź   N A S / FIND US

☞ Nasz Instagram: https://www.instagram.com/kosmateszlaki 

☞ Nasz Facebook: https://www.facebook.com/KosmateSzlaki

☞ email:  kosmateszlaki@gmail.com",UCL3FIWsy3X05kyVUvMYREZQ,Kosmate Szlaki,2349.0,56.0,11.0,"Hobby,Lifestyle_(sociology),Tourism",67.0851971,26.9197389,2023-10-03 16:29:48+00:00,PT13M24S,https://www.youtube.com/watch?v=Xm-mQX0NggU,Pyhä-Luosto
XhlsDFlYXr0,"Park Narodowy Oulanka Finlandia, kamperem do Finlandii, Oulanka National Park Finland #vanlife","Kontynuujemy nasze wojaże po Parkach Narodowych Finlandii. Kolejny jaki odwiedziliśmy mieści się niedaleko granicy z Rosją na wysokości koła podbiegunowego. 

Park Narodowy Oulanka bo o nim mowa to niewątpliwie jeden z najładniejszych parków jaki kiedykolwiek mieliśmy okazje odwiedzić.

Park Narodowy Oulanka położony jest we wschodniej Finlandii przy granicy z Rosją. Leży na terenie regionów Laponia i Ostrobotnia Północna. 
Od strony rosyjskiej do parku przylega Park Narodowy „Paanajarwi”

Założony w roku 1956 park był poszerzany w 1982 i ponownie w 1989 roku i obecnie zajmuje obszar 290 km². Krajobraz parku tworzą głównie lasy sosnowe, poprzecinane dolinami rwących rzek i potoków.

Przez park przebiega słynny fiński pieszy Szlak Niedźwiedzia (Karhunkierros, 82 km długości) oraz tzw. Mały Szlak Niedźwiedzia (Pieni Karhunkierros, 12 km)

My skorzystaliśmy z okazji i przeszli Mały Szlak Niedźwiedzia.
Zapraszamy do naszej relacji:)

@kosmateszlaki 


Z N A J D Ź   N A S / FIND US

☞ Nasz Instagram: https://www.instagram.com/kosmateszlaki 

☞ Nasz Facebook: https://www.facebook.com/KosmateSzlaki

☞ email:  kosmateszlaki@gmail.com",UCL3FIWsy3X05kyVUvMYREZQ,Kosmate Szlaki,2606.0,47.0,17.0,"Hobby,Lifestyle_(sociology),Tourism",66.3745719,29.3222341,2023-10-12 16:00:23+00:00,PT16M24S,https://www.youtube.com/watch?v=XhlsDFlYXr0,Oulanka
LHsXh8tEe-8,12 päivän kaamosvaellus UKK-puistossa,"Suunnattiin joulukuussa 2021 tutulla porukalla itä-Lappiin Urho Kekkosen kansallispuistoon viettämään joulua ja uutta vuotta. Retki starttasi Kiilopäältä suunnitelmana hiihtää tuvalta tuvalle Luirojärvelle ja sieltä kaartaa pohjoiseen rengasreittiä takaisin Kiilopäälle.
Lumitilanteen, vähäisten kelkkaurien ja retkueeseemme iskeneen flunssan takia jouduimme kuitenkin hautaamaan haaveet näin pitkän reitin hiihtämisestä.
Saimme kuitenkin nauttia kaamoksen lumoavasta tunnelmasta, UKK-puiston vaihtelevista maisemista ja toimivasta tupaverkostosta kahdentoista päivän ajan. Pääsimme myös huiputtumaan Sokosti-tunturin hienossa säässä.",UCL7_aceRaGefu63hMEi9-mQ,Mikael Pursi,16235.0,328.0,61.0,"Hobby,Lifestyle_(sociology),Tourism",68.1666667,28.25,2022-02-08 15:40:59+00:00,PT48M19S,https://www.youtube.com/watch?v=LHsXh8tEe-8,Urho Kekkonen
HrXYWmqm3EU,Talvitelttailua Nuuksiossa - HELSPORT Spitsbergen X-Trem,"Uusi vuosi ja uusi teltta.
Lähdettiin meidän lähimetsään eli Nuuksion kansallispuistoon samoilemaan yhden yön retkelle. Samalla tuli avattua retkeilyvuosi omalta osalta ja testattua Helsport Spitsbergen X-Trem 3 Camp-telttaa talviolosuhteissa.",UCL7_aceRaGefu63hMEi9-mQ,Mikael Pursi,2466.0,78.0,8.0,"Hobby,Lifestyle_(sociology),Tourism",,,2023-03-06 05:00:13+00:00,PT21M9S,https://www.youtube.com/watch?v=HrXYWmqm3EU,Nuuksio
wwXwYK07AaA,Vappu Repovedellä - eli syödään ja juodaan metsässä,"Lähdettiin kaveriporukalla vapun viettoon Repoveden kansallispuistoon keväällä 2021. Rinkat täynnä ruokaa ja juomaa marssimme Repoveden hienoissa maisemissa ja nautimme rennosta retkeilystä kolmen päivän ajan. 
Tällä reissulla ei grammoja viilattu, vaan repusta löytyi mm. reilu kilon Tomahawk-pihvi ja punkkupullo.",UCL7_aceRaGefu63hMEi9-mQ,Mikael Pursi,1918.0,43.0,5.0,"Hobby,Lifestyle_(sociology),Tourism",61.1879953,26.9023636,2022-04-03 07:42:25+00:00,PT30M36S,https://www.youtube.com/watch?v=wwXwYK07AaA,Repovesi
hR3QO0YbtUY,SIIKAPILKILLÄ YLLÄKSEN SEUDULLA - PYHÄJÄRVI - PALLAS- YLLÄSTUNTURIN KANSALLISPUISTO,"Ylläksen alueella on useita kalapaikkoja, joista tunnetuimmat on ehkä Kesänkijärvi, Pyhäjärvi ja Rautujärvi, jotka mainitaan monessa eri paikassa. Lisäksi alueelta löytyy Ylläsjärvi, Äkäslompolo ja Luosujärvi, sekä iso nippu pienempiä järviä ja lampia. Kävin pilkkimässä Pyhäjärvellä, joka on Kittilän puolella, mutta lähempänä Yllästä, kuin Kittilää.

🏕 Tilaa kanava. Se ei kustanna mitään!
🏕 https://www.instagram.com/sopulifishing/

#ylläs #levi #pilkkiminen",UCLpwR6XmlPAISBqllF7rY-Q,SOPULI,20400.0,376.0,29.0,"Hobby,Lifestyle_(sociology),Pet",,,2022-04-10 16:31:43+00:00,PT19M12S,https://www.youtube.com/watch?v=hR3QO0YbtUY,Pallas-Yllästunturi
jGxwzG09NoM,KUVATAAN AURINGONNOUSU TORRONSUON KANSALLISPUISTOSSA | HOBO SAPIENS | VANLIFE SUOMI,"Kirkas ja kuulas kevätaamu innoitti kuvaamaan auringonnousun Torronsuon kansallispuistossa. Avaan hieman miten kuvauksia lähestyn ja annan muutaman vinkin parempiin kuviin. Toki ruokaa tehdään mutta tällä kertaa melko nopeasti.

Tarrakauppa: https://photoby.kim/stickers

https://www.instagram.com/hobosapienskimohman
https://www.photoby.kim
https://www.kimohman.com
https://www.tiktok.com/@hobosapienskimohman

Musiikki: https://tinyurl.com/ybjp6bmq",UCMchIvEhfzrGVMWeFlgZwnw,Hobo Sapiens,2283.0,99.0,24.0,Lifestyle_(sociology),,,2021-05-02 04:30:05+00:00,PT29M9S,https://www.youtube.com/watch?v=jGxwzG09NoM,Torronsuo
2vpccgR964M,Syöte-Helsinki All Night Long | Hobo Sapiens,"Tervetuloa matkalle Syötteen kansallispuistosta Helsinkiin.
Matkamonologi tunnelmista tien päällä.

Tarrakauppa: https://hobosapiens.fi

https://www.instagram.com/hobosapienskimohman

https://www.kimohman.com
https://www.tiktok.com/@hobosapienskimohman

Musiikki: https://tinyurl.com/ybjp6bmq

Stanleyn tuotteet: http://www.nordictrail.fi
Fillarit: http://www.specialized.com
Kahvit: https://lehmusroastery.com",UCMchIvEhfzrGVMWeFlgZwnw,Hobo Sapiens,2516.0,104.0,23.0,Lifestyle_(sociology),,,2021-09-19 05:00:01+00:00,PT17M26S,https://www.youtube.com/watch?v=2vpccgR964M,Syöte
7yLB0N4a53w,AAMU REPOVEDEN KANSALLISPUISTOSSA | VIERAANA PODCASTISSA,"Piipahdin Repoveden kansallispuistossa. Olin Olli Järvenkylän vieraana Kansallispuistot-podcastissa (podcast-jakso tulee ulos myöhemmin)
https://www.supla.fi/podcast/retkeily-podcastit
https://www.reppuretki.fi

Tarrakauppa: https://hobosapiens.fi

https://www.instagram.com/hobosapienskimohman

https://www.kimohman.com
https://www.tiktok.com/@hobosapienskimohman

Musiikki: https://tinyurl.com/ybjp6bmq

Stanleyn tuotteet: http://www.nordictrail.fi
Fillarit: http://www.specialized.com
Kahvit: https://lehmusroastery.com",UCMchIvEhfzrGVMWeFlgZwnw,Hobo Sapiens,1963.0,104.0,10.0,Lifestyle_(sociology),,,2021-10-03 05:00:02+00:00,PT12M16S,https://www.youtube.com/watch?v=7yLB0N4a53w,Repovesi
nR9J23D1AfU,NUUKSIO | VALOKUVAUSTA | PIKALOUNAS,"Piipahdin Nuuksion kansallispuistossa kävelyllä ja kuvaamassa.
Juttelen videolla valokuvaamisesta sekä teen nopean retkilounaan.

Laita kanava tilaukseen!

Valokuvia reissuilta: https://kimohman.com/journal

Wølmark pipot yms: https://wolmark.fi

*Snow Peak suodatinpidike Partioaitta:
https://adtr.co/WQ04ot

*Stanley retkeilytuotteet:
https://adtr.co/Enb2ls

*Marttiini veitset, puukot ja kirveet
https://adtr.co/jEQG1f

*Adlibris:
Retkiruokakirja https://adtr.co/WGJVj8

Varusteita:
*Matkavaruste https://adtr.co/3Cya57
*Scandinavian Outdoor  https://adtr.co/7VUcjB
*Partioaitta https://adtr.co/qXZ2pc
*Weekendbee https://adtr.co/b8u4g1

Liity mukaan Road Trip Suomi -ryhmään!
https://bit.ly/34WDwem

Tarrat, reseptit yms: https://hobosapiens.fi",UCMchIvEhfzrGVMWeFlgZwnw,Hobo Sapiens,2541.0,125.0,28.0,"Hobby,Lifestyle_(sociology),Tourism",,,2022-11-20 06:00:28+00:00,PT23M17S,https://www.youtube.com/watch?v=nR9J23D1AfU,Nuuksio
oQIDMMAWvGE,LUMIMYRÄKKÄ | VANLIFE SUOMI,"Kolilta matka jatkui Leivonmäen kansallispuistoon ottamaan vastaan vuoden 2022 toinen kunnon talvimyrsky. 

Liity mukaan Road Trip Suomi -ryhmään!
https://bit.ly/34WDwem

*Valurautapatoja:
https://amzn.to/32ORmPz

*Jalusta valurautapadalle
https://amzn.to/3q0Sl7M

*Stanley retkeilytuotteet
https://adtr.co/Enb2ls

*Marttiini veitset, puukot ja kirveet
https://adtr.co/jEQG1f

*Primus retkikeitin
https://adtr.co/nBSC48

Tarrat, reseptit yms: https://hobosapiens.fi
https://www.instagram.com/hobosapiens...
https://www.kimohman.com
https://www.tiktok.com/@hobosapienski...
Musiikki: https://tinyurl.com/ybjp6bmq
Kahvit: https://lehmusroastery.com

*merkityn linkin kautta tehdyistä ostoista kanava saa pienen pienen provision. Kiitos jos teit hankintoja.",UCMchIvEhfzrGVMWeFlgZwnw,Hobo Sapiens,4493.0,219.0,37.0,"Lifestyle_(sociology),Tourism",,,2022-02-13 16:00:32+00:00,PT17M19S,https://www.youtube.com/watch?v=oQIDMMAWvGE,Leivonmäki
0uc2CRhMIAQ,TIEN PÄÄLLÄ | LAUHANVUOREN KANSALLISPUISTO | VANLIFE,"Parin viikon videotauko on ohi ja Van Diesel on taas reissuhommissa. 
Tällä kertaa ollaan Lauhanvuoren kansallispuistossa sekä Mustasaaressa, Vaasan kupeessa.

Tarrakauppa: https://hobosapiens.fi

https://www.instagram.com/hobosapiens...
https://www.photoby.kim
https://www.kimohman.com
https://www.tiktok.com/@hobosapienski...

Musiikki: https://tinyurl.com/ybjp6bmq

Stanleyn tuotteet: http://www.nordictrail.fi
Fillarit: http://www.specialized.com
Kahvit: https://lehmusroastery.com",UCMchIvEhfzrGVMWeFlgZwnw,Hobo Sapiens,2744.0,102.0,14.0,"Lifestyle_(sociology),Tourism",,,2021-06-20 08:53:48+00:00,PT20M33S,https://www.youtube.com/watch?v=0uc2CRhMIAQ,Lauhanvuori
rNxkvhYxQTo,ARKEA PAKOON LIESJÄRVEN KANSALLISPUISTOON | WINGS & PANCAKES | 4K,"Tunsin pakottavaa tarvetta paeta Helsingistä rauhallisempaan ympäristöön. Reissupaku vei Liesjärven kansallispuistoon pohtimaan elämää nuotion äärellä. Reissukeittiössä wingsit ja pannukakkuja.

Tsekkaa https://www.hobosapiens.fi

Musiikki: Hobo Theme
Sävellys: Arttu Volanto

Van Life - Elämäni Road Trip https://areena.yle.fi/1-61882614

Valokuvia reissuilta: https://kimohman.com/journal

*Snow Peak suodatinpidike Partioaitta:
https://adtr.co/WQ04ot

*Stanley retkeilytuotteet:
https://adtr.co/Enb2ls

*Marttiini veitset, puukot ja kirveet
https://adtr.co/jEQG1f

*Adlibris:
Retkiruokakirja https://adtr.co/WGJVj8",UCMchIvEhfzrGVMWeFlgZwnw,Hobo Sapiens,4072.0,215.0,46.0,"Food,Lifestyle_(sociology),Tourism",60.6535892,23.8977183,2023-03-19 05:45:01+00:00,PT26M59S,https://www.youtube.com/watch?v=rNxkvhYxQTo,Liesjärvi
RzvofX3QrJw,-21°c PAKKASYÖ REISSUPAKUSSA REPOVEDEN KANSALLISPUISTOSSA | REISSUKEITTIÖSSÄ KULKIJAN PANNU 4K,"Kylmä yö Repovedellä reissupakussa tähtitaivaan alla. Aamukahvien jälkeen retkikeittiössä valmistuu kulkurin pannu.


Tsekkaa https://www.hobosapiens.fi

Musiikki: Arttu Volanto

Linkin kautta pääset kokeilemaan BookBeatia maksutta 30 päivän ajan, jos et ole kokeillut BookBeatia aiemmin. Saat 20 tuntia kuunteluaikaa. Etu koskee uusia BookBeat-käyttäjiä. BookBeat on äänikirjapalvelu, jossa yli 500 000 e- ja äänikirjaa. 
https://adtr.co/1lWMCw

Valokuvia reissuilta: https://kimohman.com/journal

Wølmark pipot yms: https://wolmark.fi

*Snow Peak suodatinpidike Partioaitta:
https://adtr.co/WQ04ot

*Stanley retkeilytuotteet:
https://adtr.co/Enb2ls

*Marttiini veitset, puukot ja kirveet
https://adtr.co/jEQG1f

*Adlibris:
Retkiruokakirja https://adtr.co/WGJVj8",UCMchIvEhfzrGVMWeFlgZwnw,Hobo Sapiens,5297.0,209.0,23.0,"Food,Lifestyle_(sociology),Tourism",,,2023-02-26 06:00:08+00:00,PT26M24S,https://www.youtube.com/watch?v=RzvofX3QrJw,Repovesi
_Nox_EQjSOQ,Kuusamo Drone 4K,"ENG: Drone footage from Oulanka National Park and surroundings.
Shot with DJI Mini 3 Pro.
FIN: Dronevideo Oulangan kansallispuistosta ja sen lähialueilta.

Music: Epidemicsound https://tinyurl.com/ybjp6bmq
www.kimohman.com",UCMchIvEhfzrGVMWeFlgZwnw,Hobo Sapiens,1605.0,83.0,13.0,"Hobby,Lifestyle_(sociology)",,,2022-09-06 10:32:19+00:00,PT2M43S,https://www.youtube.com/watch?v=_Nox_EQjSOQ,Oulanka
6JqJsVumoXo,RETKEILY | PÄIVÄRETKI MYLLYKOSKELLE | VAN LIFE SUOMI,"Piipahdin Oulangan kansallispuiston suositussa retkikohteessa, Myllykoskella. Retkeltä palattuani keittelin vielä autossa kahvit.

Tarrakauppa: https://photoby.kim/stickers

https://www.instagram.com/hobosapienskimohman
https://www.photoby.kim
https://www.kimohman.com
https://www.tiktok.com/@hobosapienskimohman

Musiikki: https://tinyurl.com/ybjp6bmq
Dew - Da Sein",UCMchIvEhfzrGVMWeFlgZwnw,Hobo Sapiens,4436.0,164.0,35.0,"Lifestyle_(sociology),Tourism",,,2021-02-02 16:49:25+00:00,PT15M3S,https://www.youtube.com/watch?v=6JqJsVumoXo,Oulanka
sHSzvfW7EOM,VAIKEUKSIA LÖYTÄÄ YÖPAIKKA | LEFFAILTA PAKUSSA | VANLIFE SUOMI,"Sekoiluksihan se yöpaikan etsiminen meni. Lopulta päädyin Liesjärven kansallispuistoon viettämään leffailtaa Van Dieselin uumenissa.

Tarrakauppa: https://photoby.kim/stickers

https://www.instagram.com/hobosapienskimohman
https://www.photoby.kim
https://www.kimohman.com
https://www.tiktok.com/@hobosapienskimohman

Musiikki: https://tinyurl.com/ybjp6bmq
Appalachian Backroads - Hunter Quinn
That Impossible Last Breath - Da Sein",UCMchIvEhfzrGVMWeFlgZwnw,Hobo Sapiens,4831.0,165.0,41.0,"Lifestyle_(sociology),Tourism",,,2021-02-26 17:00:20+00:00,PT23M59S,https://www.youtube.com/watch?v=sHSzvfW7EOM,Liesjärvi
IZwU6t1Ztrw,Repoveden uudella sillalla! 🌁🌲🚐 | PAKUELÄMÄÄ (Vanlife Suomi),"PAKUELÄMÄÄ-videosarjassa seurataan #vanlife -elämää pakettiautoon itse rakentamassamme liikkuvassa minikodissa! Tämän kertaisessa videossa vuorossa on pakuretki Repoveden kansallispuistoon ja Lapinsalmen uuden sillan ylitys.

Tutustu PIIIAshop:iin: https://shop.piiia.com

Tervetuloa mukaan seuraamaan seikkailujamme! Uusia jaksoja julkaistaan kanavalla joka sunnuntai-ilta. Toivottavasti viihdyt matkassamme! :)

JOS TYKKÄSIT, niin klikkaa PEUKKU YLÖS ja TILAA KANAVA (http://bit.ly/2mRpC5m) ! ♥

»»»»»»»»»»

There are English subtitles available for non-Finnish speakers!

VAN LIFE VLOG -video series follows our #vanlife in Finland! We self-converted our Ford Transit van to a tiny rolling home. On today's vlog we do a day trip to Repovesi National Park and New Lapinsalmi Bridge!

Check out the PIIIAshop -web shop: https://shop.piiia.com/en

Welcome to follow our adventures! New video every second Sunday on the channel. Hope you enjoy! :)

IF YOU LIKED, please click THUMBS UP and SUBSCRIBE my channel (http://bit.ly/2mRpC5m) ! ♥

««««««««««


#pepepakuelämää #pepethevan #pakunimeltäpepe #PIIIAretkellä #PIIIAroadtripping #PIIIAvlog

IG: http://www.instagram.com/piiiacom & http://www.instagram.com/pepethevan
FB: http://www.facebook.com/piiiacom
WWW: http://piiia.com
CONTACT: info(at)piiia.com",UCNFWPF0AiXaNInkrAcLgvzg,PIIIA,4122.0,94.0,33.0,Lifestyle_(sociology),61.1879953,26.9023637,2019-12-23 18:00:03+00:00,PT15M47S,https://www.youtube.com/watch?v=IZwU6t1Ztrw,Repovesi
F-LgXUkIfNc,VLOG#59 Finnland mit dem Wohnmobil | Oulanka Nationalpark,"Wanderung auf der Pieni Karhunkierros - die kleine Bärenrunde im Oulanka Nationalpark in Finnland. Einsame Ruhe, Weite, das unbekannte, Rentiere und vielleicht auch Bären...
.
.
.
Wir sind Lysan und Benjamin und leben und reisen in unserem Wohnmobil durch Europa. Wir fahren einen Concorde 620XT auf Fiat Ducato 230 2.5TDI aus 1995.

Dir gefallen unsere Videos 🎥 und Du möchtest unsere kreative Arbeit unterstützen? Wir freuen uns über jeden Beitrag! 
Hier geht’s zur Dieselkasse🚐💨

➡️PayPal: https://paypal.me/RVingEurope

Website: www.RVingEurope.com
Facebook: www.facebook.com/rvingeurope

Roomtour innen vom Wohnmobil: https://youtu.be/KFPAPi7dHLE 
Roomtour aussen vom Wohnmobil: https://youtu.be/_KE9EV2jZvk 
Warum sind wir ausgestiegen: https://youtu.be/cXphWgeOr2o 
Was kostet das Leben im Wohnmobil: https://youtu.be/xr6gNP56_Ig",UCNQcvWs4fWU8FhUFXHoGINw,RVingEurope Deutsch,4634.0,298.0,61.0,"Hobby,Lifestyle_(sociology),Tourism",,,2019-08-28 15:00:03+00:00,PT17M57S,https://www.youtube.com/watch?v=F-LgXUkIfNc,Oulanka
63_Sd574h80,Skiing Ivalojoki and Lemmenjoki 2019,"In March 2019 I went with my friend to Hammastunturi Wilderness Area to ski up Ivalojoki River and then to Lemmenjoki National Park to do a loop there. We finished a little bit earlier so at the end we went to Urho Kekkonen National Park for a short trip on ski tracks.
Trip reports in polish:
Hammastunturi: https://acrossthewilderness.blogspot.com/2019/03/hammastunturi-ivalojoki-na-nartach.html
Lemmenjoki: https://acrossthewilderness.blogspot.com/2019/04/park-narodowy-lemmenjoki-na-nartach.html

W marcu 2019 z Kasią Nizinkiewicz wybrałyśmy się do fińskiej Laponii żeby przejść na nartach wzdłuż rzeki Ivalojoki przez Hammastunturi, a następnie zrobiłyśmy pętlę po Parku Narodowym Lemmenjoki. Pozostały czas spędziłyśmy na przygotowanych trasach narciarskich w Parku Narodowym Urho Kekkonena",UCObkQY28ni_fgVg_3bqMfXA,Agnieszka 'Zebra' Dziadek,1335.0,68.0,27.0,"Hobby,Lifestyle_(sociology),Tourism",,,2019-04-28 11:47:10+00:00,PT38M42S,https://www.youtube.com/watch?v=63_Sd574h80,Lemmenjoki
kipk67qWvmo,"Рождество на автодоме в национальном парке, в первый раз на горных лыжах #evgenyfinn #автодом","Друзья! всем привет!!!!
Немного я задержался в этом году с видео))), но постараюсь исправиться.
Наша поездка на автодоме на север в Национальный парк Коли Финляндия. Ездили мы на католическое  Рождество. Там мы гуляли, смотрели красоты зимней сказки. Там же я в первый раз попробовал встать на горные лыжи. Посмотрите , что из этого получилось)).
Всем приятного просмотра, поддержите пожалуйста лайком и подпиской кто не подписан ещё. Пишите комментарии постараюсь на них ответить спасибо.",UCPodzGcTvM7X9vQbpmc7oIQ,Evgeny Finn,4055.0,207.0,53.0,"Lifestyle_(sociology),Tourism",63.096858,29.8062314,2021-04-12 18:45:13+00:00,PT30M43S,https://www.youtube.com/watch?v=kipk67qWvmo,Koli
noqU8aG3WDY,Kolmen vuoren vaellus - Etelä Konnevesi,"Alkukeväinen kahden yön vaellus Etelä-Konneveden kansallispuistoon. Vaellettiin Kolmen Vuoren Vaellus. Alkuperäinen tarkoitus oli lähteä melontaretkelle, mutta järvet olivatkin vielä jäässä, näinpä päädyttiin ihan patikointipuuhiin :). Parin päivän retkelle sai vielä aika maittavat retkiruoatkin tehtyä. Videota tehdessä sattui pieni yllättävä käänne, kun videomateriaali putosikin dronen mukana veteen..

Sukeltajat: Ig: @1nstatomm1 ja @jussijuntunen
Sukeltajat: Youtube: https://www.youtube.com/c/TommiPasanen",UCQUTl9Pa7x4HYkBJix2sXKA,Markus ja Saara Atula,4998.0,61.0,11.0,"Hobby,Lifestyle_(sociology),Tourism",,,2021-05-30 15:00:32+00:00,PT15M21S,https://www.youtube.com/watch?v=noqU8aG3WDY,Southern Konnevesi
fLBFcVPluas,Mystinen Vongoiva - 6 päivän vaellus UKK-puistossa OSA 1,"Teimme ruskavaelluksen Urho Kekkosen kansallispuistossa (UKK) syyskuussa 2021 tavoitteenamme saavuttaa Vongoiva -tunturi aivan itärajan kupeessa. Lähdimme matkaan Aittajärven parkkipaikalta ja suuntasimme Suomujoen vartta pitkin Siikauopajan laavun kautta Lupukkapään juurelta lähtevän Lupukkaojan varteen ensimmäiseksi yöksi. Mukaan oli lyöttäytynyt myös eräopasystävämme Sonja, jonka kanssa olimme olleet aiemminkin useamman kerran laavuretkillä, mutta nyt ensimmäistä kertaa vaeltamassa.  Toisena päivänä tarkoitus oli kiivetä Lupukkapäälle, mutta se oli pilvien peitossa ja muutenkin siinä vaiheessa  alkoi olla jo niin nälkä, että päätimme laskeutua Maantiekuruun ja jatkaa siitä lounaalle Pälkkimäojan laavulle. Sonja joutui harmillisesti aikataulullisista syistä kääntymään omille teilleen tässä vaiheessa. Pohdimme menevämme Luirojärven rantaan Anterinkämppään yöksi kuivattelemaan jälleen kerran kastuneita vaelluskenkiämme, mutta kuultuamme siellä leiriytyvän ihmisjoukon suuruudesta, ymmärsimme ettei kenkämme sinne mahtuisikaan ja päätimme jatkaa Sokostinojan vartta pitkin Hietapään juurelle, jossa sitten telttailisimme. Lopulta päädyimme Kärppäpään juurelle lammen rantaan, koska se oli ensimmäinen paikka, jossa oli vettä ja tasaista teltalle. Seuraavana päivänä matka jatkui Hammaskurun autiotuvan kamojenkuivattelutauon kautta Hammaskuruun, joka oli uskomattoman kaunis, niin kuin meille oli luvattukin. Aurinko alkoi paistaa ja fiilis oli huipussaan. Telttapaikka löytyi Kielitunturin juurelta, Anterinjoen varresta. Kolmantena päivänä oli vihdoin aika valloittaa Vongoiva ja sen takana häämöttävä Vongoinvanräystäs. Nousimme Kielitunturin läntistä rinnettä sen harjanteelle ja jatkoimme siitä Reututunturin kautta määränpäähämme. Ja millainen määränpää se olikaan. Vongoivanräystäs ylitti kaikki odotuksemme. Videoltakin sen varmasti näkee. 


Eräruokaan erikoistuneen eräoppaan Sonjan yhteystiedot:
sonjalassila(at) gmail.com
IG: sonjarnevi

Ja suurkiitokset vielä Peter Roelle (@Retkireppu ) luvasta käyttää hänen säveltämäänsä musiikkiaan videollamme!

Videon musiikit:
Peter Roe - Frozen Wilds
Reed Mathis - Climbing
Patrick Patrikios - Glacier
Peter Roe - Sakura

#ruska #vaellus #UKK 

Instagram: @viimeistamuruamyoten
Blogi: https://www.viimeistamuruamyoten.com

Teemme videoita luonnosta, vaeltamisesta, retkeilystä, retkiruoista ja retkivarusteista. Matkaa taitamme jalkaisin, hiihtäen, pyöräillen tai meloen ja välillä saatamme pysähtyä hetkeksi kalastamaan. Retket suuntautuvat pääasiassa Suomen Lapin erämaahan ja tuntureille sekä muuallekin Suomen kansallispuistoihin. Tervetuloa mukaan!",UCQUTl9Pa7x4HYkBJix2sXKA,Markus ja Saara Atula,27167.0,315.0,54.0,"Hobby,Lifestyle_(sociology),Tourism",,,2021-11-26 14:00:18+00:00,PT57M14S,https://www.youtube.com/watch?v=fLBFcVPluas,Urho Kekkonen
WoXUwCMoaHA,Merkkipäivän juhlistus - 3 päivän vaellus Pyhä-Luoston kansallispuistossa,"Voiko Lapin vaelluksella vesi loppua kesken? Tavallaan. Lähdimme viettämään merkkipäivää vaeltamalla Pyhältä Luostolle. Ruska veteli viimeisiään,  mutta Pyhän tunturiaapa sähdehti kirkkaan oranssina. Tällä kertaa tarkoitus oli tehdä kevyt retki polkuja pitkin, mutta tunturin rakkaanhan sitä eksyttiin. Teltan sijaan majoituimme Huttuloman autiotuvassa ja Yrjölän vuokratuvassa.

#retkeily",UCQUTl9Pa7x4HYkBJix2sXKA,Markus ja Saara Atula,21648.0,345.0,54.0,"Hobby,Lifestyle_(sociology),Tourism",,,2023-01-13 14:30:13+00:00,PT35M41S,https://www.youtube.com/watch?v=WoXUwCMoaHA,Pyhä-Luosto
csquOxN46OI,Lemmenjoen ja Hammastunturin Erämaan läpi vaellus 7 päivässä,"Saako yöttömänä yönä unta? Tuleeko räkkä nykyään jo ennen Juhannusta? Mistä massiivinen hirvensarvi on peräisin? Saako erämaasta kalaa?

Vaelsimme kesäkuun alussa Lemmenjoen kansallispuiston ja Hammastunturin erämaan läpi kokien yöttömän yön kalastushetket, ensimmäiset sääsket ja mäkärät. Menimme jokilaivalla Kultasatamaan ja sieltä kiipesimme Lemmenjoen kansallispuiston korkeimman tunturin Morgam-Viibuksen huipulle, josta matka jatkui halki Hammastunturin erämaan. Kiipesimme Appistunturien huipulle, kalastimme harjusta erämaajärvistä. Hammastunturikin tuli valloitettua. Todellista Lapin kesäisen luonnon kauneuden ihmettelyä.

Videolla esitetyt kartat ovat kuvakaappauksia Metsähallituksen hallinnoimasta retkikartta.fi -sivustosta.",UCQUTl9Pa7x4HYkBJix2sXKA,Markus ja Saara Atula,24293.0,340.0,78.0,"Hobby,Lifestyle_(sociology),Tourism",,,2022-07-26 13:00:25+00:00,PT58M52S,https://www.youtube.com/watch?v=csquOxN46OI,Lemmenjoki
ZtncavKR03I,Kohti Paratiisia - 6 päivän vaellus UKK-puistossa OSA 2,"Ruskavaellus Urho Kekkosen Kansallispuistossa (UKK) jatkuu Vongoivalta kohti Pirunporttia, jonka läpi on kuljettava päästäkseen Paratiisikuruun. Karun komeat tunturimaisemat vaihtuvat syvän oransseihin ruskan väreihin laskeutuessamme Reututunturilta Anterinjoen varteen. Akanhärkäkuru tulee vastaan jopa hieman yllättäen ja hurmaa meidät kauneudellaan. Syömme lounasta Muurravaarakan tulipaikalla ennen pitkää nousua Pirunportin läpi. Tunnelma on jopa hengellinen. Pirunportin jylhät rakkaseinämät kaareutuvat yllemme. Takaa paljastuu Ukselmakuru, jonka horisontissa siintävät lukuisat tunturijonot haalean sinisinä. Aloitamme nousumme kohti Paratiisikurua. 

Seisoessamme tunturin harjanteella emme voi lähes käsittää edessämme avautuvaa maisemaa. Paratiisikuru hohtaa kaikissa kuvitteellisissa ruskan väreissä hennon keltaisesta syvän punaiseen. Tunturikoivut syleilevät kurun seinämiä. Paratiisikurun lampi, sen kruununjalokivi, kirkkaan sinivihreänä ruskaloiston keskeltä. Olemme totisesti astuneet paratiisiin. Emme ole koskaan nähneet mitään näin hienoa. Sanat eivät riitä kuvaamaan näkemäämme ja jos totta puhutaan, kuvat ja videotkaan eivät anna sille riittävää kunniaa. Se on jotain, mikä pitää kokea itse. Poistuminen paratiisista oli vaikeaa. Askeleet laahasivat perässä.

Ja taas kertaalleen suurkiitokset Peter Roelle (@Retkireppu ) luvasta käyttää hänen säveltämäänsä musiikkiaan videollamme!

Peter Roe - When the Peach Trees Bloom
Peter Roe - Hymn of Eternity
Muut kappaleet artlist.io

#ruska #vaellus #UKK 

Instagram: @viimeistamuruamyoten
Blogi: https://www.viimeistamuruamyoten.com

Teemme videoita luonnosta, vaeltamisesta, retkeilystä, retkiruoista ja retkivarusteista. Matkaa taitamme jalkaisin, hiihtäen, pyöräillen tai meloen ja välillä saatamme pysähtyä hetkeksi kalastamaan. Retket suuntautuvat pääasiassa Suomen Lapin erämaahan ja tuntureille sekä muuallekin Suomen kansallispuistoihin. Tervetuloa mukaan!",UCQUTl9Pa7x4HYkBJix2sXKA,Markus ja Saara Atula,16530.0,282.0,65.0,"Hobby,Lifestyle_(sociology),Tourism",,,2021-12-10 13:00:31+00:00,PT38M32S,https://www.youtube.com/watch?v=ZtncavKR03I,Urho Kekkonen
E8DXbhlpSdk,Meidän ensimmäinen hiihtovaellus - 7 päivää UKK:ssa,"Maaliskuussa teimme elämämme ensimmäisen hiihtovaelluksen Urho Kekkosen kansallispuistossa (UKK) Kiilopäältä Sokostille (Luirojärven kierros). Ahkiot oli pakattu täyteen talvivaellukseen tarvittavia varusteita ja retkiruoat oli pääosin kuivattu valmiiksi. Aurinkoinen pakkassää johdatti meidät Suomunruoktun autiotuvalle, jossa yövyimme varaustuvan puolella. Sieltä matka jatkui Tuiskutunturien yli Tuiskukuruun, jossa telttailimme 4-hengen tunneliteltassa revontulien vaimean loisteen alla. Luirojärvellä odotti sauna, tai ainakin saunan lämmitys, johon vettä sulateltiin lumesta oikein urakalla. Luirojärven Hillton oli meitä lukuunottamatta tyhjillään. Kävimme valloittamassa Sokostin ja katselemassa tunturien huippuja. Lasketeltiin Sokostin jäisiä rinteitä tunturisuksilla alas. Mikko pääsi huomattavasti nopeammin laskettelusuksillaan. Matka jatkui umpihangessa hiihtäen kohti Lankojärven autiotupaa. Väliin mahtui vielä yksi telttayö matkanteon hitauden vuoksi. 

Tarkempi reittikuvaus löytyy blogista: https://viimeistamuruamyoten.com/hiihtovaellus-sokostin-huipulle-luirojarven-kierros-90-km-nousua-ja-laskua-1550m/

Instagram: @viimeistamuruamyoten
Blogi: https://www.viimeistamuruamyoten.com

Teemme videoita luonnosta, vaeltamisesta, retkeilystä, retkiruoista ja retkivarusteista. Matkaa taitamme jalkaisin, hiihtäen, pyöräillen tai meloen ja välillä saatamme pysähtyä hetkeksi kalastamaan. Retket suuntautuvat pääasiassa Suomen Lapin erämaahan ja tuntureille sekä muuallekin Suomen kansallispuistoihin. Tervetuloa mukaan!

Musiikit:
Mind Stream - Chris Haugen
Let's do this! - Nat Keefe&Hotbuttered rum
Koto San - Ofshane
Leaning on the everlasting arms - Zachariah Hickman",UCQUTl9Pa7x4HYkBJix2sXKA,Markus ja Saara Atula,8201.0,92.0,5.0,"Hobby,Lifestyle_(sociology),Tourism",,,2021-04-13 14:56:23+00:00,PT11M47S,https://www.youtube.com/watch?v=E8DXbhlpSdk,Urho Kekkonen
_CoXuobUqvE,Liesjärven kansallispuistossa Korteniemen tulipaikalla.,"Minulla oli tarkoitus lähteä Teijoon, mutta suunnitelmien muuttuessa lähdettiin Ronin ja Millien kanssa Korteniemeen. Punatulkun kierros jäi kiertämättä, mutta löydettiin kiva nuotiopaikka ja grillattiin pihviä.",UCQVD31tNHT3-dLfBFogV0Aw,Esan Erä ja Luonto,1291.0,27.0,0.0,"Hobby,Lifestyle_(sociology),Tourism",,,2018-03-11 13:07:40+00:00,PT12M37S,https://www.youtube.com/watch?v=_CoXuobUqvE,Liesjärvi
_UdEWRM6n9s,Wild Camping in Finland with Caravan Adria Aviva 360 DD - Wildcampen in Finnland mit dem Wohnwagen,"Adria Aviva 360 DD/DK Facebook Group - https://www.facebook.com/groups/8340720069332004

We reached the ""happiest country"" in the world with our caravan and we stayed off grid at two national parks.

We hiked and slept at Pallas-Yllästunturi National Park and Lemmenjoki National Park",UCQdovHdGjlhHpBzSBIY9JlQ,Tapshanov,6824.0,81.0,5.0,"Hobby,Lifestyle_(sociology),Tourism",68.6388189,25.5985362,2022-06-15 07:00:11+00:00,PT26M26S,https://www.youtube.com/watch?v=_UdEWRM6n9s,Lemmenjoki
B_ky3Xl7w68,Pieni karhunkierros. Oulangan kansallispuisto. Retkeily ja ulkoilu.,"Päiväretki Oulangan kansallispuistossa. Retkikohde tällä kertaa on Pieni karhunkierros. Reitti on 12 km. pitkä ja täynnä todella hienoja luontokohteita. Vesielementit näyttelee isoa osaa kierroksella... Lähde katsomaan, kun Kitkajoki näyttää mahtiaan.
@Sammaleisetpolut",UCSbSlu_tEwkzSYT1XR6dnnA,Sammaleisetpolut,2936.0,113.0,17.0,"Hobby,Lifestyle_(sociology),Tourism",66.3745719,29.3222341,2022-08-07 07:00:05+00:00,PT28M22S,https://www.youtube.com/watch?v=B_ky3Xl7w68,Oulanka
U8OaVWJ2aXE,Retkeily ja ulkoilu. Koppelon kierros Repovesi Kouvola.,"Päiväretki suuntautui Repoveden kansallispuistoon Koppelon kierrokselle. Koppelonkierros lähtee Tervajärven parkkipaikalta, suuntautuen Talaksen kautta Kuutinkanavalle, sieltä Lojukoskelle, jatkuen takaisin Tervajärven parkkipaikalle. Reitti on reilu 8 km pitkä rengasreitti, joka on kuljettavissa molempiin suuntiin. Merkkauksena toimii oranssit täpät puissa, sekä koppelon kuvalla varustetut kyltit. Polku pitää sisällään useamman tulipaikan, kaivon sekä huussit löytyy myös. Maasto on vaihtelevaa, takuuvarmaa Repoveden kansallispuistoa. Tervetuloa mukaa katsomaan Marraskuista Repovettä!",UCSbSlu_tEwkzSYT1XR6dnnA,Sammaleisetpolut,1707.0,70.0,11.0,"Hobby,Lifestyle_(sociology),Tourism",61.1879953,26.9023636,2021-11-18 15:49:04+00:00,PT27M45S,https://www.youtube.com/watch?v=U8OaVWJ2aXE,Repovesi
Bthq0BzrYs4,Talviretki Repovedelle. Ulkoilu ja retkeily,"Päätin lähteä päiväretkelle Repoveden kansallispuistoon. Tiesin, että sää olisi hieno, mutta se yllätti kulkijan positiivisesti paikan päällä. Tervajärvi palkitsi kulkijan täydellisellä päivällä.",UCSbSlu_tEwkzSYT1XR6dnnA,Sammaleisetpolut,1042.0,58.0,25.0,"Hobby,Lifestyle_(sociology)",61.1879953,26.9023636,2022-03-11 17:00:07+00:00,PT9M56S,https://www.youtube.com/watch?v=Bthq0BzrYs4,Repovesi
WPFmiEfsN-k,Päiväretki Sipoonkorven kansallispuistoon. Retkeily ja ulkoilu.,"Muutama aste pakkasta ja ensimmäiset leijailevat lumihiutaleet saatteli minut Sipoonkorven poluille. Kävin kiertämässä Bakunkärrin-, Knutersin- ja Fiskträskin kierrokset ympäri. 
@Sammaleisetpolut",UCSbSlu_tEwkzSYT1XR6dnnA,Sammaleisetpolut,1562.0,91.0,9.0,"Hobby,Lifestyle_(sociology)",,,2022-11-24 16:00:15+00:00,PT16M9S,https://www.youtube.com/watch?v=WPFmiEfsN-k,Sipoonkorpi
XZ2EbPSub0w,Yöparkin kautta retkelle. Retkeily ja ulkoilu.,"Lähdin suoraan iltavuorosta kohti Repoveden kansallispuistoa. Suunnitelma oli nukkua Lapinsalmen parkkipaikalla ja ottaa siitä aamulla lentävä lähtö Repoveden poluille... Suunnitelma oli hyvä, mutta mutta!
@Sammaleisetpolut",UCSbSlu_tEwkzSYT1XR6dnnA,Sammaleisetpolut,1955.0,90.0,2.0,"Hobby,Lifestyle_(sociology),Tourism",61.1879953,26.9023636,2022-09-22 15:00:38+00:00,PT29M34S,https://www.youtube.com/watch?v=XZ2EbPSub0w,Repovesi
NJsQmTaGoJs,Erikoisretki Oulangan kansallispuistoon. Retkeily ja ulkoilu.,"Päätin kokeilla jotain erilaista ja siitä syntyi päiväretki Oulangan kansallispuistoon. Tavoitteena oli päästä näkemään Kanjonin kurkkauksen ja Ristikallion mykistävät maisemat. Lähde mukaani katsomaan hienoja maisemia.
@Sammaleisetpolut",UCSbSlu_tEwkzSYT1XR6dnnA,Sammaleisetpolut,3042.0,136.0,16.0,"Hobby,Lifestyle_(sociology),Tourism",66.3745719,29.3222341,2022-07-31 07:00:14+00:00,PT31M31S,https://www.youtube.com/watch?v=NJsQmTaGoJs,Oulanka
h6u2Km5PfNU,Yö Olhavanvuoren maisemissa. Retkeily ja ulkoilu.,"Perinteinen Isänpäivänretki Repoveden kansallispuistoon. Kiertelin ennalta suunnitellun reitin ja yövyin Olhavan laavulla, joka on ihan siinä vuoren kupeessa. Oli aika tuulinen yö ja riippumatossa vähän jännitti, ettei puita kaadu nukkujan päälle... Tervetuloa retkelle mukaan.
@Sammaleisetpolut",UCSbSlu_tEwkzSYT1XR6dnnA,Sammaleisetpolut,3440.0,125.0,16.0,"Hobby,Lifestyle_(sociology),Tourism",,,2022-11-17 16:00:32+00:00,PT44M45S,https://www.youtube.com/watch?v=h6u2Km5PfNU,Repovesi
1WDHbt5sUeM,Yöretki Tiilikkajärven kansallispuistoon. Retkeily ja ulkoilu.,"Kesälomalla on aikaa retkeillä. Suuntana tällä kertaa yöretki Tiilikkajärven kansallispuistoon. Ajattelin kiertää Uiton kierroksen joka on 7 km. pitkä rengasreitti. Yöpaikaksi suunnittelin Venäjän hiekkoja. Lähde mukaan katsomaan miten retki onnistuu.
@Sammaleisetpolut",UCSbSlu_tEwkzSYT1XR6dnnA,Sammaleisetpolut,5969.0,168.0,27.0,"Hobby,Lifestyle_(sociology),Tourism",63.6614721,28.2993964,2022-07-19 16:30:00+00:00,PT44M39S,https://www.youtube.com/watch?v=1WDHbt5sUeM,Tiilikkajärvi
g8Sbj18M9OI,Yöretki Repoveden lumoaviin maisemiin. ERIKOISRETKI,"Yöretki Repoveden kansallispuistoon vaati pieniä erikois valmisteluita yöpymisen suhteen.. Taas voin sanoa, että Repovesi ei pettänyt, oli hienoa keliä, sekä upeita maisemia.
@Sammaleisetpolut",UCSbSlu_tEwkzSYT1XR6dnnA,Sammaleisetpolut,4292.0,167.0,32.0,"Hobby,Lifestyle_(sociology),Tourism",61.1879953,26.9023636,2023-03-07 16:00:21+00:00,PT46M21S,https://www.youtube.com/watch?v=g8Sbj18M9OI,Repovesi
OyOUYqU36E0,Kolmen kansallispuiston vaellus. 2/3 Leivonmäen kansallispuisto. Retkeily  ja vaellus.,"Suunnittelin kesälomaretken niin, että pystyin käymään kolmessa eri kansallispuistossa, kuitenkin kulkien kohti määränpäätä Pelloa. Siitä syntyi ajatus kolmen kansallispuiston vaelluksesta. Siispä ensin kohti Isojärven kansallispuistoa ja auto siirtymä Leivonmäelle, siitä sitten kohti Etelä-Konneveden kansallispuistoa. Maastossa vietin neljä yötä. Päätin jakaa tämän retken kolmeen eri osaa ja tässä olisi toinen retki eli Leivonmäen kansallispuisto.
 @Sammaleisetpolut ​",UCSbSlu_tEwkzSYT1XR6dnnA,Sammaleisetpolut,2210.0,128.0,10.0,"Hobby,Lifestyle_(sociology),Tourism",,,2023-06-20 15:00:13+00:00,PT22M7S,https://www.youtube.com/watch?v=OyOUYqU36E0,Leivonmäki
ZawuZLN1suM,Hirvaan kierros 62 km Salamajärven kansallispuisto. Syysvaellus.,"Lähdettiin tekemään kesäkauden päätösretki Suomenselälle ja vaellettiin Hirvaankierros neljässä päivässä. Retkeen mahtui hienoja kohtaamisia ihmisten ja metsäpeurojen kanssa. Vaikka ollaan jo syksyn puolella, niin kelit oli varsin kesäiset... Upea reissu, upeissa maisemissa.
@Sammaleisetpolut 
@tannejarvainen",UCSbSlu_tEwkzSYT1XR6dnnA,Sammaleisetpolut,4443.0,174.0,32.0,"Hobby,Lifestyle_(sociology),Tourism",63.2357871,24.8229325,2023-09-14 16:00:20+00:00,PT1H1M27S,https://www.youtube.com/watch?v=ZawuZLN1suM,Salamajärvi
eiVZSdroa34,Retkeily. Tutustumista Rokuan kansallispuistoon.,"Kesälomareissuun kuului käynti Rokuan kansallispuistossa. Kiertelin iltasella Pookin retkeilyreitin ympäri ja olin yön lammen rannalla. Videon lopussa on kuvaa myrskyn tuhoista, joka meni alueen yli juhannusviikolla. 
@sammaleisetpolut",UCSbSlu_tEwkzSYT1XR6dnnA,Sammaleisetpolut,2861.0,83.0,9.0,"Hobby,Lifestyle_(sociology),Tourism",,,2021-07-09 16:08:45+00:00,PT20M14S,https://www.youtube.com/watch?v=eiVZSdroa34,Rokua
B9Zq5ZwHVks,Yön yli Hiidenportin kansallispuistossa. Retkeily ja ulkoilu,"Retkeily jatkuu Hiidenportin kansallispuistossa. Kiersin Kitulan kierroksen joka on 10.5 km. pitkä reitti. Yötä olin riippumatossa, mutta aamulla luonto otti minusta erä voiton.. Lähde mukaan katsomaan hienoa luontopolkua.
@Sammaleisetpolut",UCSbSlu_tEwkzSYT1XR6dnnA,Sammaleisetpolut,3125.0,142.0,15.0,"Hobby,Lifestyle_(sociology),Tourism",,,2022-07-23 07:00:02+00:00,PT36M54S,https://www.youtube.com/watch?v=B9Zq5ZwHVks,Hiidenportti
aWMl4Q1lzZI,Yöretki Repoveden kansallispuistoon.  Retkeily ja ulkoilu.,"Päätin ottaa äkkilähdön Repoveden kansallispuistoon. Retki on tällä kertaa yön yli retki ja yöni vietin Kuutinkanavalla vanhassa puuliiterissä. Repovesi tarjoili taas parastaan. Lähde mukaan katsomaan.
@Sammaleisetpolut",UCSbSlu_tEwkzSYT1XR6dnnA,Sammaleisetpolut,3027.0,123.0,18.0,"Hobby,Lifestyle_(sociology),Tourism",61.1879953,26.9023636,2022-06-21 16:30:01+00:00,PT34M29S,https://www.youtube.com/watch?v=aWMl4Q1lzZI,Repovesi
mdogthghPr4,"Juhannusretki risteillen ja patikoiden,  Retkeily ja ulkoilu.","Juhannusretken päätin toteuttaa rengasreittinä, joka pitää sisällään risteilyn. Lähtö tapahtui Orilammen majalta Vuohijärven rannalta. Nousin Kultareittiä tekevän risteilyaluksen kyytiin, joka seilasi Repoveden kansallispuistoon. Risteily pysähtyy Kuutin kanavalle, jossa minä jäin kyydistä ja jatkoin matkaa jalan takaisin Orilammen majalle. Vietin yhden yön reissussa ja yöpaikaksi valikoitui Pitkälammen vanha laavupaikka, joka olikin aivan upea.
@Sammaleisetpolut",UCSbSlu_tEwkzSYT1XR6dnnA,Sammaleisetpolut,2969.0,143.0,23.0,"Hobby,Lifestyle_(sociology),Tourism",61.1879953,26.9023636,2023-07-04 17:00:37+00:00,PT53M5S,https://www.youtube.com/watch?v=mdogthghPr4,Repovesi
j1DqDcKS_VM,Retkeily. Mahtava Repovesi.,"Retkeily. Päiväretki Repovedelle. Ajateltiin kulkea kansallispuistoon vähän eri reittiä, kuin mistä sinne yleensä tullaan. Ajatuksena, että voisiko lähtöpaikka olla Orilammenmaja ja millainen reitti sieltä löytyisi kansallispuiston sisälle. 
Orilampi - Murjanvuori - Pitkälampi - Riuttavuori - Olhavanvuori - Saarijärvi n. 25 km. Tälläinen oli meidän reitti. Ensi kerralla otetaan yöpymisvälineet mukaan ja päästään nauttimaan yö Repoveden jylhissä maisemissa. Olhavanvuorelta avautuu aina yhtä mahtavat maisemat.",UCSbSlu_tEwkzSYT1XR6dnnA,Sammaleisetpolut,2379.0,64.0,0.0,"Hobby,Lifestyle_(sociology),Tourism",61.1879953,26.9023636,2021-07-13 15:00:31+00:00,PT41M37S,https://www.youtube.com/watch?v=j1DqDcKS_VM,Repovesi
NOca6_aKsxM,Talviretkeilyä Repoveden kansallispuistossa. Retkeily ja ulkoilu.,"Päiväretki hiihtämällä Repoveden maisemissa. Lähdin aamun sarastaessa Saarijärven parkkipaikalta kohti Olhavaa. Reitti kulki läpi usvaisen Valkjärven jään...
@Sammaleisetpolut",UCSbSlu_tEwkzSYT1XR6dnnA,Sammaleisetpolut,2537.0,129.0,21.0,"Hobby,Lifestyle_(sociology),Tourism",61.1879953,26.9023636,2023-01-24 16:00:19+00:00,PT23M19S,https://www.youtube.com/watch?v=NOca6_aKsxM,Repovesi
GiYlfXck3zQ,Riisitunturin kansallispuisto ja Riisin Rietas. Retkeily ja ulkoilu.,"Kesäloman päiväretki Riisitunturin kansallispuistoon. Kiersin Riisin Riettaan ympäri ja kyllähän siellä ihmeteltävää riitti... Lähde mukaan Riisitunturiin. 
@Sammaleisetpolut",UCSbSlu_tEwkzSYT1XR6dnnA,Sammaleisetpolut,5677.0,183.0,14.0,"Hobby,Lifestyle_(sociology),Tourism",,,2022-08-28 15:00:08+00:00,PT20M8S,https://www.youtube.com/watch?v=GiYlfXck3zQ,Riisitunturi
agEe9MhdPcc,Viikonloppuretki Repoveden syrjävyöhykkeelle. Kaksi yötä tarpin alla. Retkeily ja ulkoilu.,"Tehtiin viikonloppuretki Repoveden syrjävyöhykkeelle. Retki suuntautui Aarnikotkan metsän luonnonsuojelualueelle. Retkeä ohjasi alueen järjestyssäännöt sekä jokaisen oikeudet. Vietettiin kaksi yötä tarpin alla, käytiin tervahaudalla sekä vanhoilla kaskimailla. Ensimmäinen yö vietettiin Repovuoren päällä ja toinen yö upean Ristijärven rannalla. 
@Sammaleisetpolut",UCSbSlu_tEwkzSYT1XR6dnnA,Sammaleisetpolut,5512.0,182.0,41.0,"Hobby,Lifestyle_(sociology),Tourism",,,2023-11-24 17:30:00+00:00,PT56M54S,https://www.youtube.com/watch?v=agEe9MhdPcc,Repovesi
qlKYcMHMGQ4,Hiihtoretki Valkmusan kansallispuistoon. Retkeily ja ulkoilu.,"Päivän mittainen hiihtoretki Valkmusan kansallispuistoon. Olin odottanut koko talven sopivaa keliä, että pääsisin hiihtelemää Valkmusaan... Nyt se päivä koitti. Reppu selkään ja kohti morovuorta. Päivätuvalla evästauko ja paluu matkalla lintutornia ihmettelemään.
@Sammaleisetpolut",UCSbSlu_tEwkzSYT1XR6dnnA,Sammaleisetpolut,2357.0,129.0,16.0,"Hobby,Lifestyle_(sociology)",60.5720544,26.705125,2023-03-14 16:00:35+00:00,PT23M20S,https://www.youtube.com/watch?v=qlKYcMHMGQ4,Valkmusa
6EwdkohS-FU,Repoveden kansallispuisto talvinen Kaakkurinkierros. Talviretkeily ja ulkoilu.,"Ryöstöretki Repoveden kansallispuistoon venähti kahden yön retkeksi. Ensimmäisen Kaakkurinkierroksen pääsin kiertämään upeissa talvisissa Repoveden maisemissa. Teemana oli hyödyntää retkeilyn rakenteita. Ruuat valmistettiin tulilla, vettä saatiin kaivoista ja lumesta sulattamalla, polut oli hyvässä kunnossa, eka yö vietettiin Kirnukankaan laavussa ja toinen yö oltiin Kuutinkanavalla kodassa... Retkisää oli loistava talvinen keli, aurinkoa, napakkaa pakkasta sekä lumisadetta.
@Sammaleisetpolut",UCSbSlu_tEwkzSYT1XR6dnnA,Sammaleisetpolut,3961.0,147.0,41.0,"Lifestyle_(sociology),Tourism",61.1879953,26.9023636,2023-12-14 17:30:02+00:00,PT1H2M47S,https://www.youtube.com/watch?v=6EwdkohS-FU,Repovesi
LHqJuwDFetA,Kolmen kansallispuiston vaellus. 1/3 Isojärven kansallispuisto,"Suunnittelin kesälomaretken niin, että pystyin käymään kolmessa eri kansallispuistossa, kuitenkin kulkien kohti määränpäätä Pelloa. Siitä syntyi ajatus kolmen kansallispuiston vaelluksesta. Siispä ensin kohti Isojärven kansallispuistoa ja auto siirtymä Leivonmäelle, siitä sitten kohti Etelä-Konneveden kansallispuistoa. Maastossa vietin neljä yötä. Päätin jakaa tämän retken kolmeen eri osaa ja tässä olisi ensimmäinen eli Isojärven retki.
@Sammaleisetpolut",UCSbSlu_tEwkzSYT1XR6dnnA,Sammaleisetpolut,2874.0,134.0,12.0,"Hobby,Lifestyle_(sociology),Tourism",61.690591,25.0021541,2023-06-17 06:00:13+00:00,PT30M41S,https://www.youtube.com/watch?v=LHqJuwDFetA,Isojärvi
mw4VaQpa5W0,Kiutakönkään taimenet. Oulangan kansallispuisto. Retkeily,"Kävin Kiutakönkäällä Oulangan kansallispuistossa, kokeilemassa onnistunko kuvaamaan nousevia taimenia, Kiutakönkään kuohuissa.
@Sammaleisetpolut",UCSbSlu_tEwkzSYT1XR6dnnA,Sammaleisetpolut,2016.0,91.0,12.0,"Lifestyle_(sociology),Tourism",66.3745719,29.3222341,2022-08-25 16:00:29+00:00,PT8M22S,https://www.youtube.com/watch?v=mw4VaQpa5W0,Oulanka
-LES4JGwzmk,Monimuotoista luonnonrauhaa - Tiilikkajärven kansallispuisto,"Savon sydänmaiden syleilyssä saat syksyisin saapastella sielua sivelevissä suomalaisissa suomaisemissa. Saattaa sujahtaa silmien suorituskyvyn saataville sitä sun semmosta. 
Tiilikkajärven kansallispuisto - harmillisen hankala kirjoitettava pelkillä ässällä alkavilla sanoilla. Muuten mukava.

Onko jotain kommentoitavaa? Kommentoi.
Onko jotain kysyttävää? Kysy.
Kommenttikentässä sana on vapaa.

Twitch: https://www.twitch.tv/jalmarisiili
Discord: https://discord.gg/aXKdEMb
Twitter: https://twitter.com/JalmariSiili
Instagram: http://instagram.com/jalmarisiili
Jalla Puoti: https://reddyshop.co/jallapuoti/

Jos siltä tuntuu, niin postia voi laittaa: jalmarisiili(a)gmail.com

#retkeily

00:00 - 01:46 Alkuhölinät ja päivän suunnitelma
01:47 - 05:47 Taivaallista luonnonrauhaa
05:48 - 09:40 Valheita, senioreita ja yllätyshaukut
09:41 - 12:38 Lounaspaikan metsästystä
12:39 - 18:14 Viineriä ja väentungosta
18:15 - 20:21 Luotojen kautta suolle",UCSqIm2Ql3Fd0XL-dqnecc5Q,Jalmari Siili,2450.0,69.0,27.0,"Hobby,Lifestyle_(sociology)",63.6614721,28.2993964,2021-09-23 10:16:13+00:00,PT20M21S,https://www.youtube.com/watch?v=-LES4JGwzmk,Tiilikkajärvi
dj0gI_AswR8,"Four day backcountry ski tour to Korvatunturi, Lapland, with my dog | Taival Outdoors","Join us on this winter ski tour North of the Wall. Four days of backcountry skiing and snowshoeing in Lapland with my dog, Rokka the Alaskan Malamute, during which we sleep in wilderness huts, make hot tent camp in the snow, and climb the legendary Korvatunturi fell on the border between Finland and Russia. According to the Finnish folklore, Santa Claus lives in Korvatunturi, not at the North Pole. While we didn't find Father Christmas' workshop, there sure were a suspiciously large amounts of red pointy hats and wooden elf markers along the trail.

00:00 The journey begins
02:59 Vieriharju wilderness hut and making plans
06:49 Talking about Beijing 2022 Winter Olympics and ice hockey
08:29 Tough going
10:40 Rakitsanoja turf hut
16:37 Second day begins with a shortcut through deep snow
19:43 Skiing and snowshoeing to Korvatunturi fell
24:55 Summit of Korvatunturi!
27:27 Stunning winter views and descending back to campsite
30:10 Luxe Outdoor Minipeak XL hot tent camp with Pomoly T1 Mini titanium stove
34:18 Third day of backcountry skiing with a pulk
37:56 Sauna and camp life at Vieriharju wilderness hut
46:39 -22°C / -8°F cold morning of the fourth day

↟↟↟

🔔 SUBSCRIBE: https://www.youtube.com/TaivalOutdoors?sub_confirmation=1
📸 INSTAGRAM: https://instagram.com/taival.outdoors/
🐺 JOIN THE SUPPORT SQUAD:
https://www.youtube.com/channel/UCT9Op5RQ6nj-jhUYFRduenw/join

↟↟↟

Taival Outdoors is a channel about the great outdoors, spending time in nature doing everything from day hikes and overnight adventures to bikepacking and multi-day wilderness backpacking. Trekking is close to my heart, but I’m not tied to any particular ""genre"" like ultralight or bushcraft – instead I do what I've found through my experience in the wild to work the best for me. I'm also making gear reviews and skill videos based on what I actually use and how I operate in nature. Thanks for watching!",UCT9Op5RQ6nj-jhUYFRduenw,Taival Outdoors,8996.0,241.0,53.0,"Hobby,Lifestyle_(sociology),Pet,Tourism",68.073611,29.315278,2022-03-13 05:48:05+00:00,PT52M48S,https://www.youtube.com/watch?v=dj0gI_AswR8,Urho Kekkonen
fHhcuiLEk-g,"5 days backpacking in Lapland - midnight sun, water crossings & snowy fells (FULL MOVIE)","Join me and my friend on this 100 km backpacking adventure to Urho Kekkonen national park in Lapland. Established in 1983, the national park is the second largest in Finland encompassing over 2,500 km² of magnificent arctic wilderness, fells, and rivers, so it’s no wonder we keep coming back here. It’s also our second most popular national park, but most of the visitors tend to stay near the ski resorts and other services on the Western side, whereas we start our journey from the far North-East corner of the park. This video will include a lot of midnight sun, campfires and coffee, and many water crossings which are always interesting during the early summer as the winter’s snow is melting down fast! Here’s our route with timestamps:

0:00 Day 1 - Arriving to Urho Kekkonen national park and hiking from Raja-Jooseppi until midnight to Hirvaspäänpalo campfire site.
13:51 Day 2 - Following Anterinjoki (Anteri's river) towards the center of the national park. We stop by Anterin pyöräparkki laavu and Anterinmukka. We end the day by climbing over the trip's first fells and setup camp by Muorravaarakanjoki campfire place.
38:54 Day 3 - We climb to Sokosti, the highest fell in Urho Kekkonen national park and in Eastern Lapland. Great views! Stayed the following night at Muorravaarakka open wilderness hut camping area.
1:00:26 Day 4 - We start trekking back north, following Muorravaarakanjoki downstream. On our way we hear about the overflowing Harrijoki and got to experience one of our sketchiest water crossings ever. Day ended at Jyrkkävaara open wilderness hut camping grounds.
1:15:17 Day 5 - Again following rivers, first Suomujoki and then the mighty Lutto river, we head back to where we started. The park doesn't let us out without one final water crossing through Kiertämäjoki, which proved to be the deepest one (although not having the strongest current) of the trip.
1:23:22 - Final summary of the five-day backpacking trip and video showcasing the historical Raja-Jooseppi homestead.

This is how Metsähallitus, Parks & Wildlife Finland describes the area:
""Trek through this magnificent arctic fell country on foot or on skis, finding your way to a welcoming wilderness hut for the night. This vast park extends eastwards from the resort of Saariselkä through the wilderness of Finnish Lapland all the way to the Russian border. The remote fell of Korvatunturi is famous among Finns as the home of Father Christmas. The night sky is illuminated by the Aurora Borealis in winter and the Midnight Sun in summer.""

More information about Raja-Jooseppi homestead: https://www.nationalparks.fi/en/urhokekkonennp/sights#rajajooseppi

🔔 SUBSCRIBE: https://www.youtube.com/TaivalOutdoors?sub_confirmation=1

📸 INSTAGRAM: https://instagram.com/taival.outdoors/

Disclosures
At the time of this video, I was an ambassador and testing gear for the following companies:
5.11 Tactical Finland https://511tactical.fi/

--

Taival Outdoors is a channel about the great outdoors, spending time in nature doing everything from day hikes and overnight adventures to bikepacking and multi-day wilderness backpacking. Trekking is close to my heart, but I’m not tied to any particular ""genre"" like ultralight or bushcraft – instead I do what I've found through my experience in the wild to work the best for me. I'm also making gear reviews and skill videos based on what I actually use and how I operate in nature. Thanks for watching!",UCT9Op5RQ6nj-jhUYFRduenw,Taival Outdoors,15314.0,339.0,54.0,"Hobby,Lifestyle_(sociology),Tourism",68.1666667,28.2500001,2020-07-02 05:24:32+00:00,PT1H26M41S,https://www.youtube.com/watch?v=fHhcuiLEk-g,Urho Kekkonen
FcSJQzrcwW4,30 km backpacking trip around Kurjenrahka national park | Taival Outdoors,"First time visiting Kurjenrahka national park! I took on the longest hiking trail - a 30-kilometer loop called Vajosuon vaellus (the trek of Vajosuo) - and spent a night in the area. The trail went trough the mire (or actually there's two separate bogs which together form majority of the national park) as well as deep, dark spruce forests and dreamy crop fields. There was no shortage of duckboards on this trip! The loop goes by few lean-to shelters and bird watching towers too, finally circling around Savojärvi, the only lake in the national park.

""Within easy reach of the historic town of Turku, the forests and marshes of Kurjenrahka are home to many wild animals and birds, including stately long-legged cranes and curious woodland owls.""
https://www.nationalparks.fi/kurjenrahkanp

0:00 The Old Boundary Mark of Kuhankuono
1:37 Vajosuon vaellus trail starts and I admire the mire (heh) from a bird watching tower
17:26 Fire steel fire, dinner and setting up my camp
25:00 Misty morning on the trail
27:32 Few words about responsible backpacking
34:21 The old forests of Pukkipalo
39:54 Rainy loop around Savojärvi

🔔 SUBSCRIBE: https://www.youtube.com/TaivalOutdoors?sub_confirmation=1

📸 INSTAGRAM: https://instagram.com/taival.outdoors/

Disclosures
At the time of this video, I was an ambassador and testing gear for the following companies:
5.11 Tactical Finland https://511tactical.fi/
Keli Clothing https://keliclothing.fi/

--

Taival Outdoors is a channel about the great outdoors, spending time in nature doing everything from day hikes and overnight adventures to bikepacking and multi-day wilderness backpacking. Trekking is close to my heart, but I’m not tied to any particular ""genre"" like ultralight or bushcraft – instead I do what I've found through my experience in the wild to work the best for me. I'm also making gear reviews and skill videos based on what I actually use and how I operate in nature. Thanks for watching!",UCT9Op5RQ6nj-jhUYFRduenw,Taival Outdoors,4395.0,120.0,9.0,"Hobby,Lifestyle_(sociology),Tourism",60.7385651,22.3193056,2020-09-16 17:36:33+00:00,PT46M47S,https://www.youtube.com/watch?v=FcSJQzrcwW4,Kurjenrahka
HaAZgaUXyrQ,Day hike in Torronsuo national park - Finland's deepest bog | Taival Outdoors,"I head out with my wife to a day hike around Torronsuo national park's longest summer hiking trail. Sketchy duckboards lead us through the seemingly endless bog and pine mire. Clear, sunny skies and over 10 degree temperatures made it feel like the first true summer hike of the season. Around the midway point we switched to Hämeen Ilvesreitti trail network, ate some home baked bread and visited the biggest laavu I've ever seen. 

Here's how Metsähallitus, Parks and Wildlife Finland describe the area:
""Finland's deepest bog is within easy reach from all parts of Southern Finland. Hike along duckboards to explore the rugged mire nature and watch cranes and geese from the birdwatching tower. In snowy winters, trails in Torronsuo invite skiers to enjoy the outdoors."" https://www.nationalparks.fi/en/torronsuonp

🔔 SUBSCRIBE: https://www.youtube.com/TaivalOutdoors?sub_confirmation=1

📸 INSTAGRAM: https://instagram.com/taival.outdoors/

Disclosures
At the time of this video, I was an ambassador and testing gear for the following companies:
5.11 Tactical Finland https://511tactical.fi/

--

Taival Outdoors is a channel about the great outdoors, spending time in nature doing everything from day hikes and overnight adventures to bikepacking and multi-day wilderness backpacking. Trekking is close to my heart, but I’m not tied to any particular ""genre"" like ultralight or bushcraft – instead I do what I've found through my experience in the wild to work the best for me. I'm also making gear reviews and skill videos based on what I actually use and how I operate in nature. Thanks for watching!",UCT9Op5RQ6nj-jhUYFRduenw,Taival Outdoors,4155.0,104.0,13.0,"Hobby,Lifestyle_(sociology),Tourism",60.7313489,23.6325656,2020-05-25 15:00:14+00:00,PT17M56S,https://www.youtube.com/watch?v=HaAZgaUXyrQ,Torronsuo
CrO6UI8f_Mg,"Backpacking in Lapland - no talking, just hiking under the midnight sun","100 kilometers in five days through Urho Kekkonen national park, Finnish Lapland, in June of 2020. This is a shorter edit of an earlier video of this trip, if you want the full experience check out the full 90-minute movie here: https://www.youtube.com/watch?v=fHhcuiLEk-g

00:00 Day 1 - Arriving to Urho Kekkonen national park and hiking from Raja-Jooseppi until midnight to Hirvaspäänpalo campfire site.
02:40 Day 2 - Following Anterinjoki (Anteri's river) towards the center of the national park. Plenty of water crossings. Lunch break at Anterinmukka. We end the day by climbing over the trip's first fells and setup camp by Muorravaarakanjoki campfire place.
09:57 Day 3 - We climb to Sokosti, the highest fell in Urho Kekkonen national park and in Eastern Lapland. Great views! Stayed the following night at Muorravaarakka open wilderness hut camping area.
17:11 Day 4 - We start trekking back north, following Muorravaarakanjoki downstream. On our way we hear about the overflowing Harrijoki and got to experience one of our sketchiest water crossings ever. Day ended at Jyrkkävaara open wilderness hut camping grounds.
20:52 Day 5 - Again following rivers, first Suomujoki and then the mighty Lutto river, we head back to where we started. Before leaving the national park, we tour the historical Raja-Jooseppi homestead.

This is how Metsähallitus, Parks & Wildlife Finland describes the area:
""Trek through this magnificent arctic fell country on foot or on skis, finding your way to a welcoming wilderness hut for the night. This vast park extends eastwards from the resort of Saariselkä through the wilderness of Finnish Lapland all the way to the Russian border. The remote fell of Korvatunturi is famous among Finns as the home of Father Christmas. The night sky is illuminated by the Aurora Borealis in winter and the Midnight Sun in summer.""

More information about Raja-Jooseppi homestead: https://www.nationalparks.fi/urhokekkonennp/sights#rajajooseppi

↟↟↟

🔔 SUBSCRIBE: https://www.youtube.com/TaivalOutdoors?sub_confirmation=1
📸 INSTAGRAM: https://instagram.com/taival.outdoors/
🐺 JOIN THE SUPPORT SQUAD:
https://www.youtube.com/channel/UCT9Op5RQ6nj-jhUYFRduenw/join

↟↟↟

Taival Outdoors is a channel about the great outdoors, spending time in nature doing everything from day hikes and overnight adventures to bikepacking and multi-day wilderness backpacking. Trekking is close to my heart, but I’m not tied to any particular ""genre"" like ultralight or bushcraft – instead I do what I've found through my experience in the wild to work the best for me. I'm also making gear reviews and skill videos based on what I actually use and how I operate in nature. Thanks for watching!",UCT9Op5RQ6nj-jhUYFRduenw,Taival Outdoors,3503.0,86.0,15.0,"Hobby,Lifestyle_(sociology),Tourism",68.1666667,28.25,2022-05-18 12:16:00+00:00,PT24M51S,https://www.youtube.com/watch?v=CrO6UI8f_Mg,Urho Kekkonen
qXVLJaBXOcA,YLLÄS & PIRUNKURU | SUOMI ROADTRIP #8,"TILAA KANAVA:  https://www.youtube.com/channel/UCTIF2PsJOYoPK9AI9QvOycQ?sub_confirmation=1 

00:00 Lähtö hotellilta 
00:50 Pirunkurun ponnistus
06:25 Yllästunturi

🌍🖤TÄSTÄ TULEE HYVÄ PÄIVÄ VERKKOKAUPPAAN: 
https://reddyshop.co/tastatuleehyvapaiva/

🌍🖤TÄSTÄ TULEE HYVÄ PÄIVÄ INSTAGRAM: https://www.instagram.com/tastatuleehyvapaiva/

🚘 Talvirenkaat netistä: Säästä jopa 30% renkaiden hinnoista: https://track.adtraction.com/t/t?a=1328214709&as=1533708987&t=2&tk=1

👕Vastuulliset urheilu- ja ulkoiluvaatteet suomalaisesta verkkokaupasta: https://on.weekendbee.fi/t/t?a=1507600457&as=1533708987&t=2&tk=1

🥾 Suomen johtava ulkoilukauppa: https://track.adtraction.com/t/t?a=1119705543&as=1533708987&t=2&tk=1

🏠Suomen suurin valikoima lomamökkejä: https://track.adtraction.com/t/t?a=1071150667&as=1533708987&t=2&tk=1

📚Kokeile BookBeat-Premiumia maksutta, jos et ole kokeillut aikaisemmin *Etu koskee uusia BookBeat käyttäjiä* : https://at.bookbeat.fi/t/t?a=1510243164&as=1533708987&t=2&tk=1

📚Laaja valikoima äänikirjoja ja e-kirjoja: https://track.adtraction.com/t/t?a=1248237245&as=1533708987&t=2&tk=1

🍔 Edullista ruokaa netistä: https://track.adtraction.com/t/t?a=1196076716&as=1533708987&t=2&tk=1

INSTAGRAM: https://www.instagram.com/oscarwicklen/

YLLÄS & PIRUNKURU | SUOMI ROADTRIP #8
Suomi Road tripin 8 jaksossa olemme Ylläksellä. Videon alkupuolella patikoimme Pirunkurun ponnistuksen, josta aukeaa upeat maisemat Yllästunturille. Pirunkurun jälkeen jatkoimme matkaa Sport Resort Ylläksen puolelle ja nousimme siellä Gondolilla Yllästunturin huipulle. Yllästunturin huipulla kiersimme pienen lenkin. Sieltä lähtee myös Ylläs bike parkin pyöräreittejä. Tämän jälkeen gondolilla alas ja Jounin kaupan kautta syömään ravintolaan nimeltään Rouhe. Hyvän illallisen jälkeen Ylläksen maisematietä pitkin takaisin hotellille. Matkalla hotellille sain kuvattua pari upeaa salamaa Ylläksen maisematien varrella. Seuraavassa jaksossa matka jatkuu Ylläkseltä päiväretkelle Pallastunturille. Pallastunturilla huiputamme Taivaskeron, jossa vuonna 1952 sytytettiin Helsingin Olympialaisten Olympiatuli. 

#Ylläs #Pirunkuru #Yllästunturi #äkäslompolo #Ylläsjärvi #Jouninkauppa #SampoKaulanen #Sportresortylläs #yllässki #patikointi #eräily #laskettelu #fatbike #ylläsbikepark #maastopyöräily #gondoli #suomenpisinrinne #hiihtokeskus #lappi #lapland #roadtrip #suomi #kotimaa #erämaa #kansallispuisto #pallasyllästunturinkansallispuisto #taivaskero #pallastunturi #pirunkurunponnistus #loma #lomalla #matkailu #matkustus #matkustaa #kesänkijärvi #yllässwing #ylläksenyöpuu #OscarSebastian",UCTIF2PsJOYoPK9AI9QvOycQ,Oscar Sebastian,2836.0,32.0,2.0,"Lifestyle_(sociology),Tourism",,,2020-10-11 10:02:20+00:00,PT10M34S,https://www.youtube.com/watch?v=qXVLJaBXOcA,Pallas-Yllästunturi
NaQsDKjbcU0,YLLÄS & SNOWVILLAGE | LAPPI VLOGI,"YLLÄS & SNOWVILLAGE | LAPPI VLOGI

Mun eka lappi vlogi. Tässä lappi vlogissa ollaan ylläksellä laskettelemassa, käydään jounin kaupassa ja snowvillagessa. Ylläs reissu ei alkanut mallikkaasti kun auto päätti jumittua pahassa paikassa. Ylläs rinteet eivät myöskään olleet parhaimmillaan eikä myöskään ilma joten laskettelu oli myös hieman haastavaa. Jätettiin Ylläs taakse ja lähdettiin SnowVillageen. Snowvillage oli selvästi keskeneräinen vielä tässä vaiheessa joten pitää ehkä käydä keväällä uudestaan Snowvillagessa katsomassa kun kaikki huoneet ovat valmiita. Snowvillagesta lähdettiin suuntaamaan kohti Leviä ja Levin Hullu poro huoneistoa. 

Seuraavassa vlogissa ollaan siis Levillä ja vietetään uusivuosi Lapissa ja Levin upeissa maisemissa. 

✅ Tilaa kanava 
https://www.youtube.com/channel/UCTIF2PsJOYoPK9AI9QvOycQ?sub_confirmation=1 

👍 Laita peukku videolle jos tykkäsit videosta.

📝 Kommentoi mitä pidit tästä YLLÄS & SNOWVILLAGE | LAPPI VLOGI videosta?

🛒 https://www.reddyshop.co/trendaava/

📖 https://oscarsebastianofficial.blogspot.com/

#Ylläs #lappi #lappivlogi #snowvillage #laskettelu #lapland #ski #yllas #lappi #rinteet #lapissa #lappiin #finnishlapland #levi #levilapland",UCTIF2PsJOYoPK9AI9QvOycQ,Oscar Sebastian,4611.0,64.0,11.0,"Lifestyle_(sociology),Tourism",,,2021-01-04 17:15:00+00:00,PT14M1S,https://www.youtube.com/watch?v=NaQsDKjbcU0,Pallas-Yllästunturi
IHubqyUKUIU,YLLÄS & VARKAANKURU & KESKINENLAKI | SUOMI ROADTRIP #10,"TILAA KANAVA:  https://www.youtube.com/channel/UCTIF2PsJOYoPK9AI9QvOycQ?sub_confirmation=1 

00:00 Lähtö hotellilta
01:20 Varkaankuru
04:40 Keskisenlaen kierros

VARKAANKURU & KESKINENLAKI | SUOMI ROADTRIP #10
Suomi Roadtripin viimeisessä jaksossa olemme Ylläksellä. Aamulla pakkaamme matkalaukut ja lähdemme Hotellistamme joka oli Hotelli Ylläsrinne. Lähdemme vielä patikoimaan Ylläksellä kaksi eri reittiä. Ensimmäisenä Pallas-Yllästunturin kansallispuiston Varkaankurun. Varkaankuru oli kuin sademetsä. Varkaankuru on lehtometsää tunturipurojen varrella. Varkaankurulta siirrymme keskisenlaen kierrokselle. Ylläksen Keskinenlaki on enemmän tunturimaisemaa. Keskisenlaen kierrokselta saavuimme luontokeskus kellokaalle, josta alkoi kotimatkamme Ylläkseltä kohti Vaasaa. Ennen kotimatkaamme kävimme kuitenkin vielä hakemassa matkaeväitä Sampo Kaulasen Jounin kaupasta. Jounin kaupalta bensat tankkiin ja navigaattori ohjaamaan kohti Vaasaa. Ylläkseltä Vaasaan matkaa meillä oli noin 680km. Matkan varrella Ylläkseltä Vaasaan saimme vielä nauttia upeista poroista tien varrella. Vaasaan saavuimme myöhään illalla väsyneinä ja jalat kipeinä. 

Kiitos kaikille kaikille jotka katsoivat Suomi Road trippiämme kotimaan upeissa maisemissa. Matka kesti 14 vuorokautta eli kaksi viikkoa. Kilometrejä matkalla kertyi noin 3300km. Matkan reitti oli Vaasa - Seinäjoki - Äänekoski - Puumala - Imatra - Punkaharju - Koli - Ruka - Pyhä - Saariselkä - Kakslauttanen - Tankavaara - Levi - Ylläs - Pallas - Ylläs - Vaasa. 
Patikoimme seuraavilla reiteillä ja Kansallispuistoissa : Imatra, Punkaharju, Kolin Kansallispuisto, Rukatunturi , Riisitunturin kansallispuisto, Oulangan Kansallispuisto, Pieni Karhunkierros, Pyhätunturi, Kaunispää, Kiilopää, Urho Kekkosen Kansallispuisto, Levitunturi, Yllästunturi, Pirunkuru, Taivaskero, Varkaankuru, Keskisenlaen kierros, Pallas-Yllästunturin Kansallispuisto. 

#pallasyllästunturinkansallispuisto #Ylläs #Varkaankuru #keskinenlaki #yllas #yllästunturi #ylläsbikepark #lappi #lapland #pallasyllästunturinationalpark #kansallispuisto #nationalpark #patikointi #eräily #vaellus #lapinvaellus #hiking #erämaa #wilderness #Matkailu #Matka #matkalla #roadtrip #matkustaa #kotimaa #Yllässki #laskettelu #maastopyöräily #Vaasa #Seinäjoki #Äänekoski #Puumala #Imatra #Punkaharju #Koli #Kolinkansallispuisto #Ruka #Rukatunturi #Riisitunturi #Riisitunturinkansallispuisto #Oulangankansallispuisto #karhunkierros #pienikarhunkierros #Pyhä #pyhätunturi #Luosto #Saariselkä #Kiilopää #kaunispää #Urhokekkosenkansallispuisto #ukk #Kakslauttanen #Tankavaara #tankavaarankultakylä #kuppilatkuntoon #jyrkisukula #Levi #Levilapland #levitunturi #Ylläs #Yllästunturi #Ylläsjärvi #Äkäslompolo #jouninkauppa #sampokaulanen #Pirunkuru #taivaskero #pallas #varkaankuru #keskinenlaki #keskisenlaenkierros #finnishlapland #laplandfinland #alileiniö #eetunvöljyssä #oscarsebastian",UCTIF2PsJOYoPK9AI9QvOycQ,Oscar Sebastian,2348.0,26.0,2.0,"Hobby,Lifestyle_(sociology),Tourism",,,2020-10-18 12:07:39+00:00,PT17M32S,https://www.youtube.com/watch?v=IHubqyUKUIU,Pallas-Yllästunturi
7G7Jc9l7ebk,YLLÄS & LEVI - HUIPULLA TUULEE | LAPPI VLOGI,"YLLÄS & LEVI - HUIPULLA TUULEE | LAPPI VLOGI 

Tällä videolla lasketellaan Ylläksellä ja Levillä Lapissa. Tämä on toinen osa meidän hiihtolomasta Lapissa Levillä ja Ylläksellä. Ylläs antoi parastaan laskettelua ajatellen. Aurinko paistoi ja tuuli oli lähes nollassa Ylläksellä. Ylläksellä kaikki 63 rinnettä ja hissit olivat auki. Lasketeltiin Ylläksellä kokonainen päivä, lasketeltiin suomen pisin rinne, syötiin Ylläs 1 take away ruoat ulkona auringon paisteessa ja käytiin Jounin Kaupassa. 

Ylläs jätettiin taakse ja suunnattiin takaisin Leville mökille.
Levillä lähdettiin seuraavana päivänä laskettelemaan. Levin sää oli hiukan huonompi. Huipulla tuuli ja tuiskusi mutta alhaalla aurinko lämmitti. Levillä käytiin myös ravintola tuikussa autolla. 

Seuraavassa Lappi vlogissa lähdetään moottorikelkkailemaan ja ajamaan icekartingia Levillä. 

Kommentoi kumpi on parempi hiihtokeskus Lapissa Levi vai Ylläs.
Kommentoi mitä tykkäsit tästä YLLÄS & LEVI - HUIPULLA TUULEE | LAPPI VLOGI videosta.
-----------------------------------------------------------------------------------
✅ Tilaa kanava: https://www.youtube.com/channel/UCTIF2PsJOYoPK9AI9QvOycQ?sub_confirmation=1 

✅ Instagram: https://www.instagram.com/oscarwicklen/

✅ TikTok: https://vm.tiktok.com/ZMeRNEphw/

✅ Yhteistyöt: oscarsebastianofficial@gmail.com 

-----------------------------------------------------------------------------------
#Ylläs #Levi #Levilapland #lappi #lappivlogi #laskettelu #lautailu #yllässki #leviski #levivlogi #levimyday #laskettelua #lapland #suomenpisinrinne #ruka",UCTIF2PsJOYoPK9AI9QvOycQ,Oscar Sebastian,7861.0,95.0,22.0,"Lifestyle_(sociology),Tourism",,,2021-03-18 14:00:33+00:00,PT19M14S,https://www.youtube.com/watch?v=7G7Jc9l7ebk,Pallas-Yllästunturi
0UJXh0eac7s,YLLÄS & PIRUNKURU - SUMMER ROADTRIP #1,"YLLÄS & PIRUNKURU - SUMMER ROADTRIP #1

Tästä lähtee summer roadtrip 2021. Ensimmäisenä kohteena summer roadtripillä oli Lapissa Ylläs ja Pirunkuru. Ylläksellä majoituttiin Lapland hotels Saaga. Ylläksellä lähdettiin patikoimaan nimensä veroinen Pirunkuru jossa hikeä ei puuttunut eli oikealta nimeltään Pirunkurun ponnistus. 
Käytiin myös Lapland hotels saagan kylpylässä ja Jounin kaupassa Äkäslompolossa. Ylläs oli yhden yön paikka meillä tällä summer roadtripillä.

Seuraavassa jaksossa Ylläkseltä matka jatkuu kohti pohjoisempaa Lappia, Pallastunturia. 

Kommentoi onko Ylläs tuttu ja ootko patikoinut Pirunkurun?
Kommentoi mitä tykkäsit tästä Ylläs & Pirunkuru - Summer roadtrip #1 videosta.

00:00 Intro
01:28 Hotelli esittely
02:30 Kohti Pirunkurua
03:27 Pirunkurun valloitus
08:25 Hotelliin & Kylpylään

----------------------------------------
✅ Tilaa kanava: https://www.youtube.com/channel/UCTIF... 

✅ Instagram: https://www.instagram.com/oscarwickle...

✅ TikTok: https://vm.tiktok.com/ZMeRNEphw/​​

✅ Yhteistyöt: oscarsebastianofficial@gmail.com

----------------------------------------
#Ylläs #Pirunkuru #Roadtrip #Suomi #patikointi #vaellus #matka #matkustus #lappi #lappivlog #pirunkurunponnistus #pallas #pallastunturi #hotelli #kylpylä",UCTIF2PsJOYoPK9AI9QvOycQ,Oscar Sebastian,2340.0,73.0,33.0,"Lifestyle_(sociology),Tourism",,,2021-07-26 11:00:12+00:00,PT10M50S,https://www.youtube.com/watch?v=0UJXh0eac7s,Pallas-Yllästunturi
tsN3kUmfr7Y,SAARISELKÄ & KAKSLAUTTANEN | SUOMI ROADTRIP #5,"TILAA KANAVA:  https://www.youtube.com/channel/UCTIF2PsJOYoPK9AI9QvOycQ?sub_confirmation=1 

🚘 Talvirenkaat netistä: Säästä jopa 30% renkaiden hinnoista: https://track.adtraction.com/t/t?a=1328214709&as=1533708987&t=2&tk=1

👕Vastuulliset urheilu- ja ulkoiluvaatteet suomalaisesta verkkokaupasta: https://on.weekendbee.fi/t/t?a=1507600457&as=1533708987&t=2&tk=1

🥾 Suomen johtava ulkoilukauppa: https://track.adtraction.com/t/t?a=1119705543&as=1533708987&t=2&tk=1

🏠Suomen suurin valikoima lomamökkejä: https://track.adtraction.com/t/t?a=1071150667&as=1533708987&t=2&tk=1

📚Kokeile BookBeat-Premiumia maksutta, jos et ole kokeillut aikaisemmin *Etu koskee uusia BookBeat käyttäjiä* : https://at.bookbeat.fi/t/t?a=1510243164&as=1533708987&t=2&tk=1

📚Laaja valikoima äänikirjoja ja e-kirjoja: https://track.adtraction.com/t/t?a=1248237245&as=1533708987&t=2&tk=1

🍔 Edullista ruokaa netistä: https://track.adtraction.com/t/t?a=1196076716&as=1533708987&t=2&tk=1

INSTAGRAM: https://www.instagram.com/oscarwicklen/

00:00 Ruka
01:30 Pyhä
04:07 Saariselkä
06:30 Kaunispää
09:14 Kakslauttanen

Suomi roadtrip jatkuu Rukalta kohti Pyhätunturia. Pyhätunturilla pieni jaloittelu ja maisemien katselu. Pyhältä matka jatkuu kohti Saariselkää. Saariselällä majoituimme Holiday Club Saariselkä hotellissa. Tässä jaksossa käymme Kaunispäällä kuvaamassa ja Kakslauttasella, jossa sijaitsevat ulkomaalaisia matkaajia vetävät lasi-iglut. Kuvaan myös Kakslauttanen resortin muuta aluetta. Seuraavassa jaksossa lähdemme patikoimaan Kiilopäälle. Muista tilata kanava ja peukuttaa videolle jos tykkäsit. 

#Saariselkä #Kakslauttanen #Pyhä #iglu #lasiiglu #Kaunispää #Hiihtokeskus #Lappi #Lapland #Patikointi #Roadtrip #Suomi #Matkailu #Matkustus #Ruka #Kuusamo #Vlog #Pyhätunturi #Kesä #Loma #Igloo",UCTIF2PsJOYoPK9AI9QvOycQ,Oscar Sebastian,1686.0,35.0,3.0,"Lifestyle_(sociology),Tourism",,,2020-09-10 09:00:10+00:00,PT10M25S,https://www.youtube.com/watch?v=tsN3kUmfr7Y,Urho Kekkonen
NspKATekwQw,RUKA & RIISITUNTURI | SUOMI ROADTRIP #3,"TILAA KANAVA:  https://www.youtube.com/channel/UCTIF2PsJOYoPK9AI9QvOycQ?sub_confirmation=1 

🚘 Talvirenkaat netistä: Säästä jopa 30% renkaiden hinnoista: https://track.adtraction.com/t/t?a=1328214709&as=1533708987&t=2&tk=1

👕Vastuulliset urheilu- ja ulkoiluvaatteet suomalaisesta verkkokaupasta: https://on.weekendbee.fi/t/t?a=1507600457&as=1533708987&t=2&tk=1

🥾 Suomen johtava ulkoilukauppa: https://track.adtraction.com/t/t?a=1119705543&as=1533708987&t=2&tk=1

🏠Suomen suurin valikoima lomamökkejä: https://track.adtraction.com/t/t?a=1071150667&as=1533708987&t=2&tk=1

📚Kokeile BookBeat-Premiumia maksutta, jos et ole kokeillut aikaisemmin *Etu koskee uusia BookBeat käyttäjiä* : https://at.bookbeat.fi/t/t?a=1510243164&as=1533708987&t=2&tk=1

📚Laaja valikoima äänikirjoja ja e-kirjoja: https://track.adtraction.com/t/t?a=1248237245&as=1533708987&t=2&tk=1

🍔 Edullista ruokaa netistä: https://track.adtraction.com/t/t?a=1196076716&as=1533708987&t=2&tk=1

INSTAGRAM: https://www.instagram.com/oscarwicklen/

Moikka! Matka jatkuu tässä jaksossa Kolilta kohti Kuusamoa ja Rukaa. Jaksossa tutustumme Rukan kylään ja Rukatunturiin. Laskemme kelkalla tunturin huipulta Rukan kylään. Tapaamme lukemattomia poroja Rukalla. Menemme myös patikoimaan Riisitunturille, jossa sijaitsee paljon kuvattu ikkunalampi. Rukalla majoitumme Ski-inn huoneistossa. Seuraavassa jaksossa olemme vielä Rukalla ja menemme patikoimaan pienen karhunkierroksen. Tilaa kanava, niin pysyt matkassa mukana. 

#Ruka #Roadtrip #Riisitunturi #Lappi #Lapland #Suomi #Matka #Matkustus #Kansallispuisto #Tunturi #Patikointi #Eräily #Kesä #Loma #Lomalla #Kuusamo #Rukatunturi #Kansallismaisema #Burger #Pizza #Kesäkelkka #Huippu #Mahtava #Kaunis #Paras #Poro #Auto #Liikenteessä #Matkassa #Vlogi",UCTIF2PsJOYoPK9AI9QvOycQ,Oscar Sebastian,1797.0,32.0,0.0,"Lifestyle_(sociology),Tourism",,,2020-08-25 10:00:06+00:00,PT12M12S,https://www.youtube.com/watch?v=NspKATekwQw,Riisitunturi
ItzZmQFNTV0,"FINLAND 101 Ep.6 เดินสโนว์ชูวส์ บนทะเลสาบน้ำแข็ง ฟินแลนด์ | Snowshoeing at Nuuksio Park, Espoo","#Showshoes #รองเท้าหิมะ #Finland #ฟินแลนด์ #เที่ยวฟินแลนด์ #Finland101 #ฟินแลนด์101 #FlyingBearClub #ฟลายอิงแบร์คลับ 
ช่วยกัน กดถูกใจ + กดแชร์ + กดติดตาม และกดกระดิ่ง เพื่อเป็นกำลังใจให้พวกเราด้วยนะค้าา 😍🙏 (คลิกเลย! ➡  https://www.youtube.com/c/flyingbearclub?sub_confirmation=1)

If you like this video, please give us a THUMBS UP 👍 and SHARE ↗ this video. Also, please do not forget to SUBSCRIBE 👆 to our channel and click on the BELL 🔔 so that you stay in the know with us! 😊

- - - - - - - - - -

ช่องทางติดตามฟลายอิงแบร์คลับ
Follow FLYING BEAR CLUB

📌 YouTube         https://www.youtube.com/c/flyingbearclub 
📌 Facebook       https://www.facebook.com/FlyingBearClub
📌 Instagram      https://www.instagram.com/flyingbearclub
📌 Official Line    https://lin.ee/4xVkTba
📌 Website          https://www.flyingbear.club

- - - - - - - - - -

สนใจสั่งหนังสือท่องเที่ยวขายดีอันดับ 1: FINLAND 101
หรือ ไปทัวร์ส่วนตัว ท่องเที่ยว ดูงาน เยี่ยมชมโรงเรียนฟินแลนด์
หรือ ส่งบุตรหลานไปซัมเมอร์แคมป์ ณ ประเทศฟินแลนด์

Interested in ordering the bestseller FINLAND 101 guidebook
Or book an exclusive and private tour to Finland
Or sent your kids to winter/summer camp in Finland

📌 คอมเมนต์ใต้วิดีโอนี้ได้เลยค่ะ :)  Please leave a comment 
📌 Email               yammy@flyingbear.club
📌 Official Line    https://lin.ee/4xVkTba
📌 Facebook        https://www.m.me/flyingbearclub

- - - - - - - - - -

เกี่ยวกับหนังสือคู่มือนำเที่ยว FINLAND 101

🍀 คู่มือนำเที่ยวฟินแลนด์ (ภาษาไทย) 4 สี 400 หน้า ภาพถ่ายจริง 100% พิมพ์ด้วยหมึกจากถั่วเหลือง บนกระดาษถนอมสายตา เบา พกสะดวก และเป็นมิตรกับสิ่งแวดล้อม
🍀 อธิบายวิธีเดินทางอย่างละเอียด พร้อมแผนที่เมือง พาเที่ยวจากใต้สุดจนถึงเหนือสุดของประเทศฟินแลนด์ รวม 9 เมืองกับอีก 1 หมู่บ้าน พร้อมเกร็ดความรู้มากมาย ทั้งด้านสังคม วัฒนธรรม และการศึกษา
🍀 มาร่วมค้นหาคำตอบว่าทำไม ฟินแลนด์จึงมีการศึกษาดีเป็นอันดับ 1 ของโลก และยังได้รับการจัดอันดับเป็นประเทศที่มีความสุขที่สุดในโลกอีกด้วย
🍀 แม้ยังไม่มีแผนเที่ยวจริง ก็อ่านสนุก ได้สาระพร้อมความบันเทิง สำหรับผู้ที่กำลังวางแผนเที่ยว เล่มเดียวเอาอยู่ ครบตั้งแต่เริ่มวางแผนเดินทาง จนถึงเรื่องเที่ยว กิน นอน และชอปปิงของฝาก
🍀 ส่งฟรีทั่วประเทศไทย สนใจไลน์หาแยมได้ที่ @flyingbearclub (อย่าลืมใส่ @ ด้วยนะคะ) (ลิงก์: https://lin.ee/4xVkTba) หรืออินบ็อกซ์หาแยมที่เฟซบุ๊กเพจ FLYING BEAR CLUB (ลิงก์: https://www.m.me/flyingbearclub)

- - - - - - - - - -

Keep Travelling & Stay Curious!
© 2018 Flying Bear Co., Ltd. All Rights Reserved.",UCTMehvyPg3CdzobAME-QLDQ,FLYING BEAR CLUB ••• ฟลายอิงแบร์คลับ,1756.0,25.0,0.0,"Hobby,Lifestyle_(sociology),Tourism",60.3127405,24.4838733,2018-04-15 09:14:24+00:00,PT7M42S,https://www.youtube.com/watch?v=ItzZmQFNTV0,Nuuksio
HytGg414gNI,Jyväskylä City Center Summer Walk 2022 - the Largest City in the Finnish Lakeland,"(4K) Jyväskylä is located on the northern coast of Lake Päijänne 150 km north-east from Tampere. It is by far the largest city in the Central Finland region. It has 142 000 inhabitants (7th biggest in Finland). The city is surrounded by lakes and the city center is located on the shore of lake Jyväsjärvi.

This walk has two parts; during the day and night. The day walk covers the city center and the night walk covers the lakeside promenade in Lutakko Marina area.

Route Maps: https://www.google.com/maps/d/viewer?mid=1Z-Q4lJFsJponYo-SWSB8CWqlC9SlNcT7&ll=63.339522755308174%2C26.85789344801166&z=5

✔ Timestamps:
Day 
00:00 Kirkkopuisto (park)
02:41 Kauppakatu (pedestrian street)
10:42 Aren aukio (square)
11:59 Puistokatu (street)
14:15 Yliopistonkatu (street)
17:30 Kauppatori (market square)
19:55 Yliopistonkatu (street)
21:42 Väinönkatu (pedestrian street)
27:03 Väinönkatu (street)
30:08 Hannikaisenkatu (street)
30:48 Jyväskylä Railway Station
34:11 Asemakatu (street)
39:13 Asemakatu (pedestrian street)
Night
44:07 Lutakko Marina - Lakeside promenade (Night Walk)


✔ More from Finland: 
- https://www.youtube.com/playlist?list=PLIIA3Nvn4qUrn80mOeFlp7WCa-RBsi_g0

✔ Playlists:
- Autumn Walks: https://www.youtube.com/playlist?list=PLIIA3Nvn4qUrRGKJDdQRnNgtd93_hjwOa
- Bicycling Tours in Helsinki: https://www.youtube.com/playlist?list=PLIIA3Nvn4qUpq7D1Ij20iMWkLVaqaRq5E
- Nature Walks: https://www.youtube.com/playlist?list=PLIIA3Nvn4qUoSPwS3nllEs3X-YxaTiFR9
- Night Walks: https://www.youtube.com/playlist?list=PLIIA3Nvn4qUoYIm-f3ve7EtgE7cd5Fs--
- Rain Walks: https://www.youtube.com/playlist?list=PLIIA3Nvn4qUr4nzGWGGmj5rCSNQF_qe2x
- Snowfall Walks: https://www.youtube.com/playlist?list=PLIIA3Nvn4qUr_Hr4AX5VBnJHzSQ9u6BbW
- Walks with commentary (subtitled): https://www.youtube.com/playlist?list=PLIIA3Nvn4qUpu4kcQKi3CfLgNYGekTj_c

✔ More from other countries:
- Estonia: https://www.youtube.com/playlist?list=PLIIA3Nvn4qUp5HUT8f8OTWPsKIURU1_rd
- Norway: https://www.youtube.com/playlist?list=PLIIA3Nvn4qUoHoljJRpSJynck_zzCmaGC

Ways to Support the Channel:
⭐️Subscribe⭐️
https://www.youtube.com/channel/UCTPcClOzWlxnr2uaxUgOAtw/?sub_confirmation=1
⭐️Buy me a Coffee⭐️
https://ko-fi.com/asitis

✔ Instagram:
https://www.instagram.com/asitis.videography/

#asitis #jyväskylä #finland",UCTPcClOzWlxnr2uaxUgOAtw,asitis,31023.0,397.0,49.0,"Lifestyle_(sociology),Tourism",,,2022-07-13 09:00:09+00:00,PT56M54S,https://www.youtube.com/watch?v=HytGg414gNI,Päijänne
2sZI3IgCrM8,Forest Walk in Finland - Helvetinjärvi National Park,"(4K) Summer Walk in the Helvetinjärvi National Park in the Pirkanmaa region. Helvetinjärvi is located in Ruovesi municipality about 50 km to north from Tampere. 

The area includes deep gorges and rugged scenery formed by faults running through the bedrock. One of the most famous attraction is the cleft Helvetinkolu (the starting point of this walk) at the south-eastern end of Lake Helvetinjärvi.

Helvetinkolu has been a well-known tourist attraction already in the 1800s. Many famous Finnish artists and authors, such as painter Akseli Gallen-Kallela and poet J.L.Runeberg, have admired the scenery.

Read More: https://www.nationalparks.fi/helvetinjarvinp & https://en.wikipedia.org/wiki/Helvetinj%C3%A4rvi_National_Park

Details:
Helvetinjärvi National Park - Starting at Helvetinkolu
5.30 PM
+19,3 °C
Cloudy

Playlists:
- Nature Walks: https://www.youtube.com/playlist?list=PLIIA3Nvn4qUoSPwS3nllEs3X-YxaTiFR9
- Finland City Walking Tours: https://www.youtube.com/playlist?list=PLIIA3Nvn4qUrn80mOeFlp7WCa-RBsi_g0
- Bycycling Tours in Helsinki: https://www.youtube.com/playlist?list=PLIIA3Nvn4qUpq7D1Ij20iMWkLVaqaRq5E
- Walking Tours in Helsinki: https://www.youtube.com/playlist?list=PLIIA3Nvn4qUoXX6YxBmBa8ADamW2yyNuD
- Walks with commentary (subtitled): https://www.youtube.com/playlist?list=PLIIA3Nvn4qUpu4kcQKi3CfLgNYGekTj_c

You can support the channel by subscribing:
https://www.youtube.com/channel/UCTPcClOzWlxnr2uaxUgOAtw/?sub_confirmation=1

#asitis #forest #finland",UCTPcClOzWlxnr2uaxUgOAtw,asitis,7144.0,192.0,15.0,"Hobby,Lifestyle_(sociology),Tourism",,,2021-09-09 11:00:05+00:00,PT41M,https://www.youtube.com/watch?v=2sZI3IgCrM8,Helvetinjärvi
5W0z0ZEHn3U,Finnish Lapland Nature Walks: Autumn in Picturesque Riisitunturi National Park,"Walking in the Riisitunturi National Park in Finnish Lapland. This walk covers the Riisin Rääpäsy Nature Trail starting on the top of the Riisitunturi fjeld (465m).

Riisitunturi National Park (Finnish: Riisitunturin kansallispuisto) is a national park in Posio, Lapland, Finland. It was established in 1982 and covers 77 square kilometres (30 sq mi). 

Read More: https://posiolapland.com/riisitunturi-national-park/

================================================================================
Ways to Support the Channel:
⭐️ Subscribe ⭐️https://www.youtube.com/channel/UCTPcClOzWlxnr2uaxUgOAtw/?sub_confirmation=1
💖 Buy me a Coffee 💖 https://ko-fi.com/asitis

Connect:
📸 Instagram: https://www.instagram.com/asitis.videography/
================================================================================

✔️ Details:
Riisin Rääpäsy Nature Trail
Length 4.3 km
23 September 2022
Friday 3.00 PM

Timestamps:
00:00 Drone intro
00:41 Summit of Riisitunturi (fjeld)
01:30 Nature Trail (descending the summit)
10:59 Ikkunalampi (pond)
12:33 Nature Trail (swamps)
13:55 Cute little pond
15:16 Natute Trail (swamps)
22:37 Forest Hut
23:49 Natute Trail (swamps)
25:59 Cute little stream
26:49 Natute Trail (swamps)
33:33 Nature Trail (forest)
40:10 Cute little stream
41:33 Nature Trail (forest)
42:33 Handsome old tree with beard moss
43:25 Nature Trail (forest)
44:48 Beautiful yellow leaves
45:08 Nature Trail (forest)
46:40 Another handsome old tree with lots of beard moss
47:13 Nature Trail (forest)

================================================================================

🎞 Playlists:
- Bicycling Tours in Helsinki: https://www.youtube.com/playlist?list=PLIIA3Nvn4qUpq7D1Ij20iMWkLVaqaRq5E
- Nature Walks: https://www.youtube.com/playlist?list=PLIIA3Nvn4qUoSPwS3nllEs3X-YxaTiFR9
- Rain Walks: https://www.youtube.com/playlist?list=PLIIA3Nvn4qUr4nzGWGGmj5rCSNQF_qe2x
- Snowfall Walks: https://www.youtube.com/playlist?list=PLIIA3Nvn4qUr_Hr4AX5VBnJHzSQ9u6BbW
- Walks with commentary (subtitled): https://www.youtube.com/playlist?list=PLIIA3Nvn4qUpu4kcQKi3CfLgNYGekTj_c

⏩ More:
- Estonia: https://www.youtube.com/playlist?list=PLIIA3Nvn4qUp5HUT8f8OTWPsKIURU1_rd
- Finland: https://www.youtube.com/playlist?list=PLIIA3Nvn4qUrn80mOeFlp7WCa-RBsi_g0
- Norway: https://www.youtube.com/playlist?list=PLIIA3Nvn4qUoHoljJRpSJynck_zzCmaGC

#asitis #lapland #riisitunturi",UCTPcClOzWlxnr2uaxUgOAtw,asitis,2163.0,110.0,16.0,"Hobby,Lifestyle_(sociology),Tourism",,,2022-10-29 09:00:03+00:00,PT52M29S,https://www.youtube.com/watch?v=5W0z0ZEHn3U,Riisitunturi
oii30kGDZ_s,Winter Nature Walk on Snow in Lapland Finland - Urho Kekkonen National Park ( 5 November 2021 ),"(4K) Walking in the Urho Kekkonen National Park in Saariselkä, Lapland, Finland. UK National Park is the second largest national park in Finland. This walk covers the shorter route of Iisakkipää trail (3km). This route goes through forest-covered slope on the edge of the gorge. The trail winds along stream banks and continues slightly higher up the slope until close to the tree lien at the lower slope of Iisakkipää Fell.

Read More on the UK National Park: https://www.nationalparks.fi/urhokekkonennp

Read More on this route: https://julkaisut.metsa.fi/assets/pdf/lp/Esitteet/ukk-iisakkipaa-eng.pdf

More Nature Walks:
Nature Walks: https://www.youtube.com/playlist?list=PLIIA3Nvn4qUoSPwS3nllEs3X-YxaTiFR9

Timestamps:
00:00 Saariselkä Starting Gate
01:18 Aurorapolku (nature trail)
10:15 Iisakkipää (nature trail)
44:07 Aurorapolku (nature trail)
53:08 Saariselkä Starting Gate 

More Playlists:
- Night Walks: https://www.youtube.com/playlist?list=PLIIA3Nvn4qUoYIm-f3ve7EtgE7cd5Fs--
- Rain Walks: https://www.youtube.com/playlist?list=PLIIA3Nvn4qUr4nzGWGGmj5rCSNQF_qe2x
- Snow Walks: https://www.youtube.com/playlist?list=PLIIA3Nvn4qUrZYg1NQ7Czo5LtZkU0yf5k

You can support the channel by subscribing:
https://www.youtube.com/channel/UCTPcClOzWlxnr2uaxUgOAtw/?sub_confirmation=1

#asitis #lapland #finland",UCTPcClOzWlxnr2uaxUgOAtw,asitis,2006.0,91.0,8.0,"Lifestyle_(sociology),Tourism",68.1666667,28.25,2021-11-15 10:00:33+00:00,PT54M22S,https://www.youtube.com/watch?v=oii30kGDZ_s,Urho Kekkonen
WN-AZjUKNFg,Winter Walk in Jyväskylä Finland,"Sunday afternoon walk in Jyväskylä, Finland on 13th December 2020. Jyväskylä is located on the northern coast of Lake Päijänne in Central Finland region. It has 142 000 inhabitants (7th biggest in Finland). The city is surrounded by lakes and the city center is located on the shore of lake Jyväsjärvi.

This walk starts in the city center, continues via old and new train stations to the marina. Walk ends on the Kuokkalan silta with some nice views over the lake Jyväsjärvi.

-3,1 °Celsius
1.5 m/s Wind
12.30 PM

Timestamps:
00:00 Gummeruksenkatu/Kauppakatu (street)
00:20 Kauppakatu (street)
00:43 Jyväskylän kaupunginkirkko (church)
02:00 Kauppakatu (street)
03:50 Kauppakatu (pedestrian street)
06:50 Asemakatu (pedestrian street)
07:45 Kauppalaispiha (pedestrian street)
10:05 Väinönkatu (pedestrian street)
11:35 Kauppakatu (pedestrian street)
12:40 Aren aukio (square)
14:00 Kauppakatu (pedestrian street)
14:50 Väinönkatu (pedestrian street)
17:00 Väinönkatu (street)
19:00 Matkakeskus (bus and train station)
20:05 Hannikaisenkatu (street)
22:48 Old train station
23:58 Old locomotive
24:30 Train platform 1
27:00 Kilpisensilta (pedestrian bridge)
29:24 Lutakon satamapuisto (large park)
30:30 Jyväskylän satama (marina)
40:00 Satamakatu (street)
40:50 Kuokkalan silta (bridge)
44:40 View over the lake Jyväsjärvi

More from around Finland:
- Tampere: https://youtu.be/cNfXeZmePfM
- Ilomantsi: https://youtu.be/0d6QfFK0vFU
- Kouvola: https://youtu.be/8aIx1yWkr-0
- Hämeenlinna: https://youtu.be/Flxwg_1c7O8
- Helsinki: https://youtu.be/GeSRvIoF-PA
- Espoo: https://youtu.be/84_mR6c9Bv0
- Turku: https://youtu.be/C3QY8gf40os
- Lahti: https://youtu.be/r3Jn9DMDv6w
- Porvoo: https://youtu.be/M3CwUkBk9mQ
- Rovaniemi: https://youtu.be/-8biTgWk7rQ
- Oulu: https://youtu.be/-ekvGIA1rgU
- Nurmes: https://youtu.be/FBdIGrGQZ24
- Suomenlinna: https://youtu.be/GwYr0jTF62U
- Jyväskylä: https://youtu.be/WN-AZjUKNFg

Some more videos on my channel:
Bycycling in Helsinki: https://youtu.be/OzmILcD-Hoc
Walkin in bad weather in Kalasatama, Helsinki: https://youtu.be/RQBYjOOfAKQ
Helsinki Parks in Autumn Colors: https://youtu.be/rNCFRxo77as
Nature Walk in Ilomantsi: https://youtu.be/vMqi0bGYRnk
Mountain Walk in Brosmetinden, Norway: https://youtu.be/fftGsWfOpxA
Walking in Tromso, Norway: https://youtu.be/wpdSYgel2AE
Bycycling in Helsinki: https://youtu.be/OzmILcD-Hoc

Playlists:
Nature Walks: https://www.youtube.com/playlist?list=PLIIA3Nvn4qUoSPwS3nllEs3X-YxaTiFR9
Finland City Walking Tours: https://www.youtube.com/playlist?list=PLIIA3Nvn4qUrn80mOeFlp7WCa-RBsi_g0
Bycycling Tours in Helsinki: https://www.youtube.com/playlist?list=PLIIA3Nvn4qUpq7D1Ij20iMWkLVaqaRq5E
Walking Tours in Helsinki: https://www.youtube.com/playlist?list=PLIIA3Nvn4qUoXX6YxBmBa8ADamW2yyNuD
Walks with commentary (subtitled): https://www.youtube.com/playlist?list=PLIIA3Nvn4qUpu4kcQKi3CfLgNYGekTj_c

You can support the channel by subscribing:
https://www.youtube.com/channel/UCTPcClOzWlxnr2uaxUgOAtw/?sub_confirmation=1

#asitis #jyväskylä #finland",UCTPcClOzWlxnr2uaxUgOAtw,asitis,13821.0,277.0,19.0,"Lifestyle_(sociology),Tourism",,,2020-12-14 21:16:45+00:00,PT46M,https://www.youtube.com/watch?v=WN-AZjUKNFg,Päijänne
vu-xeuqXflE,Winter Snow Forest Walk in Lapland Finland (Pallas-Yllästunturi National Park),"(4K) Relaxing forest walk during snowfall in Pallas-Yllästunturi National Park in Lapland Finland. Pallas-Ylläs national park is third largest and most popular national park in Finland. Its located in Western Lapland in the municipalities of Enontekiö, Kittilä, Kolari and Muonio. 

Details:
14 April 2021 9.00 pm
-2,1 °C
Wind 2,6 m/s
Snowfall 0.4 mm

More Nature videos:
- Snow Forest Eastern Finland: https://youtu.be/AEdPRquaV_w
- Snow Forest Rovaniemi Lapland: https://youtu.be/eQ6K8YMR3ds
- Autumn Forest: https://youtu.be/vMqi0bGYRnk
- Mountain Walk Norway: https://youtu.be/fftGsWfOpxA
- Primeval Forest in Helsinki: https://youtu.be/Agg0kqKP3Vw
- Rokua National Park: https://youtu.be/EjHQKEcpL50
- Relaxing Paddling: https://youtu.be/sdkUMImHOlk

Playlists:
- Nature Walks: https://www.youtube.com/playlist?list=PLIIA3Nvn4qUoSPwS3nllEs3X-YxaTiFR9
- Snow Walks: https://www.youtube.com/playlist?list=PLIIA3Nvn4qUrZYg1NQ7Czo5LtZkU0yf5k
- Finland City Walking Tours: https://www.youtube.com/playlist?list=PLIIA3Nvn4qUrn80mOeFlp7WCa-RBsi_g0
- Bycycling Tours in Helsinki: https://www.youtube.com/playlist?list=PLIIA3Nvn4qUpq7D1Ij20iMWkLVaqaRq5E
- Walking Tours in Helsinki: https://www.youtube.com/playlist?list=PLIIA3Nvn4qUoXX6YxBmBa8ADamW2yyNuD
- Walks with commentary (subtitled): https://www.youtube.com/playlist?list=PLIIA3Nvn4qUpu4kcQKi3CfLgNYGekTj_c

You can support the channel by subscribing:
https://www.youtube.com/channel/UCTPcClOzWlxnr2uaxUgOAtw/?sub_confirmation=1",UCTPcClOzWlxnr2uaxUgOAtw,asitis,4297.0,132.0,14.0,"Lifestyle_(sociology),Tourism",67.9666667,24.1333333,2021-05-09 07:39:55+00:00,PT41M14S,https://www.youtube.com/watch?v=vu-xeuqXflE,Pallas-Yllästunturi
3T-3hCr-_XA,Old-Growth Forest Walk in Finland (Patvinsuo National Park),"(4K) Walking in the Primeval Forest area in Patvinsuo National Park, Lieksa, Finland. Patvinsuo National Park is located in North Karelia in the Lieksa and Ilomantsi municipalities. It was established in 1982 and covers 105 square kilometres (41 sq mi). There are 80 kilometres (50 mi) of marked walking trails in the area. The park has bogs, former managed forest and slash-and-burn areas and some old-growth forests. Suomujärvi lake is located in northeast area in the park.

In an old-growth forest, trees are allowed to grow until very old, then die and decompose. This type of environment provides countless habitats for flora, fauna and fungi. Beard lichens hang from the branches of spruces and polypore fungi decompose fallen trees. 

Read More: https://www.nationalparks.fi/patvinsuonp

Details:
Kuusipolku Trail 3 km
3 September 2021
2.00 PM
Cloudy / Light Rain

- More Nature Walks: - Nature Walks: https://www.youtube.com/playlist?list=PLIIA3Nvn4qUoSPwS3nllEs3X-YxaTiFR9

Some More Forest Walks:
- Helvetinjärvi NP: https://youtu.be/2sZI3IgCrM8
- Snow Forest Pallas-Yllästunturi NP: https://youtu.be/vu-xeuqXflE
- Snow Forest Eastern Finland: https://youtu.be/AEdPRquaV_w
- Snow Forest Rovaniemi Lapland: https://youtu.be/eQ6K8YMR3ds
- Autumn Forest: https://youtu.be/vMqi0bGYRnk

Playlists:
- Nature Walks: https://www.youtube.com/playlist?list=PLIIA3Nvn4qUoSPwS3nllEs3X-YxaTiFR9
- Finland City Walking Tours: https://www.youtube.com/playlist?list=PLIIA3Nvn4qUrn80mOeFlp7WCa-RBsi_g0
- Bycycling Tours in Helsinki: https://www.youtube.com/playlist?list=PLIIA3Nvn4qUpq7D1Ij20iMWkLVaqaRq5E
- Walking Tours in Helsinki: https://www.youtube.com/playlist?list=PLIIA3Nvn4qUoXX6YxBmBa8ADamW2yyNuD
- Walks with commentary (subtitled): https://www.youtube.com/playlist?list=PLIIA3Nvn4qUpu4kcQKi3CfLgNYGekTj_c

You can support the channel by subscribing:
https://www.youtube.com/channel/UCTPcClOzWlxnr2uaxUgOAtw/?sub_confirmation=1

#asitis #forest #finland",UCTPcClOzWlxnr2uaxUgOAtw,asitis,3731.0,136.0,11.0,"Hobby,Lifestyle_(sociology),Tourism",,,2021-09-19 09:00:03+00:00,PT48M41S,https://www.youtube.com/watch?v=3T-3hCr-_XA,Patvinsuo
NeGLTM0TRjk,Winter Snow Forest Walk in Eastern Finland (Petkeljärvi National Park),"(4K) Relaxing Winter Forest Walk in Snow in Petkeljärvi National Park, Finland. 

Petkeljärvi is a national park in Ilomantsi in the North Karelia region of eastern Finland. Pine trees dominate the landscape on esker ridges formed during the Ice Age in this beautiful part of Finland's eastern borderlands.

This walk starts in the beginning of Kuikan Kierros Nature Trail and continues to two kilometers long narrow ridge of Korkeasärkkä. Turn on the subtitles for more info of the trail.

Details:
Petkeljärvi National Park (Kuikan Kierros and Korkeasärkkä Nature Trails)
Friday Afternoon 19 March 2021
-7,0 °C
Sunny

Timestamps:
00:00 Beginning of the Kuikan Kierros Nature Trail
11:35 Kettle Hole
12:56 Kuikan Kierros Nature Trail
16:52 Kettle Hole
22:25 Korkeasärkkä Nature Trail
29:45 Beautiful Dead Pine Tree
30:46 On top of the beautiful Korkeasärkkä Ridge
37:13 Korkeasärkkä Nature Trail

Latest:
- Winter Walk in Ilomantsi: https://studio.youtube.com/video/0d6QfFK0vFU/edit
- Snowfall Walk in Helsinki: https://studio.youtube.com/video/sO0IixfpYEk/edit
- Winter Bicycling in Helsinki: https://studio.youtube.com/video/016mnroawdE/edit

Nature videos:
- Winter Snow Forest Walk: https://youtu.be/AEdPRquaV_w
- Autumn Forest Walk: https://youtu.be/vMqi0bGYRnk
- Mountain Walk Norway: https://youtu.be/fftGsWfOpxA
- Primeval Forest in Helsinki: https://youtu.be/Agg0kqKP3Vw
- Rokua National Park: https://youtu.be/EjHQKEcpL50
- Relaxing Paddling: https://youtu.be/sdkUMImHOlk

Playlists:
- Nature Walks: https://www.youtube.com/playlist?list=PLIIA3Nvn4qUoSPwS3nllEs3X-YxaTiFR9
- Snow Walks: https://www.youtube.com/playlist?list=PLIIA3Nvn4qUrZYg1NQ7Czo5LtZkU0yf5k
- Finland City Walking Tours: https://www.youtube.com/playlist?list=PLIIA3Nvn4qUrn80mOeFlp7WCa-RBsi_g0
- Bycycling Tours in Helsinki: https://www.youtube.com/playlist?list=PLIIA3Nvn4qUpq7D1Ij20iMWkLVaqaRq5E
- Walking Tours in Helsinki: https://www.youtube.com/playlist?list=PLIIA3Nvn4qUoXX6YxBmBa8ADamW2yyNuD
- Walks with commentary (subtitled): https://www.youtube.com/playlist?list=PLIIA3Nvn4qUpu4kcQKi3CfLgNYGekTj_c

You can support the channel by subscribing:
https://www.youtube.com/channel/UCTPcClOzWlxnr2uaxUgOAtw/?sub_confirmation=1

#asitis #nature #finland",UCTPcClOzWlxnr2uaxUgOAtw,asitis,1185.0,56.0,8.0,"Lifestyle_(sociology),Tourism",62.5904329,31.1790635,2021-03-24 17:20:54+00:00,PT45M42S,https://www.youtube.com/watch?v=NeGLTM0TRjk,Petkeljärvi
nRILRaCfzuM,"Boreal Forest Walk in Finland (Oulanka National Park, Kuusamo)","Walking in the Northern Coniferous Forest (Boreal/Taiga) in Oulanka National Park, Kuusamo, Finland. Oulanka National Park is a national park in the Northern Ostrobothnia and Lapland regions of Finland, covering 270 square kilometres (104 sq mi). 

The landscape is made up of pine forests, river valleys with sandy banks and rapids, and in the north of vast mires. It has a unique river ecosystem and is an example of untouched and unlogged boreal forest, close to the arctic circle, which is protected by World Wide Fund for Nature from intensive reindeer herding.

Read More: https://www.nationalparks.fi/oulankanp & https://en.wikipedia.org/wiki/Oulanka_National_Park

================================================================================
Ways to Support the Channel:
⭐️ Subscribe ⭐️https://www.youtube.com/channel/UCTPcClOzWlxnr2uaxUgOAtw/?sub_confirmation=1
💖 Buy me a Coffee 💖 https://ko-fi.com/asitis

Connect:
📸 Instagram: https://www.instagram.com/asitis.videography/
================================================================================
✔️ Details:
Hiiden hurmos Trail, 5 km, Circle Trail
24 September 2022
8.30 AM
+6,4 °C

✔️ Timestamps:
00:00 Aapa Mire
02:14 Pine Forest
07:10 Large Ant Nest
07:44 Spruce & Pine Forest
08:50 Small Stream
10:27 Spruce & Pine Forest
22:56 Meadow
26:39 Spruce & Pine Forest
32:51 Camping area & Lean-to
35:22 Pine Forest
40:28 Kiutaköngäs Rapids
================================================================================

🎞 Playlists:
- Bicycling Tours in Helsinki: https://www.youtube.com/playlist?list=PLIIA3Nvn4qUpq7D1Ij20iMWkLVaqaRq5E
- Nature Walks: https://www.youtube.com/playlist?list=PLIIA3Nvn4qUoSPwS3nllEs3X-YxaTiFR9
- Rain Walks: https://www.youtube.com/playlist?list=PLIIA3Nvn4qUr4nzGWGGmj5rCSNQF_qe2x
- Snowfall Walks: https://www.youtube.com/playlist?list=PLIIA3Nvn4qUr_Hr4AX5VBnJHzSQ9u6BbW
- Walks with commentary (subtitled): https://www.youtube.com/playlist?list=PLIIA3Nvn4qUpu4kcQKi3CfLgNYGekTj_c

⏩ More:
- Estonia: https://www.youtube.com/playlist?list=PLIIA3Nvn4qUp5HUT8f8OTWPsKIURU1_rd
- Finland: https://www.youtube.com/playlist?list=PLIIA3Nvn4qUrn80mOeFlp7WCa-RBsi_g0
- Norway: https://www.youtube.com/playlist?list=PLIIA3Nvn4qUoHoljJRpSJynck_zzCmaGC

#asitis #forest #taiga",UCTPcClOzWlxnr2uaxUgOAtw,asitis,2244.0,90.0,12.0,"Hobby,Lifestyle_(sociology),Tourism",,,2022-10-11 09:00:33+00:00,PT46M38S,https://www.youtube.com/watch?v=nRILRaCfzuM,Oulanka
YNgepFZyVyQ,10km Vaeltamista Nuuksiossa 🌲🪵,"♡︎Kiitos, kun katsoit videon
♡︎Muista tykätä videosta, tilata kanava ja kommentoida alas jotain mukavaa


Ainu
-Olen 14/07 syntynyt tyttö Turusta, ja harrastan keppihevosten lisäksi ratsastusta oikeilla hevosilla.

Talli
-Kenttätalli TähtiKavio on vuonna 2018 perustettu 12 hevosen talli, joka järjestää tunti- ja valmennustoimintaa.

Hevoset
-Tallissa on 7 tuntikäytössä olevaa hevosta, 1 koulutuksessa oleva varsa, ja 4 yksityishevosta.

Somet
-Instagram: @kenttatalli.tahti.kavio
-TikTok: @kenttatalli.tahti.kavio

❕TUNTIHEVOSET❕
-Nestor s.2015 Russponi Ori
-Hani s.2013 Hollanninpuoliveris Tamma
-Exi s.2006 Holsteininhevos Ruuna
-Daisy s.2016 Welsh A Tamma
-Gigi s.2009 Ratsuponi Tamma

❕YLLÄPITOHEVOSET❕
-Maija s.2011 Connemara Tamma
-Creme s.2009 Oldenburg Ori

❕VARSAT❕
-Vilma s.2019 Vuonohevos Tamma

❕YKSITYISET❕
-Unna s.2011 FWB Tamma
-Tino s.2008 Camargue Ori
-Tito s.2016 FWB Ori
-Reea s.2015 Zemaituka Tamma

❕CREDITS❕
-I Don’t Own Any Of These Musics. All Credits Goes To The Original Owners.
-Music: As Leaves Fall
-Musician: @iksonmusic
-Music: Youth
-Musician: @iksonmusic
-Music: Early Hours
-Musician: @iksonmusic
-Music: She's The Moon
-Musician: Carl Storm
-Music: Gravelike
-Musician: Philip E Morris
-Music: Chill
-Musician: LiQWYD

❕KIITOS❕
-Olen todella onnekas ja kiitollinen, että saan pitää hevoseni hyvissä tiloissa ja harrastaa näin realistisesti hyvillä puitteilla. Kiitos kaikille, jotka tilaa/tykkää/kommentoi kanavani sisältöön. Se merkitsee minulle paljon, ja olette ihan parhaita.💞",UCThu0-oxGuilObrm69lNdIg,Kenttätalli TähtiKavio,2257.0,152.0,15.0,"Hobby,Lifestyle_(sociology),Tourism",,,2022-07-28 12:00:19+00:00,PT22M58S,https://www.youtube.com/watch?v=YNgepFZyVyQ,Nuuksio
BBSgToukSX4,Metallinetsintää | Huttu-Ukon aarteet  – Aarteita Lapista 2/6 | Metallinpaljastin,"Tervetuloa mielen ja maallisten aarteiden jäljille! Tällä kertaa etsitään metallinpaljastimen avulla aarteita Pyhätunturin läheisyydessä sijaitsevalta Huttu-Ukon tontilta. Huttu-Ukon aarteiden jälkeen matka jatkuu Pyhätunturilta kohti Saariselän kultamaita.

Huttu-Ukosta löytyy useita tarinoita alkaen aina 1800-luvun loppuvaiheilta nykypäivään saakka.  Toiset kertovat hänen olevan Pyhätunturin leppoisa suojelija ja toiset taasen kertovat hänen olevan hyvinkin kiivasluonteinen hahmo. Voimakas ja erittäin suurikokoinen hahmo, joka suojelee tunturia ja pitää tunkeilijat loitolla.",UCTnixL2wuUOU6ZehxPnUrMQ,Partamaani,4835.0,92.0,12.0,"Hobby,Lifestyle_(sociology)",67.0138889,27.1494444,2022-09-16 15:31:15+00:00,PT23M8S,https://www.youtube.com/watch?v=BBSgToukSX4,Pyhä-Luosto
WtdMh_5DrrE,PITKÄSTÄ AIKAA!,"Pitkähkön juoksutauon jälkeen oli erittäin mukavaa päästä vähän hölkkäilemään ja vieläpä Sipoonkorven kansallispuiston upeille poluille.

Hyppää kyytiin ja pistä kanava tilaukseen!

► Instagram: https://www.instagram.com/itkonen_/ 
► Twitter: https://twitter.com/Habachu",UCTr1e2tBrSdjJ1oxFAAF7iQ,Itkonen,1340.0,63.0,9.0,"Hobby,Lifestyle_(sociology)",,,2023-08-16 13:05:08+00:00,PT18M57S,https://www.youtube.com/watch?v=WtdMh_5DrrE,Sipoonkorpi
tb9JjeK6v4s,Tour de Sipoonkorpi | 6h - 40km,Kävin nautiskelemassa pitkän ja rauhallisen polkujuoksun Sipoonkorven kansallispuiston upeissa maisemissa.,UCTr1e2tBrSdjJ1oxFAAF7iQ,Itkonen,1250.0,20.0,2.0,"Hobby,Lifestyle_(sociology)",,,2020-11-08 08:03:04+00:00,PT12M15S,https://www.youtube.com/watch?v=tb9JjeK6v4s,Sipoonkorpi
ZyT2HEmsuGM,Talviyö Teijon kansallispuistossa | Matildanjärven hirsikota,Vietettiin perheen kanssa talvinen pakkasyö Matildanjärven hirsikodalla Teijon kansallispuistossa joka tunnetaan myös Vicksbäckinlahden kotana.,UCTr1e2tBrSdjJ1oxFAAF7iQ,Itkonen,1904.0,69.0,6.0,"Hobby,Lifestyle_(sociology),Tourism",,,2023-01-14 07:00:13+00:00,PT10M2S,https://www.youtube.com/watch?v=ZyT2HEmsuGM,Teijo
7ebrjLGBabA,Repoveden reitit | 43km,Kävin nautiskelemassa Repoveden kansallispuiston syksyistä maisemista ja juosta jolkottelin siinä samalla kaikki viralliset rengasreitit ympäri.,UCTr1e2tBrSdjJ1oxFAAF7iQ,Itkonen,1231.0,49.0,10.0,"Hobby,Lifestyle_(sociology)",,,2021-09-19 13:59:18+00:00,PT14M56S,https://www.youtube.com/watch?v=7ebrjLGBabA,Repovesi
0zyfohKWLzI,Kohti karhunkierrosta | 40km Repovedellä,Kävin nautiskelemassa aurinkoisesta kelistä Repoveden kansallispuistossa ja juoksemassa viimeisen pidemmän lenkin ennen Karhunkierrosta.,UCTr1e2tBrSdjJ1oxFAAF7iQ,Itkonen,1286.0,79.0,14.0,"Hobby,Lifestyle_(sociology)",,,2022-05-11 14:00:00+00:00,PT17M28S,https://www.youtube.com/watch?v=0zyfohKWLzI,Repovesi
CFyX4esEjd8,Repoveden vappumarssi | 50km,Käytiin nykäsemässä 50km juoksulenkki Repoveden kansallispuiston upeissa maisemissa.,UCTr1e2tBrSdjJ1oxFAAF7iQ,Itkonen,2079.0,73.0,13.0,"Hobby,Lifestyle_(sociology)",,,2023-05-01 16:46:38+00:00,PT21M46S,https://www.youtube.com/watch?v=CFyX4esEjd8,Repovesi
1_mw-YwWh3U,NUTS Ylläs Pallas 100km,"Elämäni ensimmäinen onnistunut 100km polkujuoksu Pallakselta Ylläkselle todella upeissa Lapin tunturimaisemissa. 

Jos juoksusta tulee mitään kysyttävää mieleen, niin pistä kommenttia.

Kansikuva: Rami Valonen",UCTr1e2tBrSdjJ1oxFAAF7iQ,Itkonen,10192.0,271.0,45.0,Lifestyle_(sociology),,,2022-07-14 19:49:56+00:00,PT21M38S,https://www.youtube.com/watch?v=1_mw-YwWh3U,Pallas-Yllästunturi
S-gsXM2HZlw,Kevätretki Sipoonkorpeen,Kävin tekemässä kevään ensimmäisen Sipoonkorven pitkiksen upean aurinkoisessa kelissä ja testasin samalla Salomonin trail gaters nilkkasuojia.,UCTr1e2tBrSdjJ1oxFAAF7iQ,Itkonen,1196.0,75.0,6.0,"Hobby,Lifestyle_(sociology)",,,2023-04-23 06:00:14+00:00,PT22M53S,https://www.youtube.com/watch?v=S-gsXM2HZlw,Sipoonkorpi
u1CWY_Z-aQg,Retkeilyä | Fiskträsk,"Tehtiin lauman kanssa työviikon päätteeksi snadi iltaretki Sipoonkorven kansallispuiston isoimman järven, eli Fiskträskin rannalle.

Tsekkaa video, niin tiedät mitä kaikkea Fiskträsk retkeilijälle tarjoaa!

TILAA KANAVA - Kiitos! 

► Instagram: https://www.instagram.com/itkonen_/ 
► Twitter: https://twitter.com/Habachu",UCTr1e2tBrSdjJ1oxFAAF7iQ,Itkonen,1011.0,38.0,6.0,"Hobby,Lifestyle_(sociology),Tourism",,,2023-08-18 14:00:40+00:00,PT9M,https://www.youtube.com/watch?v=u1CWY_Z-aQg,Sipoonkorpi
7bBQGRjT88Q,Tuusula Trail Run 2020,"Tuusula Trail Run 2020. 

Kansikuva: Petteri Jokela
Nuuksion infot: https://nuuksiobackyardultra.blogspot.com",UCTr1e2tBrSdjJ1oxFAAF7iQ,Itkonen,1011.0,25.0,5.0,"Hobby,Lifestyle_(sociology)",,,2020-11-03 14:10:49+00:00,PT11M3S,https://www.youtube.com/watch?v=7bBQGRjT88Q,Nuuksio
D1iCsSV3AZA,Nuts Ylläs Pallas 100km | DNF,Kävin Lapin opintomatkalla tutustumassa vähän paremmin ultrajuoksun ihmeelliseen maailmaan ja sain todella paljon oppia tulevaan.,UCTr1e2tBrSdjJ1oxFAAF7iQ,Itkonen,6757.0,107.0,15.0,"Hobby,Lifestyle_(sociology)",,,2021-07-27 14:00:05+00:00,PT17M33S,https://www.youtube.com/watch?v=D1iCsSV3AZA,Pallas-Yllästunturi
2sr7nrhWngk,Finnland 🇫🇮 Roadtrip mit dem Wohnmobil🚐 #5 2022 - Im Oulanka Nationalpark fast vom Blitz ⚡️getroffen,"#europa #roadtrip #skandinavien 

Teil fünf aus Finnland, ohne Worte. Schaut es euch an 😃

Viele liebe Grüße
Peggy & Stefan
PS Camper-Tours

——————————————————————————————

🎼 Musik:
www.epidemicsound.com

——————————————————————————————

💚 UNTERSTÜTZUNG 💚

Wer gern etwas in unsere Windelkasse spenden möchte, kann uns unter folgendem Link unterstützen:

https://paypal.me/pscampertours?locale.x=de_DE

——————————————————————————————

📹📷 FOTO- und VIDEOTECHNIK:

*Kamera Canon G7X Mark III: https://amzn.to/3lwu8Cv
*Handgriff für Canon: https://amzn.to/3rVnRm9
*Kamera Fuji XT3: https://amzn.to/3rXVSlR
*Actioncam DJI OSMO Pocket: https://amzn.to/3tAqSZP
*Drohne DJI Mavic Pro Platinum: https://amzn.to/30SHNdK
*Filterset für Mavic Pro Platinum: https://amzn.to/3qUVd3r
*Telepod: https://amzn.to/3eWnkg2 
*Microphone Rode VideoMicro: https://amzn.to/3vJZiLw
*Microphone Rode Wireless Go: https://amzn.to/38O739p
*Großes Stativ: https://amzn.to/3ePejp6
*Kleines flexibles Stativ: https://amzn.to/3vySsIz



🌍 INTERNET+Telefon im WOMO:

*Router Huawei B535: https://amzn.to/30OY8jl
*Externe LTE Antenne: https://amzn.to/38Ni4aI
*Handyhalterung Sprinter/Crafter: https://amzn.to/3tf2Dk1
*IPhone 12 Halterung: https://amzn.to/2QkZHUc


☀️Stromerzeugung:

Offgridtec OLP 155W: https://tinyurl.com/yj3x2f85

Wir haben zwei dieser Solarpaneele verbaut.



🏕Nützliches Campingzubehör:

*Campingstühle: https://amzn.to/3bRMxGF
*Campingtisch: https://amzn.to/3qWZWkU

✂️Bastelmaterialien:

*Makramee Garn 5mm: https://amzn.to/2Qit5uv
*Makramee Garn 3mm: https://amzn.to/2QdrC8B
*Magnetklebeband: https://amzn.to/3saPEhP
*Flexible Vorhangschiene : https://amzn.to/2QhRNLA



Die mit * versehenen Links sind Amazon-Affiliate-Links.
Durch euren Kauf der Produkte über diese Links erhalten wir eine kleine Provision, euch entstehen dadurch keine Mehrkosten.",UCUVNM_WkqQWq8qnffI3cGow,PS Camper-Tours,2360.0,113.0,15.0,"Lifestyle_(sociology),Tourism",,,2022-09-11 06:00:01+00:00,PT20M23S,https://www.youtube.com/watch?v=2sr7nrhWngk,Oulanka
ML5U8Lg9vUs,"Finnland 🇫🇮 Roadtrip mit dem Wohnmobil🚐 #3 2022 - Reifenpanne, Hiidenportti Nationalpark, Hepoköngäs","#europa #roadtrip #skandinavien 

Teil drei hält eine böse Überraschung bereit. Loch im Reifen, was nun? Wir sind gerade auf dem Weg vom Hiidenportti National Park zu Finnland höchsten Wasserfall, dem Hepoköngäs.

Viele liebe Grüße
Peggy & Stefan
PS Camper-Tours

——————————————————————————————

🎼 Musik:
www.epidemicsound.com

——————————————————————————————

💚 UNTERSTÜTZUNG 💚

Wer gern etwas in unsere Windelkasse spenden möchte, kann uns unter folgendem Link unterstützen:

https://paypal.me/pscampertours?locale.x=de_DE

——————————————————————————————

📹📷 FOTO- und VIDEOTECHNIK:

*Kamera Canon G7X Mark III: https://amzn.to/3lwu8Cv
*Handgriff für Canon: https://amzn.to/3rVnRm9
*Kamera Fuji XT3: https://amzn.to/3rXVSlR
*Actioncam DJI OSMO Pocket: https://amzn.to/3tAqSZP
*Drohne DJI Mavic Pro Platinum: https://amzn.to/30SHNdK
*Filterset für Mavic Pro Platinum: https://amzn.to/3qUVd3r
*Telepod: https://amzn.to/3eWnkg2 
*Microphone Rode VideoMicro: https://amzn.to/3vJZiLw
*Microphone Rode Wireless Go: https://amzn.to/38O739p
*Großes Stativ: https://amzn.to/3ePejp6
*Kleines flexibles Stativ: https://amzn.to/3vySsIz



🌍 INTERNET+Telefon im WOMO:

*Router Huawei B535: https://amzn.to/30OY8jl
*Externe LTE Antenne: https://amzn.to/38Ni4aI
*Handyhalterung Sprinter/Crafter: https://amzn.to/3tf2Dk1
*IPhone 12 Halterung: https://amzn.to/2QkZHUc


☀️Stromerzeugung:

Offgridtec OLP 155W: https://tinyurl.com/yj3x2f85

Wir haben zwei dieser Solarpaneele verbaut.



🏕Nützliches Campingzubehör:

*Campingstühle: https://amzn.to/3bRMxGF
*Campingtisch: https://amzn.to/3qWZWkU

✂️Bastelmaterialien:

*Makramee Garn 5mm: https://amzn.to/2Qit5uv
*Makramee Garn 3mm: https://amzn.to/2QdrC8B
*Magnetklebeband: https://amzn.to/3saPEhP
*Flexible Vorhangschiene : https://amzn.to/2QhRNLA



Die mit * versehenen Links sind Amazon-Affiliate-Links.
Durch euren Kauf der Produkte über diese Links erhalten wir eine kleine Provision, euch entstehen dadurch keine Mehrkosten.",UCUVNM_WkqQWq8qnffI3cGow,PS Camper-Tours,6528.0,206.0,20.0,"Lifestyle_(sociology),Tourism",,,2022-09-04 06:00:05+00:00,PT25M1S,https://www.youtube.com/watch?v=ML5U8Lg9vUs,Hiidenportti
DfeNZxqdDHg,"Finnland 🇫🇮 Roadtrip mit dem Wohnmobil🚐 #1 2022 - Porvoo, Repovesi Nationalpark, Imatrafall","#europa #roadtrip #skandinavien 

Wir fahren mit der Viking Line von Tallinn nach Helsinki. Da wir keine Lust verspüren uns Helsinki und somit die nächste Großstadt anzuschauen, fahren wir direkt in das kleine wunderschöne Örtchen Porvoo. Danach geht es weiter in den Repovesi Nationalpark und zum Imatrafall. 

Viele liebe Grüße
Peggy & Stefan
PS Camper-Tours

——————————————————————————————

🎼 Musik:
www.epidemicsound.com

——————————————————————————————

💚 UNTERSTÜTZUNG 💚

Wer gern etwas in unsere Windelkasse spenden möchte, kann uns unter folgendem Link unterstützen:

https://paypal.me/pscampertours?locale.x=de_DE

——————————————————————————————

📹📷 FOTO- und VIDEOTECHNIK:

*Kamera Canon G7X Mark III: https://amzn.to/3lwu8Cv
*Handgriff für Canon: https://amzn.to/3rVnRm9
*Kamera Fuji XT3: https://amzn.to/3rXVSlR
*Actioncam DJI OSMO Pocket: https://amzn.to/3tAqSZP
*Drohne DJI Mavic Pro Platinum: https://amzn.to/30SHNdK
*Filterset für Mavic Pro Platinum: https://amzn.to/3qUVd3r
*Telepod: https://amzn.to/3eWnkg2 
*Microphone Rode VideoMicro: https://amzn.to/3vJZiLw
*Microphone Rode Wireless Go: https://amzn.to/38O739p
*Großes Stativ: https://amzn.to/3ePejp6
*Kleines flexibles Stativ: https://amzn.to/3vySsIz



🌍 INTERNET+Telefon im WOMO:

*Router Huawei B535: https://amzn.to/30OY8jl
*Externe LTE Antenne: https://amzn.to/38Ni4aI
*Handyhalterung Sprinter/Crafter: https://amzn.to/3tf2Dk1
*IPhone 12 Halterung: https://amzn.to/2QkZHUc


☀️Stromerzeugung:

Offgridtec OLP 155W: https://tinyurl.com/yj3x2f85

Wir haben zwei dieser Solarpaneele verbaut.



🏕Nützliches Campingzubehör:

*Campingstühle: https://amzn.to/3bRMxGF
*Campingtisch: https://amzn.to/3qWZWkU

✂️Bastelmaterialien:

*Makramee Garn 5mm: https://amzn.to/2Qit5uv
*Makramee Garn 3mm: https://amzn.to/2QdrC8B
*Magnetklebeband: https://amzn.to/3saPEhP
*Flexible Vorhangschiene : https://amzn.to/2QhRNLA



Die mit * versehenen Links sind Amazon-Affiliate-Links.
Durch euren Kauf der Produkte über diese Links erhalten wir eine kleine Provision, euch entstehen dadurch keine Mehrkosten.",UCUVNM_WkqQWq8qnffI3cGow,PS Camper-Tours,7366.0,194.0,37.0,"Lifestyle_(sociology),Tourism",,,2022-08-28 06:00:03+00:00,PT13M39S,https://www.youtube.com/watch?v=DfeNZxqdDHg,Repovesi
BKoZqlbhzbg,"Bike-packing in Nuuksio, Espoo, Finland","How I found myself in Finland: https://youtu.be/uR6LSXopmZI

Instagram - http://instagram.com/luke_bland
Twitch - https://www.twitch.tv/lukebland
Twitter - http://twitter.com/luke_bland
Spotify - http://open.spotify.com/user/programyourownmind2
Soundcloud - https://soundcloud.com/echo-7-1


Where I work
———————————————————
http://cocomms.com


My T-Shirts
———————————————————
http://likehel.fi


Cameras: 
———————————————————
Canon G7X
GoPro Hero 5 session 
iPhone 7 
DJI Mavic Air
Insta360 One X",UCWDXI9DB3TXS-D6fybRPn-A,Luke Bland,3048.0,139.0,19.0,"Hobby,Lifestyle_(sociology),Tourism",,,2020-06-29 14:02:46+00:00,PT14M12S,https://www.youtube.com/watch?v=BKoZqlbhzbg,Nuuksio
3BN5zgCuHcQ,"Winter camping in Nuuksio, Finland","American living in Helsinki, Finland | daily vlogger. 

Things you'll find here: Marathon running, Island swimming, boating, drone filming, urban fixed gear bike craziness, a really big helmet and a bit of Helsinki lifestyle.

How I found myself in Finland: https://youtu.be/rNhWniyA560

Web - http://www.lukebland.com
Instagram - http://instagram.com/luke_bland
Twitter - http://twitter.com/luke_bland
Snapchat - luke-bland
Spotify - http://open.spotify.com/user/programyourownmind2
Soundcloud - https://soundcloud.com/echo-7-1


Where I work
———————————————————
http://cocomms.com


My T-Shirts
———————————————————
http://wemakestuffyoubuy.com


Cameras: 
———————————————————
Sony RX100 mk3
GoPro Hero 4 session 
iPhone 7 
DJI Phantom 3 Pro


Tags
———————————————————
#vlogger #vlogging #vlog #youtuber #helsinki #city #finland #video #blogger #visitfinland #cocomms #wearecocomms #tapiola #espoo #lifestylevlog #expat",UCWDXI9DB3TXS-D6fybRPn-A,Luke Bland,3009.0,69.0,8.0,"Lifestyle_(sociology),Tourism",,,2018-02-15 05:09:28+00:00,PT8M54S,https://www.youtube.com/watch?v=3BN5zgCuHcQ,Nuuksio
8eEi6w-10dk,"Laavu camping in Nuuksio, Finland","How I found myself in Finland: https://youtu.be/uR6LSXopmZI

Instagram - http://instagram.com/luke_bland
Twitch - https://www.twitch.tv/lukebland
Twitter - http://twitter.com/luke_bland
Spotify - http://open.spotify.com/user/programyourownmind2
Soundcloud - https://soundcloud.com/echo-7-1


Where I work
———————————————————
http://cocomms.com


My T-Shirts
———————————————————
http://likehel.fi


Cameras: 
———————————————————
Canon G7X
GoPro Hero 5 session 
iPhone 7 
DJI Mavic Air
Insta360 One X",UCWDXI9DB3TXS-D6fybRPn-A,Luke Bland,3697.0,151.0,20.0,"Hobby,Lifestyle_(sociology),Tourism",,,2020-11-29 07:00:01+00:00,PT15M29S,https://www.youtube.com/watch?v=8eEi6w-10dk,Nuuksio
xIxeCPqly68,"Winter camping in Nuuksio, Finland | Part 2","American living in Helsinki, Finland | daily vlogger. 

Things you'll find here: Marathon running, Island swimming, boating, drone filming, urban fixed gear bike craziness, a really big helmet and a bit of Helsinki lifestyle.

How I found myself in Finland: https://youtu.be/rNhWniyA560

Web - http://www.lukebland.com
Instagram - http://instagram.com/luke_bland
Twitter - http://twitter.com/luke_bland
Snapchat - luke-bland
Spotify - http://open.spotify.com/user/programyourownmind2
Soundcloud - https://soundcloud.com/echo-7-1


Where I work
———————————————————
http://cocomms.com


My T-Shirts
———————————————————
http://wemakestuffyoubuy.com


Cameras: 
———————————————————
Sony RX100 mk3
GoPro Hero 4 session 
iPhone 7 
DJI Phantom 3 Pro


Tags
———————————————————
#vlogger #vlogging #vlog #youtuber #helsinki #city #finland #video #blogger #visitfinland #cocomms #wearecocomms #tapiola #espoo #lifestylevlog #expat",UCWDXI9DB3TXS-D6fybRPn-A,Luke Bland,1600.0,61.0,7.0,"Lifestyle_(sociology),Tourism",,,2018-02-15 10:22:48+00:00,PT7M24S,https://www.youtube.com/watch?v=xIxeCPqly68,Nuuksio
MhXRY4nlpdg,Visiting Great Nature in Finland! - Repovesi National Park,"📳Social Media
Instagram : @okonomiyakiguy
Twitter : https://twitter.com/Okonomiyakiguy
Blog :https://finland-life-lessons.com

In case you want to support me :
☕️ Buy me a coffee: https://www.buymeacoffee.com/DaikiYoshikawa
👍 Or just subscribe & like this video!

✍️Who am I?
I'm Daiki, originally from Kyoto, Japan. I moved to Finland for my masters degree in business in 2016 and now I'm working in the capital area, Helsinki. Through this channel I'm hoping to share my experience in Finland and sometimes abroad, including culture, career, lifestyle and travel diaries. 

I actively share my experience and learnings on Twitter and in my blog. Also, don't forget to subscribe this channel as I upload a video about Finnish culture and Nordic lifestyle EVERY WEEKEND! :) 

*Music*
————————————————————­­­­-----
🎷Free music from Thematic → https://app.hellothematic.com/?via=daiki
フリーBGM DOVA-SYNDROME by http://dova-s.jp/

いつかの大地へ https://www.youtube.com/watch?v=7w2oJu-yy6I
Music by Mr. Jello - Sunrays - https://thmatc.co/?l=AB7A37A5
Audionautix Cryin In My Beer https://creativecommons.org/licenses/by/4.0/
アーティスト: http://audionautix.com/
Music by HOHYUN - My Summertime - https://thmatc.co/?l=BAA6F33B
Music by Coodysan - Summer Festival - https://thmatc.co/?l=B1E766F1
————————————————————­­­­——
#finland 
#nationalpark 
#repovesi",UCXRzRzLUt2KjZhI18NMJuBA,Daiki Yoshikawa,3044.0,179.0,21.0,"Hobby,Lifestyle_(sociology),Tourism",,,2022-09-03 15:00:25+00:00,PT10M56S,https://www.youtube.com/watch?v=MhXRY4nlpdg,Repovesi
Aix6lENxGHA,"Dag 46. Gruppedynamik på tur, Finland på langs - til fods","Staus på dag 46, under Finland på langs - til fods. 
Jeg er lige syd for Oulanka National Park🗺️

Dag: 46
Km: 22,83
Km i alt: 1.182
Tid afsted: 8g5min. 

Mere om ""Finland på langs – til fods"" her:
https://komud.dk/foredrag-ekspeditioner-og-eventyr/finland-paa-langs-til-fods/

Håber det kan bruges. 
Erik B. Jørgensen",UCXsTVl-HtdDaPeJmfEMqqTA,Erik B. Jørgensen,2237.0,174.0,14.0,"Hobby,Lifestyle_(sociology)",,,2023-06-16 17:00:07+00:00,PT8M11S,https://www.youtube.com/watch?v=Aix6lENxGHA,Oulanka
g0Lo2IVB744,"Dag 25. Brænder på tur, Finland på langs - til fods","Staus på dag 25, under Finland på langs - til fods. 
Jeg er lige syd for Hiidenportti National Park🗺️

Den brænder jeg bruger er en Primus, OmniLite Ti brænder, anmeldelse af den her:
https://komud.dk/test-af-braender-primus-omnilite-ti/

Du kan se alle mine tanker, fif og råd til valg af brænder her:
https://komud.dk/valg-af-braender-til-friluftsture/

Mere om ""Finland på langs – til fods"" her:
https://komud.dk/foredrag-ekspeditioner-og-eventyr/finland-paa-langs-til-fods/

Håber det kan bruges. 
Erik B. Jørgensen",UCXsTVl-HtdDaPeJmfEMqqTA,Erik B. Jørgensen,6374.0,225.0,16.0,"Lifestyle_(sociology),Tourism",,,2023-05-26 17:00:22+00:00,PT6M13S,https://www.youtube.com/watch?v=g0Lo2IVB744,Hiidenportti
H5tRq5vV_00,Keväinen retki (Bikepacking) Liesjärven kansallispuistoon OSA1 (Karvaturwat retkeilee),"Tervehdys!

OSA 1/3

Tälle kevät retkelle polkaistiin heti duunin jälkeen 16.4. Tällä kertaa retki suuntautui Tammelan huudeille. Polkuja kanssani jakaa  - Reppuretki bloggari, Wanha parta, 100 yötä erämäässä & eräopas Olli Järvenkylä. Ollin kanssa heitetään löylyt 120 vuotiaassa Korteniemen perinnetilan saunassa. Ja matka jatkuu Kaksvetisten kodalle yötä viettämään.

Lauantaina nostan DUDEn kanoottiin ja meloskelen Liesjärven halki ja laskeskelen Turpoonjoen aina Kievarin Kirnulle asti.

Hyppääs siis tarakalle ja kanootin kyytiin ja katsele miltä Tammelen kevät näyttää.

Vuotinaisten leirikeskus:
https://www.karkkila.fi/sivut/FI/Vuotinaisten-leirikeskus

Korteniemen perinnetila:
https://www.luontoon.fi/korteniemi

Erärenki:
https://www.erarenki.fi/kanootit-ja-kajakit.html

Canyon DUDE:
https://www.canyon.com/fi-fi/mountain-bikes/fat-bikes/dude/?gclid=CjwKCAjwj6SEBhAOEiwAvFRuKCDrya2uC4SobqFyfeTx03cCj-kWTwl7LrQrYsS1yEBgQQVuAcshNBoC4g4QAvD_BwE&gclsrc=aw.ds

Blackburn Fatbike rack:
https://www.blackburndesign.com/p/outpost-fat-front-rear-bike-rack/

Ortlieb laukut:
https://www.ortlieb.com/en_us/products/bikepacking",UCYOIFqlogi0_EYgI2_QQvdw,#FILLARIPÄIVÄKIRJA,5725.0,115.0,15.0,"Hobby,Lifestyle_(sociology),Tourism",,,2021-05-02 06:00:16+00:00,PT46M28S,https://www.youtube.com/watch?v=H5tRq5vV_00,Liesjärvi
IiSUkQx5mPM,"SYÖTTEEN KANSALLISPUISTO FATBIKELLA: 4 YÖTÄ, 3 TUPAA","SYÖTTEEN KANSALLISPUISTO FATBIKELLA: 4 YÖTÄ, 3 TUPAA

Talvi, mies, pyörä ja erämää. Pakkasin pyörääni ja ahkiooni varusteet neljän yön retkelle – suunnittelin retkeni kulkevan Toraslammen sekä Ahmakallion ja Rytituvan varaustupien kautta, jotka toimivat Syötteen seikkailuni yöpaikkoina ja tukikohtina.

Syötteen kansallispuistossa Pudasjärvellä voit kokea jotain ainutlaatuista, jotain, joka on mahdollista vain täällä. Syötteellä on kilometritolkulla talvireitistöä, joka on tarkoitettu lumikenkäilijöille, retkihiihtäjille sekä fatbike-pyöräilijöille. Reitistö on suunniteltu poikkeamaan autiotuvilla ja päivätuvilla, joita on yhteensä huikeat kahdeksan kipaletta. Reittejä voi suunnitella kolmen kilometrin pyrähdyksestä aina 80 kilometrin lenkkiin.

Lukase tarkempi reissurapsa Retkipaikka.fi:n blogistani:
https://retkipaikka.fi/syotteen-kansallispuisto-fatbikella-4-yota-3-tupaa-76-kilometria-osa-1-2/

#FILLARIPÄIVÄKIRJA:
FaceBook: https://www.facebook.com/fillaripaivakirja/
Instagram: https://www.instagram.com/fillaripk/
Retkipaikka.fi: https://retkipaikka.fi/?s=Fillaripäiväkirja",UCYOIFqlogi0_EYgI2_QQvdw,#FILLARIPÄIVÄKIRJA,8152.0,154.0,22.0,"Hobby,Lifestyle_(sociology),Tourism",65.7735001,27.659072,2019-03-30 07:58:17+00:00,PT37M7S,https://www.youtube.com/watch?v=IiSUkQx5mPM,Syöte
Y8tVVsX6i5U,Erämaan Armoilla / Bikepacking / pyörävaellus retki Suomen kauneimpaan erämaahan / OSA 1/3,"Tervehdys!

Tällä loppukesän retkellä seikkaillaan Kaldoaivin Ultra Trailin jälki mainingeissa kolmen päivän Bikepacking retkellä noin 100km polkupyörävaellus halki erämaan Kiilopään ja Saariselän maisemista aina Urho Kekkosen kansallispuiston unohtumattomiin maisemiin.

Alennuskoodi:
Kaikki Gloryfyn aurinkolasit (myös alennetut) -20% koodilla: fillaripk20
https://bonge.fi/pages/gloryfy-etusivu

Kartat + infot:
https://www.luontoon.fi/urhokekkosenkansallispuisto

https://julkaisut.metsa.fi/assets/pdf/lp/Esitteet/saariselka-maastopyorailyopas.pdf

kartta +GPX: https://web.trailmap.fi/?share_code=9393400073213

https://www.inari.fi/media/saariselka-kansainvaliseksi-pyoramatkailukohteeksi/kartat/ofb_kesakartta_2022_painoon.pdf

https://www.bikeland.fi/en/bikepacking

https://laplandnorth.fi/fi/pyorailyreitit/#kesanreittivinkit

https://www.inari.fi/media/saariselka-kansainvaliseksi-pyoramatkailukohteeksi/kartat/ofb_kesakartta_2022_painoon.pdf

Pyörä:
https://www.canyon.com/fi-fi/maastopyorat/fat-bikes/dude/?gclid=Cj0KCQjwnvOaBhDTARIsAJf8eVPJyU5C14DIfcIe-0lQTlbRhL6vbhludZNM1-vcBVoU2EBP5WDhrVoaAj1rEALw_wcB

Tuotteet:

Lesovik / riippumatto: https://mavaja.fi/tuote/retkeilyriippumatto-330-cm-pitka-draka-lesovik/

Hattu: https://erasoppi.fi/tuote/buff-explore-booney-hat/?attribute_pa_vari=kiwo-black&attribute_pa_koko=s-m-2

Lasit: https://bonge.fi/collections/urheilulasit/products/gloryfy-g20-flatline-e-bike-edition-trf

Pistäs seuraten:
#FILLARIPÄIVÄKIRJA:
FaceBook: https://www.facebook.com/fillaripaivakirja/
Instagram: https://www.instagram.com/fillaripk/
Retkipaikka.fi: https://retkipaikka.fi/kirjoittaja/jaska-halttunen/
YouTube: https://www.youtube.com/c/FILLARIPÄIVÄKIRJA
Alfa TV: https://www.permanto.fi/fi/web/alfatv/search?keyword=fillaripäiväkirja",UCYOIFqlogi0_EYgI2_QQvdw,#FILLARIPÄIVÄKIRJA,11826.0,270.0,28.0,"Hobby,Lifestyle_(sociology),Tourism",68.1666667,28.25,2022-11-03 16:00:06+00:00,PT43M56S,https://www.youtube.com/watch?v=Y8tVVsX6i5U,Urho Kekkonen
9D6b9Fk3l74,In the wild (Finland) - Eddie Vedder (Guaranteed) - Martinselkonen & Hossan kansallispuisto,"Video: Jaska Halttunen /  Fillaripäiväkirja
Music: Eddie Vedder - Guaranteed",UCYOIFqlogi0_EYgI2_QQvdw,#FILLARIPÄIVÄKIRJA,2820.0,61.0,4.0,"Hobby,Lifestyle_(sociology),Tourism",,,2022-06-30 06:59:27+00:00,PT2M45S,https://www.youtube.com/watch?v=9D6b9Fk3l74,Hossa
dB3uxlEjU6c,Bikepacking Ruskaretki Liesjärven & Torronsuon maisemiin! (24min),"Ruskaretki Liesjärven & Torronsuon maisemiin!

Hello - tämä raina on uusi 24min versio jo aikaisemmin tekemästäni: https://youtu.be/b-zsYKLqKxI elokuvasta. Tämä uusi versio on tehty Alfa TV:tä varten ja ajattelin ettei hukkaan mene niin pistetään se tänne, minne se kuuluu...

Polkaisin Karkkilasta 3yön retkelle lokakuun ensimmäinen viikonloppu, Onkimaanjärven kautta Eräkeskukselle josta meloskelin inkkarilla, fillari kyydissä Korteniemen perinnetilalle, Liesjärven Kansallispuistoon. Evästyksen jälkeen matka jatkui Torronsuon laitamille Idänpäänkalliolle josta seuraavana aamuna polkaisin Eerikkilän, Ruostejärven sekä Kaksvetisten kodalle grillaamaan maggarat josta suuntasin takaisin Liesjärvelle Peukaloisten tuvan kautta Hyypiön kämpille iltaa istumaan, saunomaan ja yötä viettämään. Syksy, ruska ja Tammela tarjosi kauneintaan, joten hyppääs tarakalle katsomaan miltä se näyttää…


Linkit:

Liesjärvi:
https://retkipaikka.fi/liesjarvi/

Erärenki:
https://www.erarenki.fi

Peukaloinen:
https://www.luontoon.fi/peukaloinenvuokratupa

Hyypiö:
https://www.luontoon.fi/hyypiovuokratupa

Voimaruno & Auli Kokkonen
https://www.aulikokkonen.com/runo-1?

Tässä linkit mun tekemisiin:

#FILLARIPÄIVÄKIRJA:
FaceBook: https://www.facebook.com/fillaripaivakirja/
Instagram: https://www.instagram.com/fillaripk/
Retkipaikka.fi: https://retkipaikka.fi/kirjoittaja/jaska-halttunen/
YouTube: https://www.youtube.com/c/FILLARIPÄIVÄKIRJA",UCYOIFqlogi0_EYgI2_QQvdw,#FILLARIPÄIVÄKIRJA,1745.0,46.0,5.0,"Hobby,Lifestyle_(sociology),Tourism",60.6535892,23.8977183,2020-03-06 20:46:46+00:00,PT23M59S,https://www.youtube.com/watch?v=dB3uxlEjU6c,Liesjärvi
XDfG7cCg4wQ,Retkellä Kolin kansallispuistossa - Pielinen ja Hiekkasaaret Packraftillä,"Tervehdys!

Tämä retki startattiin Juhannuksen vietolla Pörsänmäellä josta Jussin jälkeen matka jatkui Kolin kansallispuistoon  ja Seikkailuyhtiö Vaaran tilluksille - josta lähdettiin valloittamaan Pielistä. Yöksi jäin ypöksiin Hiekkasaarella josta löytyy toinen ""telttapaikka"" kansallispuiston alueelta.

Tällä videolla käydään myös läpi se miten pacraftin saat käyttövalmiuteen ja pyörän sidottua raftin päälle. Ja toki myös se miten rafti pakataan takaisin reppuun.

Seikkailuyhtiö Vaara:
https://www.vaara.net/fi_FI

Visit Karelia:
https://www.visitkarelia.fi

Melomo:
https://www.melomo.fi

Tässä linkit mun tekemisiin:

#FILLARIPÄIVÄKIRJA:
FaceBook: https://www.facebook.com/fillaripaivakirja/
Instagram: https://www.instagram.com/fillaripk/
Retkipaikka.fi: https://retkipaikka.fi/kirjoittaja/jaska-halttunen/
YouTube: https://www.youtube.com/c/FILLARIPÄIVÄKIRJA
Alfa TV: https://alfatv.fi/ohjelmisto/fillaripaivakirja/",UCYOIFqlogi0_EYgI2_QQvdw,#FILLARIPÄIVÄKIRJA,5831.0,114.0,11.0,"Hobby,Lifestyle_(sociology),Tourism",63.096858,29.8062314,2021-07-04 06:00:11+00:00,PT48M5S,https://www.youtube.com/watch?v=XDfG7cCg4wQ,Koli
LHlhBGrYn_0,Keväinen retki (Bikepacking) Liesjärven kansallispuistoon OSA3 (Kievarin Kirnu - Kivijärvi - Kla),"Tervehdys!

OSA 3/3

Tälle kevät retkelle polkaistiin heti duunin jälkeen 16.4. Tällä kertaa retki suuntautui Tammelan huudeille. Polkuja kanssani jakaa  - Reppuretki bloggari, Wanha parta, 100 yötä erämäässä & eräopas Olli Järvenkylä. Ollin kanssa heitetään löylyt 120 vuotiaassa Korteniemen perinnetilan saunassa. Ja matka jatkuu Kaksvetisten kodalle yötä viettämään.

Lauantaina nostan DUDEn kanoottiin ja meloskelen Liesjärven halki ja laskeskelen Turpoonjoen aina Kievarin Kirnulle asti.

Aamuituimaan kun riippumatosta sain itseni kammettua ylös - ja kaffet keitettyä jatkoin matkaani Kivijärven laavulle evästämään. Josta polkaisin sitten rauhakseen Karkkilaan. 

Hyppääs siis tarakalle ja kanootin kyytiin ja katsele miltä Tammelan kevät näyttää.

Vuotinaisten leirikeskus:
https://www.karkkila.fi/sivut/FI/Vuotinaisten-leirikeskus

Korteniemen perinnetila:
https://www.luontoon.fi/korteniemi

Erärenki:
https://www.erarenki.fi/kanootit-ja-kajakit.html

Canyon DUDE:
https://www.canyon.com/fi-fi/mountain-bikes/fat-bikes/dude/?gclid=CjwKCAjwj6SEBhAOEiwAvFRuKCDrya2uC4SobqFyfeTx03cCj-kWTwl7LrQrYsS1yEBgQQVuAcshNBoC4g4QAvD_BwE&gclsrc=aw.ds

Blackburn Fatbike rack:
https://www.blackburndesign.com/p/outpost-fat-front-rear-bike-rack/

Ortlieb laukut:
https://www.ortlieb.com/en_us/products/bikepacking",UCYOIFqlogi0_EYgI2_QQvdw,#FILLARIPÄIVÄKIRJA,4131.0,93.0,9.0,"Hobby,Lifestyle_(sociology),Motorsport,Tourism",,,2021-05-16 06:00:15+00:00,PT44M10S,https://www.youtube.com/watch?v=LHlhBGrYn_0,Liesjärvi
xo4Slrv-TTA,TRAILERI - Sähköpyöräretki Kla - Nuuksion kansallispuisto - Kla. Kuinka pitkälle akkua riittää?,"Tervehdys!

Elokuvat voit katsoa näistä linkeistä:

Osa1: https://youtu.be/nerVI-CHqRs
Osa2: https://youtu.be/2kr4836ytew


Tällä retkellä poljetaan sähkömaastopyörällä (Canyon Neuron:ON:8) Karkkilasta Nuuksion kansallispuistoon ja takaisin. Retken tarkoituksena on testata miten tämän kaltainen sähkömaasturi sopinee bikepacking touhuihin ja kuinka pitkällä yhden latauksen taktiikalla päästään.

Toki ajatuksena on jälleen jättää auto talliin ja polkasta tuo noin 50km matka Haltian luontokeskukselle eräopas koulutuksen Eco Training (Luontohyvonvointi) kursille. Retken ensimmäisen yön vietin Takalan laavulla ja toisen salaisessa majapaikassa yhdessä muutaman kurssikaverin kanssa.

Retkellä tehdään myös sapuskaa, halstratut lämpärit:

- paahtoleipää
- villiyrttipesto / nokkonen
- juustoa
- ilmakuivattukinkku
- kirsikkatomaatti
- herkkusieni (tuore)

Seikoita aineet keskenään, purista halsteriin ja paista sopivaksi!

Hyppääs siis tarakalle ihmettelemään, jotta mitä se tämä muutaman yön retki pistää sisällään ja kuinka pitkälle sitä yhden latauksen taktiikalla päästään!

Käännökset:
Mikko Virtaperko

Musiikki (Noux):
Marcello Pacifici
https://www.instagram.com/marcellopacifici/

Topeak / dropper post mount:
https://www.topeak.com/global/en/products/298-Bottle-Cage-Mounts/1139-DP-MOUNT

Maps to GPX:
https://mapstogpx.com

Reitti:
https://goo.gl/maps/L6TVcfBvmMMupxuX

Haltia:
https://haltia.com

Takalan laavu:
https://naturaviva.fi/fi_FI/nuuksion-kansallispuiston-telttailualueet/takalan-laavu


Tässä linkit mun tekemisiin:

#FILLARIPÄIVÄKIRJA:
FaceBook: https://www.facebook.com/fillaripaivakirja/
Instagram: https://www.instagram.com/fillaripk/
Retkipaikka.fi: https://retkipaikka.fi/kirjoittaja/jaska-halttunen/
YouTube: https://www.youtube.com/c/FILLARIPÄIVÄKIRJA
Alfa TV: https://alfatv.fi/ohjelmisto/fillaripaivakirja/",UCYOIFqlogi0_EYgI2_QQvdw,#FILLARIPÄIVÄKIRJA,1618.0,37.0,4.0,"Hobby,Lifestyle_(sociology)",60.3127525,24.4809016,2021-06-19 05:43:05+00:00,PT4M28S,https://www.youtube.com/watch?v=xo4Slrv-TTA,Nuuksio
FmW4HZ8FMmk,Kauhajoki - Bikepacking paratiisi? Lauhanvuorelta  Kauhaneva-Pohjankangas kansallispuistoon osa 1,"Keväinen Tervehdys!

Tälle retkelle karautin Fillaribiilillä 19-22.5.2022 - ja kohteena oli Kauhajoki, Karvia ja Isojoki sekä Lauhanvuoren ja Kauhaneva-Pohjankangas kansallispuistot. Tällä noin 100km taipale ei jättänyt reissumiestä kylmäksi - upeat neulaspolut ja unohtumattomat  maisemat syöpyivät mieleeni iäksi. Rauhalliset, autottomat hiekka-autotiet johdattivat minua siirtymä osuuksilla kymmenien kilometrien verran. Katsastas videot - ja pohdi olisiko tämä kenties sinun seuraava retki kohde....


Lauhanvuoren kansallispuisto:
https://www.luontoon.fi/lauhanvuori

Kauhaneva-Pohjankangas kansallispuisto:
https://www.luontoon.fi/kauhaneva-pohjankangas

Geopark / pyöräily:
https://lhgeopark.fi/pyoraily/pyorailyreitit/#filter=r-fullyTranslatedLangus-,r-onlyOpened-,sb-sortedBy-0&ipd=65381099&view=gallery&zc=8,22.40743,62.1032

Geopark Lauhanvuori:
https://lhgeopark.fi/pyoraily/pyorailyreitit/#dm=1&filter=r-fullyTranslatedLangus-,r-onlyOpened-,sb-sortedBy-0&ipd=65381099&view=gallery&zc=8,22.40743,62.1032

Geopark Lauhanvuori - Kauhaneva-Pohjankangas kansallispuistot:
https://lhgeopark.fi/pyoraily/pyorailyreitit/#dm=1&filter=r-fullyTranslatedLangus-,r-onlyOpened-,sb-sortedBy-0&ipd=65378837&view=gallery&zc=8,22.40743,62.1032

------------------
RealCars:
https://realcars.fi

#FILLARIPÄIVÄKIRJA:
FaceBook: https://www.facebook.com/fillaripaivakirja/
Instagram: https://www.instagram.com/fillaripk/
Retkipaikka.fi: https://retkipaikka.fi/kirjoittaja/jaska-halttunen/
YouTube: https://www.youtube.com/c/FILLARIPÄIVÄKIRJA
Alfa TV: https://www.permanto.fi/fi/web/alfatv/search?keyword=fillaripäiväkirja",UCYOIFqlogi0_EYgI2_QQvdw,#FILLARIPÄIVÄKIRJA,8148.0,196.0,32.0,"Hobby,Lifestyle_(sociology),Tourism",,,2022-06-05 06:00:12+00:00,PT39M22S,https://www.youtube.com/watch?v=FmW4HZ8FMmk,Kauhaneva-Pohjankangas
VPd6MAYDdpE,Tammelan 4-vuodenaikaa (Saaren kansanpuisto+Ruostejärvi+Liesjärven- ja Torronsuon kansallispuistot),"Tervehdys!

Tammela on seikkailijan paratiisi! - Itse lähdin tälle seikkailulle toukokuussa 2019 - vuoden aikana sain kulkea, polkea ja meloskella uskomattomissa maisemissa, aistia, nähdä ja tuntea luonto ja sen suoma rauha. Suomalainen puhdas luonto ei ole minulle mikään itsestään selvyys. On etuoikeus saada kulkea ja nauttia retkistä puhtaassa luonnossa.

Tämä video on kollaasi / kooste unohtumattomista retkistäni joita Hannu Sundelinin loihtimat sävelet kannattelevat.
---------------------------------------------------------------------------------
Greeting!

Tammela is an adventurer's paradise! - I myself embarked on this adventure in May 2019 - during the year I got to walk, pedal and paddle in amazing landscapes, to sense, see and feel nature and the peace it provides. Finnish pure nature is not a matter of course for me. It is a privilege to get a walk and enjoy excursions in pure nature.

This video is a collage / compilation of my unforgettable trips, supported by tunes composed by Hannu Sundelin.
---------------------------------------------------------------------------------

Vietin kevään Saaren kansanpuistossa:
https://youtu.be/QWoCK68KSzA
Kesän Hämeen luontokeskuksen / Eerikkilän & Ruostejärven maisemissa: https://youtu.be/5mOAFf_3LOk
Ja syksyllä kulkun kävi Liesjärven kansallispuiston maisemiin:
https://youtu.be/b-zsYKLqKxI

Vuodelta 2019 jäi talvi väliin - mutta tänä vuonna tilanne korjautui kauniimmin kun ikinä uskalsin toivoakaan ja pääsin hiihtelemään Torronsuon kansallispuistoon ja nauttimaan talvesta ja pakkasesta - kahden jakson verran!

1osa: https://youtu.be/JUV4OL6I5T0
2osa: https://youtu.be/h5h3xLKVy9M

-------------------------------------------------------------------------------------

Kawwet:
https://www.warriorcoffee.com

Pyörä / Canyon DUDE:
https://www.canyon.com/fi-fi/mountain-bikes/fat-bikes/dude/?gclid=CjwKCAiA9bmABhBbEiwASb35V33n7MEfYn7RCb9BKwE78kqCsEdocIKBZaW8XHhs3SWMT-1oVcPhoxoCrDIQAvD_BwE&gclsrc=aw.ds

Laukut Ortlieb:
https://www.ortlieb.com/en_us/products/bikepacking

Y-Frame peräkärry:
https://liikkuvalaatikko.fi/tuote-osasto/pyorakarryt/

Ahkio:
https://finn-savotta.fi/products/paljakka-ahkio/

Liukulumikengät Oac Car 147
https://scandinavianoutdoor.fi/outdoor-action-finland/talvilajit/retkihiihto/era-ja-vaellussukset/kar-uc-ea/

Sauvat:
https://scandinavianoutdoor.fi/leki/talvilajit/retkihiihto/era-ja-vaellussauvat/aergon-2/

Riippumattokamat:
https://youtu.be/0C1X1J3hvD8

Makuupussi:
https://www.mavaja.fi/tuote/untuvamakuupussi-core-950-navy-pajak-sport/

Kengät (ajokengät) IceBug:
https://www.icebug.fi/tuote/walkabout-m-michelin-wic-gtx-black-f6105-0a/

Valot:
https://youtu.be/ulQxtXLX1gU

Ruoka:
Makuliha:
https://makuliha.fi

Koh-Kae:
https://www.kohkae.fi/en/

------------------------------------------------------------------

Tässä linkit mun tekemisiin:

#FILLARIPÄIVÄKIRJA:
FaceBook: https://www.facebook.com/fillaripaivakirja/
Instagram: https://www.instagram.com/fillaripk/
Retkipaikka.fi: https://retkipaikka.fi/kirjoittaja/jaska-halttunen/
YouTube: https://www.youtube.com/c/FILLARIPÄIVÄKIRJA
Alfa TV: https://alfatv.fi/ohjelmisto/fillaripaivakirja/",UCYOIFqlogi0_EYgI2_QQvdw,#FILLARIPÄIVÄKIRJA,2634.0,77.0,15.0,"Hobby,Lifestyle_(sociology),Tourism",,,2021-02-27 10:57:05+00:00,PT15M34S,https://www.youtube.com/watch?v=VPd6MAYDdpE,Liesjärvi
mhEDokWJmaQ,Talvinen fatbikeretki Syötteen Kansallispuistoon - Toraslammen kummitustuvalta Rytivaaraan (24min),"SYÖTTEEN KANSALLISPUISTO FATBIKELLA: 4 YÖTÄ, 3 TUPAA

Hello - tämä raina on uusi 24min versio jo aikaisemmin tekemästäni: https://youtu.be/IiSUkQx5mPM elokuvasta. Tämä uusi versio on tehty Alfa TV:tä varten ja ajattelin ettei hukkaan mene niin pistetään se tänne, minne se kuuluu...

Talvi, mies, pyörä ja erämää. Pakkasin pyörääni ja ahkiooni varusteet neljän yön retkelle – suunnittelin retkeni kulkevan Toraslammen sekä Ahmakallion ja Rytituvan varaustupien kautta, jotka toimivat Syötteen seikkailuni yöpaikkoina ja tukikohtina.

Syötteen kansallispuistossa Pudasjärvellä voit kokea jotain ainutlaatuista, jotain, joka on mahdollista vain täällä. Syötteellä on kilometritolkulla talvireitistöä, joka on tarkoitettu lumikenkäilijöille, retkihiihtäjille sekä fatbike-pyöräilijöille. Reitistö on suunniteltu poikkeamaan autiotuvilla ja päivätuvilla, joita on yhteensä huikeat kahdeksan kipaletta. Reittejä voi suunnitella kolmen kilometrin pyrähdyksestä aina 80 kilometrin lenkkiin.

Lukase tarkempi reissurapsa Retkipaikka.fi:n blogistani:
https://retkipaikka.fi/syotteen-kansallispuisto-fatbikella-4-yota-3-tupaa-76-kilometria-osa-1-2/

#FILLARIPÄIVÄKIRJA:
FaceBook: https://www.facebook.com/fillaripaivakirja/
Instagram: https://www.instagram.com/fillaripk/
Retkipaikka.fi: https://retkipaikka.fi/?s=Fillaripäiväkirja",UCYOIFqlogi0_EYgI2_QQvdw,#FILLARIPÄIVÄKIRJA,1972.0,64.0,12.0,"Hobby,Lifestyle_(sociology),Tourism",65.7735001,27.659072,2020-02-08 07:32:33+00:00,PT24M1S,https://www.youtube.com/watch?v=mhEDokWJmaQ,Syöte
3iu8YnIL5RU,Mäntyharju - Repovesi Bikepacking  (eng. sub),"KEVÄINEN KOHTAAMINEN ERÄMAAN KANSSA: MTB- JA MELONTASEIKKAILU MÄNTYHARJULTA REPOVEDEN KUULUISIMPIIN MAISEMIIN 24.5.2018 / By Jaska Halttunen

Kävin toukokuussa kokemassa Mäntyharjulta Repovedelle johtavan pyöräilyreitin ihmeet, ja Repovedelle päästyäni kuljin ihastelemaan kansallispuiston kuuluisimmat nähtävyydet välillä pyöräillen, välillä tunkaten ja välillä myös meloen. Palveluita seudun reitistö on täynnä, ja laavuja ja tulentekopaikkoja on lukuisia. Erityismaininta on pakko antaa Kuutinkolon palveluista sekä Repotassun sapuskoista – parasta ruokaa tuhannen kilometrin säteellä!

Reitistö on maastopyöräilijän paratiisi, mutta jos harrastat bikepacking-touhuja, niin tämä pätkä vaatii astetta enemmän viitseliäisyyttä ja hulluutta. Nämä olivat rankimmat 75 kilometriä, jotka itse olen ikinä mennyt pyörän kanssa. Mutta muistakaa toki, että minä halusin nähdä ja valloittaa nämä Repoveden vuoretkin, jotka tunkkasin mennen tullen.

Retkelle lähtiessäni varustauduin 3–4 yön seikkailuun. Halusin, että voin jättää kiireen ja aikataulut. Halusin, että voin mennä rauhallisesti, tuntea, nähdä ja kokea alueen monipuolisesti. Suunnittelin reitin sen mukaan, että pyöräilen suurimman osan, mutta varustauduin myös jalkautumaan sekä astumaan vesille tehdäkseni seikkailustani monipuolisen. 

Tämä retki oli lähtölaukaus #FILLARIPÄIVÄKIRJA2-projektille. #FILLARIPÄIVÄKIRJA1-projektissa poljin Hangosta Nuorgamiin ja kirjoitin siitä kirjan. Seuraavan kahden vuoden aikana tulen puolestani tekemään 15–20 retkeä Suomen komeimpiin kansallispuistoihin ja vanhimpiin metsiin. 

Suuri kiitos ja nöyrin kumarrus kaikille mukana olleille!

Lisätiedot retkestä: https://retkipaikka.fi/kevainen-kohtaaminen-eramaan-kanssa-mtb-ja-melontaseikkailu-mantyharjulta-repoveden-kuuluisimpiin-maisemiin/

Heitä ropo keräykseen: https://oma.wwf.fi/suomalainen-luonto/5-8048

Linkit:

http://www.kuutinkolo.fi

http://www.villa-aurora.fi

http://mantyharju-repovesi.com/fi/

https://visitkouvola.fi/fi

Repovesi - Verla - Kouvola Bussi esitte: http://visitkouvola.fi/dataflow/visitkouvola/files/media/repoveden_verlan_bussiaikataulut_2090.pdf

Tässä vielä myös sivu, jossa koottuna kansallispuiston saavutettavuustietoja: https://visitkouvola.fi/fi/a/133/repovesibussi-kuljettaa-kansallispuistoon-ja-verlaan",UCYOIFqlogi0_EYgI2_QQvdw,#FILLARIPÄIVÄKIRJA,9773.0,109.0,12.0,"Hobby,Lifestyle_(sociology),Tourism",,,2018-06-05 04:01:06+00:00,PT49M45S,https://www.youtube.com/watch?v=3iu8YnIL5RU,Repovesi
W3qlFx3ocnY,OSA:2/3 - 3yön Gravel Bikepacking retki: Repoveden kansallispuisto - Verla (Maailmanperintökohde),"Tervehdys ja tervetuloa alku syksyn Bikepacking retkelle!

Tässä jaksossa matka jatkuu leiripaikastamme meloen ""köyhän miehen Kuusamon"" halki kohti melontatukikohtaa jossa kajakki vaihtuu takaisin pyörän satulaan. Pieni sade ei matkantekoa haittaa varsinkaan kun reitti suunnitelmani saa yllättävän käänteen ja herättää sisäisen seikkailijani. Upeaa uraa tarjoaa tämä pätkä Repovedeltä kohti Verlaa (Maailmanperintökohde)  ja Tervarummun Eco camppiä - jossa vietetäänkin siten muutama päivä telttasaunoillen, ja Verlan tehdasmuseoon tutustuen ja viereisellä järvellä kalastelen.

Hyppääs tarakalleni ihmettelemään miltä se Kymeenlaakso kaikkine upeine nähtävyyksineen  seikkailijalle tarjoilee. 

Lisä INFOt Verla Bikepacking & Outdoors tapahtumasta löydät:
https://verlansuma.fi/fi_FI/tapahtumat/verla-bikepacking-amp-outdoors
https://fb.me/e/3UF8bfFQ6

GPX tiedostot: https://www.dropbox.com/scl/fo/cyhqn76b8s9knei1tarag/h?rlkey=01t1b19qngwuzglw1p5peps2c&dl=0

Repoveden melontakartta:
https://drive.google.com/file/d/1FFj4rPmepE0DyK2usnZ1JhofqXBLA-CM/view

Mäntyharju - Repovesi kartta:
https://visitkouvola.fi/dataflow/visitkouvola2/files/media/opastetaulureporeitti_mntyharjurepovesi2019_3420.pdf

Verla:
https://www.verla.fi

Hangoutdoors:
https://hangoutdoors.fi

Tervarumpu:
https://tervarumpu.fi/fi_FI/repoveden-kartat/repoveden-melontakartta-pdf

Ja muista FPK rapatti koodit:

Valostore:
https://www.valostore.fi/fi?code=FILLARIPVK10
Alennuskoodi aktivoituu suoraan linkistä, ja se antaa 10% alennuksen kaikesta. Alennus koskee myös jo alennettuja tuotteita, ja alennus näkyy ostoskorissa.

SQLab Alennuskoodi:
Koodilla: FILLARIPK15 
saa -15% alennuksen SQLab tuotteista www.sportsource.fi 
verkkokaupasta. (Voimassa vuoden loppuun asti).

Askelterapia.fi
Koodilla: fillaripk2023
-15% koko verkkokaupan valikoima

Outdooractive:
https://www.outdooractive.fi/fi/
Saat -10 € alennuksen kun ostat itsellesi Pro - tai PRO+ -jäsenyyden:
koodilla: FIN24PROK 
Koodi on voimassa 31.12.2024 saakka

Hi5Bikes:
-15% FIX plussan strapeistä & tarvikkeista:
https://www.hi5bikes.fi/?s=fixplus&post_type=product&lang=fi
koodilla: fillaripk

------------------------------------------------------

Timecodes
0:00 - Intro
4:25 - Hillosensalmi
7:22 - Olhavanvuori 
9:00 - Lapinsalmi - melontatukikohta
11:26 - Retki INFO
17:44 - Hangoutdoors - melontatukikohta
26:45 - Werla Bikepacking & Outdoors 
28:35 - Erkinsaaret
40:50 - Seuraavassa jaksossa

------------------------------------------

#FILLARIPÄIVÄKIRJA:
YouTube: https://www.youtube.com/c/FILLARIPÄIVÄKIRJA
FaceBook: https://www.facebook.com/fillaripaivakirja/
Instagram: https://www.instagram.com/fillaripk/
TikTok: https://www.tiktok.com/@fillaripk
Retkipaikka.fi: https://retkipaikka.fi/kirjoittaja/jaska-halttunen/
Partioaitta: https://blogi.partioaitta.fi/bikepacking-eli-retkipyoraily-nain-paaset-alkuun/
Suomen Latu: https://www.suomenlatu.fi/ulkoile/lajit/maastopyoraily/bikepacking-eli-pyoravaellus.html",UCYOIFqlogi0_EYgI2_QQvdw,#FILLARIPÄIVÄKIRJA,2940.0,84.0,9.0,"Lifestyle_(sociology),Tourism",,,2023-11-17 17:00:10+00:00,PT41M8S,https://www.youtube.com/watch?v=W3qlFx3ocnY,Repovesi
6fWO1D2wNMw,Mäntyharju - Repovesi Bikepacking  (24min),"KEVÄINEN KOHTAAMINEN ERÄMAAN KANSSA: MTB- JA MELONTASEIKKAILU MÄNTYHARJULTA REPOVEDEN KUULUISIMPIIN MAISEMIIN 24.5.2018 / By Jaska Halttunen

Hello - tämä raina on uusi 24min versio jo aikaisemmin tekemästäni: https://youtu.be/3iu8YnIL5RU elokuvasta. Tämä uusi versio on tehty Alfa TV:tä varten ja ajattelin ettei hukkaan mene niin pistetään se tänne, minne se kuuluu...

Kävin toukokuussa kokemassa Mäntyharjulta Repovedelle johtavan pyöräilyreitin ihmeet, ja Repovedelle päästyäni kuljin ihastelemaan kansallispuiston kuuluisimmat nähtävyydet välillä pyöräillen, välillä tunkaten ja välillä myös meloen. Palveluita seudun reitistö on täynnä, ja laavuja ja tulentekopaikkoja on lukuisia. Erityismaininta on pakko antaa Kuutinkolon palveluista sekä Repotassun sapuskoista – parasta ruokaa tuhannen kilometrin säteellä!

Reitistö on maastopyöräilijän paratiisi, mutta jos harrastat bikepacking-touhuja, niin tämä pätkä vaatii astetta enemmän viitseliäisyyttä ja hulluutta. Nämä olivat rankimmat 75 kilometriä, jotka itse olen ikinä mennyt pyörän kanssa. Mutta muistakaa toki, että minä halusin nähdä ja valloittaa nämä Repoveden vuoretkin, jotka tunkkasin mennen tullen.

Retkelle lähtiessäni varustauduin 3–4 yön seikkailuun. Halusin, että voin jättää kiireen ja aikataulut. Halusin, että voin mennä rauhallisesti, tuntea, nähdä ja kokea alueen monipuolisesti. Suunnittelin reitin sen mukaan, että pyöräilen suurimman osan, mutta varustauduin myös jalkautumaan sekä astumaan vesille tehdäkseni seikkailustani monipuolisen. 

Tämä retki oli lähtölaukaus #FILLARIPÄIVÄKIRJA2-projektille. #FILLARIPÄIVÄKIRJA1-projektissa poljin Hangosta Nuorgamiin ja kirjoitin siitä kirjan. Seuraavan kahden vuoden aikana tulen puolestani tekemään 15–20 retkeä Suomen komeimpiin kansallispuistoihin ja vanhimpiin metsiin. 

Suuri kiitos ja nöyrin kumarrus kaikille mukana olleille!

Lisätiedot retkestä: https://retkipaikka.fi/kevainen-kohtaaminen-eramaan-kanssa-mtb-ja-melontaseikkailu-mantyharjulta-repoveden-kuuluisimpiin-maisemiin/

Heitä ropo keräykseen: https://oma.wwf.fi/suomalainen-luonto/5-8048

Linkit:

http://www.kuutinkolo.fi

http://www.villa-aurora.fi

http://mantyharju-repovesi.com/fi/

https://visitkouvola.fi/fi

Repovesi - Verla - Kouvola Bussi esitte: http://visitkouvola.fi/dataflow/visitkouvola/files/media/repoveden_verlan_bussiaikataulut_2090.pdf

Tässä vielä myös sivu, jossa koottuna kansallispuiston saavutettavuustietoja: https://visitkouvola.fi/fi/a/133/repovesibussi-kuljettaa-kansallispuistoon-ja-verlaan",UCYOIFqlogi0_EYgI2_QQvdw,#FILLARIPÄIVÄKIRJA,2698.0,47.0,2.0,"Hobby,Lifestyle_(sociology),Tourism",61.1879953,26.9023637,2020-03-14 15:44:24+00:00,PT24M2S,https://www.youtube.com/watch?v=6fWO1D2wNMw,Repovesi
2kr4836ytew,2 OSA - Sähköpyöräretki (E-Bikepacking ) Nuuksion kansallispuistoon - Kuinka pitkälle akkua riittää?,"OSA1

Tervehdys!

Tällä retkellä poljetaan sähkömaastopyörällä (Canyon Neuron:ON:8) Karkkilasta Nuuksion kansallispuistoon ja takaisin. Retken tarkoituksena on testata miten tämän kaltainen sähkömaasturi sopinee Bikepacking touhuihin ja kuinka pitkällä yhden latauksen taktiikalla päästään.

Toki ajatuksena on jälleen jättää auto talliin ja polkasta tuo noin 50km matka Haltian luontokeskukselle eräopas koulutuksen Eco Training (Luontohyvonvointi) kursille. Retken ensimmäisen yön vietin Takalan laavulla ja toisen salaisessa majapaikassa yhdessä muutaman kurssikaverin kanssa.

Retkellä tehdään myös sapuskaa, halstratut lämppärit:

- paahtoleipää
- villiyrttipesto / nokkonen
- juustoa
- ilmakuivattukinkku
- kirsikkatomaatti
- herkkusieni (tuore)

Sekoita aineet keskenään, purista halsteriin ja paista sopivaksi!

Hyppääs siis tarakalle ihmettelemään, jotta mitä se tämä muutaman yön retki pistää sisällään ja kuinka pitkälle sitä yhden latauksen taktiikalla päästään!

Käännökset:
Mikko Virtaperko

Musiikki (Noux):
Marcello Pacifici
https://www.instagram.com/marcellopacifici/

Topeak / dropper post mount:
https://www.topeak.com/global/en/products/298-Bottle-Cage-Mounts/1139-DP-MOUNT

Maps to GPX:
https://mapstogpx.com

Reitti:
https://goo.gl/maps/fE8CmGQHQG4orxik7

Haltia:
https://haltia.com

Takalan laavu:
https://naturaviva.fi/fi_FI/nuuksion-kansallispuiston-telttailualueet/takalan-laavu


Tässä linkit mun tekemisiin:

#FILLARIPÄIVÄKIRJA:
FaceBook: https://www.facebook.com/fillaripaivakirja/
Instagram: https://www.instagram.com/fillaripk/
Retkipaikka.fi: https://retkipaikka.fi/kirjoittaja/jaska-halttunen/
YouTube: https://www.youtube.com/c/FILLARIPÄIVÄKIRJA
Alfa TV: https://alfatv.fi/ohjelmisto/fillaripaivakirja/",UCYOIFqlogi0_EYgI2_QQvdw,#FILLARIPÄIVÄKIRJA,7846.0,137.0,16.0,"Hobby,Lifestyle_(sociology),Tourism",,,2021-06-27 06:00:30+00:00,PT38M43S,https://www.youtube.com/watch?v=2kr4836ytew,Nuuksio
6_Cwfuyo27s,Pohjois-Karjala - Susitaival / Osa 2 / Kaunisjärvi - Patvinsuon kansallispuisto - Bikepacking -4K,"Morejesta!

Sarjan toisessa osassa jatketaan matkaa Kaunisjärveltä Susitaivalta myöden Naarvan kautta Saarikoskelle yöksi. Josta matka jatkuu loputtomien pitkospuita myöden läpi kauniin Patvinsuon kansallispuiston. 

Tässä video sarjassa tutustutaa Pohjois-Karjalan MTB + Bikepacking mahdollisuuksiin Susitaipaleen reitillä. Joka kulkee Möhköstä aina Patvinsuon kansallispuistoon. Pyörän päälle hypätään myös Valamon luostarin pihamaalla josta käsin käydään tekemässä lähempää tuttavuutta luostari reittiin aina Lintulan luostarille asti.

Ja siinä välissä hypätään vesille Outokummussa, jossa käydään tekemässä päivän retki Särkiselkä Campingiltä lähtevälle 12 järven melontareitille. Ja jää siinä tovi aikaa myös pyörähtää Outokummussa tutustumassa paikallisiin nähtävyyksiin kuten Vanhan kaivoksen näkötorniin.

Rapattikoodit:

Outdooractive:
https://www.outdooractive.fi/fi/
Saat -10 € alennuksen kun ostat itsellesi Pro - tai PRO+ -jäsenyyden:
koodilla: FIN24PROK 
Koodi on voimassa 31.12.2024 saakka

Askelterapia.fi.
Koodilla: fillaripk2023
-15% koko verkkokaupan valikoima

Hi5Bikes:
-15% FIX plussan strapeistä & tarvikkeista:
https://www.hi5bikes.fi/?s=fixplus&post_type=product&lang=fi
koodilla: fillaripk

www.sportsource.fi 
SQLab tuotteista
Koodilla: FILLARIPK15 ja sillä saa -15%

koodi voimassa vuoden 2023 loppuun asti.



Infot:

Visit Karelia:
https://www.visitkarelia.fi/ulkoilureitit/

Möhkö:

Mantan Majatalo:
https://mohkonmanta.net/mantan-majatalo
https://mohko.net

Möhkön ruukki:
https://mohkonruukki.fi

Susitaival:
https://www.visitkarelia.fi/ulkoilureitit/susitaival-ilomantsi-ja-lieksa/#:~:text=Susitaipaleen%20eteläinen%20osuus%20Möhköstä%20Särkkäjärven,noin%20300%20kilometriä%20pitkän%20vaellusreitistön.

Särkiselän luontopolku:
https://www.visitkarelia.fi/ulkoilureitit/sarkiselan-luontopolku-outokumpu/

Outokummun Erä- ja luontokeskus:
https://www.outomatka.fi/era-ja-luontokeskus2/

Kahdentoista järven melontareitti:
https://www.visitkarelia.fi/ulkoilureitit/kahdentoista-jarven-melontareitti-outokumpu/

Luostarivaellus Valamo – Lintula:
https://www.visitkarelia.fi/ulkoilureitit/luostarivaellus-valamo-lintula-2/

Patvinsuo:
https://www.luontoon.fi/patvinsuo
kartta:
https://julkaisut.metsa.fi/assets/pdf/lp/Esitteet/patvinsuofin.pdf

Timecodes
0:00 - Intro / Kaunisjärvi
0:10 - Susitaival
12:00 - Jorhon tupa
21:25 - Naarva
23:38 - Pitkäkoski
34:08 - Seuraavan päivän aamu 
42:40 - Suomujoki 
48:13 -  Majaniemi
52:09 - Patvinsuon lintutorni & laavu
55:15 - Loppusanat & Suomun tupa
1:06:10: Seuraavassa jaksossa",UCYOIFqlogi0_EYgI2_QQvdw,#FILLARIPÄIVÄKIRJA,8012.0,176.0,22.0,"Hobby,Lifestyle_(sociology),Tourism",63.1131218,30.7011862,2023-06-30 17:00:09+00:00,PT1H10M19S,https://www.youtube.com/watch?v=6_Cwfuyo27s,Patvinsuo
7f91t4FnM9k,Urho Kekkosen kansallispuisto - Bikepacking / pyörävaellus retki Suomen kauneimpaan erämaahan,"Tervehdys!

Tällä loppukesän retkellä seikkaillaan Kaldoaivin Ultra Trailin jälki mainingeissa kolmen päivän Bikepacking retkellä noin 100km polkupyörävaellus halki erämaan Kiilopään ja Saariselän maisemista aina Urho Kekkosen kansallispuiston unohtumattomiin maisemiin.


Alennuskoodi:
Kaikki Gloryfyn aurinkolasit (myös alennetut) -20% koodilla: fillaripk20
https://bonge.fi/pages/gloryfy-etusivu

Kartat + infot:
https://www.luontoon.fi/urhokekkosenkansallispuisto

kartta +GPX: https://web.trailmap.fi/?share_code=9393400073213

https://julkaisut.metsa.fi/assets/pdf/lp/Esitteet/saariselka-maastopyorailyopas.pdf

https://www.inari.fi/media/saariselka-kansainvaliseksi-pyoramatkailukohteeksi/kartat/ofb_kesakartta_2022_painoon.pdf

https://www.bikeland.fi/en/bikepacking

https://laplandnorth.fi/fi/pyorailyreitit/#kesanreittivinkit

https://www.inari.fi/media/saariselka-kansainvaliseksi-pyoramatkailukohteeksi/kartat/ofb_kesakartta_2022_painoon.pdf

Pyörä:

Tuotteet:

Lesovik / riippumatto: https://mavaja.fi/tuote/retkeilyriippumatto-330-cm-pitka-draka-lesovik/

Hattu: https://erasoppi.fi/tuote/buff-explore-booney-hat/?attribute_pa_vari=kiwo-black&attribute_pa_koko=s-m-2

Lasit: https://bonge.fi/collections/urheilulasit/products/gloryfy-g20-flatline-e-bike-edition-trf

Pistäs seuraten:
#FILLARIPÄIVÄKIRJA:
FaceBook: https://www.facebook.com/fillaripaivakirja/
Instagram: https://www.instagram.com/fillaripk/
Retkipaikka.fi: https://retkipaikka.fi/kirjoittaja/jaska-halttunen/
YouTube: https://www.youtube.com/c/FILLARIPÄIVÄKIRJA
Alfa TV: https://www.permanto.fi/fi/web/alfatv/search?keyword=fillaripäiväkirja",UCYOIFqlogi0_EYgI2_QQvdw,#FILLARIPÄIVÄKIRJA,8960.0,208.0,31.0,"Hobby,Lifestyle_(sociology),Tourism",68.1666667,28.25,2022-11-17 16:00:08+00:00,PT53M22S,https://www.youtube.com/watch?v=7f91t4FnM9k,Urho Kekkonen
7VoBArdBDks,Hossan Kansallispuiston Bikepacking retki tyttären kanssa - OSA  - Packraftillä (Reppulautta) 17km,"Martinselkosen karhut & Hossan kansallispuiston kesäloma (bikepacking + packraft) seikkailu tyttäreni kanssa 19-25.7.2022

”Teissä ja joissa on jotain ihmeellistä, Nipsu mietti. 
Kun katselee niiden kulkua tulee valtava halu olla jossakin muualla,
lähteä mukaan katsomaan mihin ne loppuvat…”
Muumipeikko ja pyrsötähti (Tove Jansson)

Tervehdys!

Tämä Martinselkosen karhukoju & Hossan kansallispuiston seikkailu sai lähtölaukauksensa 2-3 vuotta takaperin tyttäreltäni Pihlalta, joka toivoi joskus pääsevänsä karhukojuun kuvaamaan mesikämmeniä noita, otsoja metsän valtiaita. Ja kun aikataulut natsasasivat ja aikaa retkelle vihdoin tänä keväänä löytyi päätin alkaa toteuttamaan tyttäreni toivomusta - viettää yö karhukojussa kameraa laulattaen. 

Kaksi kärpästä yhdellä iskulla

Tutkimustyön tuloksena päätin, että Martinsokosen kojut on se paikka missä voi varminmiten karhun jos toisenkin nähdä. Ja kun heidän tilukset aivan itä rajan tuntumassa sijaitsevat, aivan Hossan kansallispuiston kulmilla - niin miksei yhdistäisi seikkailua sinnekin kun niin kauaksi kumminkin ajetaan. 

Retken suunnittelu

Noin vuosi ennen retkelle lähtemistä aloimme hiomaan matkasuunnitelmaa 19-25.7 aikajänteelle - yksi yö kojussa loput kansallispuistossa seikkaillen. Ajatuksemme oli tehdä retkestämme monipuolinen, joten aika nopiaa maastopyöräilyn oheen aloimme suunnittelmaan myös packraft (reppulautta) seikkailua Julma-Ölkyltä takaisin Hossan luontokeskukselle.

Siinä oli koko vuosi aikaa valmistella ja suunnitella ja kevään korvalla, aloimme tekemään yhdessä myös mtb lenkkejä joiden lisäksi kesäloman alettu tyttäreni kulki pyörällä kesätöihin joten ei hän ihan pystymetästä satulaan hypännyt. Ja olimme muutama vuosi takaperin tehnyt jo yhden yön testi retken Karkkilan Maijalankoskelle. Ja sen lisäksi meillä on muutama yhteinen yön yli retki takanamme, mutta tästä tulisi meidän ensimmäinen yhteinen pitkä seikkailumme.",UCYOIFqlogi0_EYgI2_QQvdw,#FILLARIPÄIVÄKIRJA,4605.0,191.0,42.0,"Hobby,Lifestyle_(sociology),Tourism",,,2022-08-07 06:00:13+00:00,PT38M33S,https://www.youtube.com/watch?v=7VoBArdBDks,Hossa
dSeS7FFTt7Y,OSA:1/3 - 3yön Gravel Bikepacking retki: Helsinki (VR) - Hillosensalmi - Repoveden kansallispuisto,"Tervehdys ja tervetuloa alku syksyn Bikepacking retkelle!

Matkaan lähdetään junalla Helsingin Pasilasta ja otetaan suunnaksi Hillosensalmi jonka asema on aivan Repoveden kansallispuiston kainalossa. Hypättyäni satulaan suuntaan Repoveden MTB reitille jota myöten kurvailen Repoveden kansallispuiston halki poikki aina Lapinsalmella sijaitsevaan melontatukikohttaan jossa tapaan vanhan tuttavani, Hangoutdoorsin Tony Tavin.

Tonyn kanssa jatketaan päivää hyppäämällä Oru kajakkeihin ja meloskellaan Kivisilmänkierroksen noin puoliväliin, Erkinsaarille jossa vietetään ilta ruokaillen ja tarinoiden sekä riippumatossa yötä viettäen.

Hyppääs tarakalleni ihmettelemään miltä se Kymeenlaakso kaikkine upeine nähtävyyksineen  seikkailijalle tarjoilee. 

Lisä INFOt Verla Bikepacking & Outdoors tapahtumasta löydät:
https://verlansuma.fi/fi_FI/tapahtumat/verla-bikepacking-amp-outdoors
https://fb.me/e/3UF8bfFQ6

GPX tiedostot: https://www.dropbox.com/scl/fo/cyhqn76b8s9knei1tarag/h?rlkey=01t1b19qngwuzglw1p5peps2c&dl=0


Repoveden melontakartta:
https://drive.google.com/file/d/1FFj4rPmepE0DyK2usnZ1JhofqXBLA-CM/view

Mäntyharju - Repovesi kartta:
https://visitkouvola.fi/dataflow/visitkouvola2/files/media/opastetaulureporeitti_mntyharjurepovesi2019_3420.pdf

Verla:
https://www.verla.fi

Hangoutdoors:
https://hangoutdoors.fi

Tervarumpu:
https://tervarumpu.fi/fi_FI/repoveden-kartat/repoveden-melontakartta-pdf

Ja muista FPK rapatti koodit:

Valostore:
https://www.valostore.fi/fi?code=FILLARIPVK10
Alennuskoodi aktivoituu suoraan linkistä, ja se antaa 10% alennuksen kaikesta. Alennus koskee myös jo alennettuja tuotteita, ja alennus näkyy ostoskorissa.

SQLab Alennuskoodi:
Koodilla: FILLARIPK15 
saa -15% alennuksen SQLab tuotteista www.sportsource.fi 
verkkokaupasta. (Voimassa vuoden loppuun asti).

Askelterapia.fi
Koodilla: fillaripk2023
-15% koko verkkokaupan valikoima

Outdooractive:
https://www.outdooractive.fi/fi/
Saat -10 € alennuksen kun ostat itsellesi Pro - tai PRO+ -jäsenyyden:
koodilla: FIN24PROK 
Koodi on voimassa 31.12.2024 saakka

Hi5Bikes:
-15% FIX plussan strapeistä & tarvikkeista:
https://www.hi5bikes.fi/?s=fixplus&post_type=product&lang=fi
koodilla: fillaripk

------------------------------------------------------

Timecodes
0:00 - Intro
4:25 - Hillosensalmi
7:22 - Olhavanvuori 
9:00 - Lapinsalmi - melontatukikohta
11:26 - Retki INFO
17:44 - Hangoutdoors - melontatukikohta
26:45 - Werla Bikepacking & Outdoors 
28:35 - Erkinsaaret
40:50 - Seuraavassa jaksossa

------------------------------------------

#FILLARIPÄIVÄKIRJA:
YouTube: https://www.youtube.com/c/FILLARIPÄIVÄKIRJA
FaceBook: https://www.facebook.com/fillaripaivakirja/
Instagram: https://www.instagram.com/fillaripk/
TikTok: https://www.tiktok.com/@fillaripk
Retkipaikka.fi: https://retkipaikka.fi/kirjoittaja/jaska-halttunen/
Partioaitta: https://blogi.partioaitta.fi/bikepacking-eli-retkipyoraily-nain-paaset-alkuun/
Suomen Latu: https://www.suomenlatu.fi/ulkoile/lajit/maastopyoraily/bikepacking-eli-pyoravaellus.html",UCYOIFqlogi0_EYgI2_QQvdw,#FILLARIPÄIVÄKIRJA,6979.0,159.0,15.0,"Hobby,Lifestyle_(sociology),Tourism",61.1879953,26.9023636,2023-11-09 17:00:08+00:00,PT43M7S,https://www.youtube.com/watch?v=dSeS7FFTt7Y,Repovesi
W8mLZM0MRSI,Kauhajoki - Bikepacking paratiisi? Kauhaneva-Pohjankankaalta Lauhanvuoren kansallispuistoon  osa 2,"Keväinen Tervehdys!

Tälle retkelle karautin Fillaribiilillä 19-22.5.2022 - ja kohteena oli Kauhajoki, Karvia ja Isojoki sekä Lauhanvuoren ja Kauhaneva-Pohjankangas kansallispuistot. Tällä noin 100km taipale ei jättänyt reissumiestä kylmäksi - upeat neulaspolut ja unohtumattomat  maisemat syöpyivät mieleeni iäksi. Rauhalliset, autottomat hiekka-autotiet johdattivat minua siirtymä osuuksilla kymmenien kilometrien verran. Katsastas videot - ja pohdi olisiko tämä kenties sinun seuraava retki kohde....


Lauhanvuoren kansallispuisto:
https://www.luontoon.fi/lauhanvuori

Kauhaneva-Pohjankangas kansallispuisto:
https://www.luontoon.fi/kauhaneva-pohjankangas

Geopark / pyöräily:
https://lhgeopark.fi/pyoraily/pyorailyreitit/#filter=r-fullyTranslatedLangus-,r-onlyOpened-,sb-sortedBy-0&ipd=65381099&view=gallery&zc=8,22.40743,62.1032

Geopark Lauhanvuori:
https://lhgeopark.fi/pyoraily/pyorailyreitit/#dm=1&filter=r-fullyTranslatedLangus-,r-onlyOpened-,sb-sortedBy-0&ipd=65381099&view=gallery&zc=8,22.40743,62.1032

Geopark Lauhanvuori - Kauhaneva-Pohjankangas kansallispuistot:
https://lhgeopark.fi/pyoraily/pyorailyreitit/#dm=1&filter=r-fullyTranslatedLangus-,r-onlyOpened-,sb-sortedBy-0&ipd=65378837&view=gallery&zc=8,22.40743,62.1032

------------------
RealCars:
https://realcars.fi

#FILLARIPÄIVÄKIRJA:
FaceBook: https://www.facebook.com/fillaripaivakirja/
Instagram: https://www.instagram.com/fillaripk/
Retkipaikka.fi: https://retkipaikka.fi/kirjoittaja/jaska-halttunen/
YouTube: https://www.youtube.com/c/FILLARIPÄIVÄKIRJA
Alfa TV: https://www.permanto.fi/fi/web/alfatv/search?keyword=fillaripäiväkirja",UCYOIFqlogi0_EYgI2_QQvdw,#FILLARIPÄIVÄKIRJA,5191.0,242.0,42.0,"Hobby,Lifestyle_(sociology),Tourism",62.1521157,22.1751258,2022-06-12 06:01:04+00:00,PT40M37S,https://www.youtube.com/watch?v=W8mLZM0MRSI,Lauhanvuori
VcnRLTpQCDM,Hossan Kansallispuiston Bikepacking retki tyttären kanssa - OSA 2 - Sininen saavutus & Julma-Ölkky,"Martinselkosen karhut & Hossan kansallispuiston kesäloma (bikepacking + packraft) seikkailu tyttäreni kanssa 19-25.7.2022

”Teissä ja joissa on jotain ihmeellistä, Nipsu mietti. 
Kun katselee niiden kulkua tulee valtava halu olla jossakin muualla,
lähteä mukaan katsomaan mihin ne loppuvat…”
Muumipeikko ja pyrsötähti (Tove Jansson)

Tervehdys!

Tämä Martinselkosen karhukoju & Hossan kansallispuiston seikkailu sai lähtölaukauksensa 2-3 vuotta takaperin tyttäreltäni Pihlalta, joka toivoi joskus pääsevänsä karhukojuun kuvaamaan mesikämmeniä noita, otsoja metsän valtiaita. Ja kun aikataulut natsasasivat ja aikaa retkelle vihdoin tänä keväänä löytyi päätin alkaa toteuttamaan tyttäreni toivomusta - viettää yö karhukojussa kameraa laulattaen. 

Kaksi kärpästä yhdellä iskulla

Tutkimustyön tuloksena päätin, että Martinsokosen kojut on se paikka missä voi varminmiten karhun jos toisenkin nähdä. Ja kun heidän tilukset aivan itä rajan tuntumassa sijaitsevat, aivan Hossan kansallispuiston kulmilla - niin miksei yhdistäisi seikkailua sinnekin kun niin kauaksi kumminkin ajetaan. 

Retken suunnittelu

Noin vuosi ennen retkelle lähtemistä aloimme hiomaan matkasuunnitelmaa 19-25.7 aikajänteelle - yksi yö kojussa loput kansallispuistossa seikkaillen. Ajatuksemme oli tehdä retkestämme monipuolinen, joten aika nopiaa maastopyöräilyn oheen aloimme suunnittelmaan myös packraft (reppulautta) seikkailua Julma-Ölkyltä takaisin Hossan luontokeskukselle.

Siinä oli koko vuosi aikaa valmistella ja suunnitella ja kevään korvalla, aloimme tekemään yhdessä myös mtb lenkkejä joiden lisäksi kesäloman alettu tyttäreni kulki pyörällä kesätöihin joten ei hän ihan pystymetästä satulaan hypännyt. Ja olimme muutama vuosi takaperin tehnyt jo yhden yön testi retken Karkkilan Maijalankoskelle. Ja sen lisäksi meillä on muutama yhteinen yön yli retki takanamme, mutta tästä tulisi meidän ensimmäinen yhteinen pitkä seikkailumme.",UCYOIFqlogi0_EYgI2_QQvdw,#FILLARIPÄIVÄKIRJA,4812.0,169.0,18.0,"Hobby,Lifestyle_(sociology),Tourism",,,2022-07-29 16:00:13+00:00,PT25M47S,https://www.youtube.com/watch?v=VcnRLTpQCDM,Hossa
nerVI-CHqRs,1 OSA - Sähköpyöräretki  Nuuksion kansallispuistoon - Kuinka pitkälle akkua riittää? (Eng. SUB) - 4K,"OSA1

Tervehdys!

Tällä retkellä poljetaan sähkömaastopyörällä (Canyon Neuron:ON:8) Karkkilasta Nuuksion kansallispuistoon ja takaisin. Retken tarkoituksena on testata miten tämän kaltainen sähkömaasturi sopinee Bikepacking touhuihin ja kuinka pitkällä yhden latauksen taktiikalla päästään.

Toki ajatuksena on jälleen jättää auto talliin ja polkasta tuo noin 50km matka Haltian luontokeskukselle eräopas koulutuksen Eco Training (Luontohyvonvointi) kursille. Retken ensimmäisen yön vietin Takalan laavulla ja toisen salaisessa majapaikassa yhdessä muutaman kurssikaverin kanssa.

Retkellä tehdään myös sapuskaa, halstratut lämppärit:

- paahtoleipää
- villiyrttipesto / nokkonen
- juustoa
- ilmakuivattukinkku
- kirsikkatomaatti
- herkkusieni (tuore)

Seikoita aineet keskenään, purista halsteriin ja paista sopivaksi!

Hyppääs siis tarakalle ihmettelemään, jotta mitä se tämä muutaman yön retki pistää sisällään ja kuinka pitkälle sitä yhden latauksen taktiikalla päästään!

Käännökset:
Mikko Virtaperko

Musiikki (Noux):
Marcello Pacifici
https://www.instagram.com/marcellopacifici/

Topeak / dropper post mount:
https://www.topeak.com/global/en/products/298-Bottle-Cage-Mounts/1139-DP-MOUNT

Maps to GPX:
https://mapstogpx.com

Reitti:
https://goo.gl/maps/eYpgDpshK68nBhYaA

Haltia:
https://haltia.com

Takalan laavu:
https://naturaviva.fi/fi_FI/nuuksion-kansallispuiston-telttailualueet/takalan-laavu


Tässä linkit mun tekemisiin:

#FILLARIPÄIVÄKIRJA:
FaceBook: https://www.facebook.com/fillaripaivakirja/
Instagram: https://www.instagram.com/fillaripk/
Retkipaikka.fi: https://retkipaikka.fi/kirjoittaja/jaska-halttunen/
YouTube: https://www.youtube.com/c/FILLARIPÄIVÄKIRJA
Alfa TV: https://alfatv.fi/ohjelmisto/fillaripaivakirja/",UCYOIFqlogi0_EYgI2_QQvdw,#FILLARIPÄIVÄKIRJA,6601.0,121.0,19.0,"Hobby,Lifestyle_(sociology),Tourism",60.3127525,24.4809016,2021-06-20 06:00:11+00:00,PT25M20S,https://www.youtube.com/watch?v=nerVI-CHqRs,Nuuksio
kfzlkvN9dCw,Hossan Kansallispuiston Bikepacking retki tyttären kanssa - OSA 1 - Yö karhukojussa (Martinselkonen),"Martinselkosen karhut & Hossan kansallispuiston kesäloma (bikepacking + packraft) seikkailu tyttäreni kanssa 19-25.7.2022

”Teissä ja joissa on jotain ihmeellistä, Nipsu mietti. 
Kun katselee niiden kulkua tulee valtava halu olla jossakin muualla,
lähteä mukaan katsomaan mihin ne loppuvat…”
Muumipeikko ja pyrsötähti (Tove Jansson)

Tervehdys!

Tämä Martinselkosen karhukoju & Hossan kansallispuiston seikkailu sai lähtölaukauksensa 2-3 vuotta takaperin tyttäreltäni Pihlalta, joka toivoi joskus pääsevänsä karhukojuun kuvaamaan mesikämmeniä noita, otsoja metsän valtiaita. Ja kun aikataulut natsasasivat ja aikaa retkelle vihdoin tänä keväänä löytyi päätin alkaa toteuttamaan tyttäreni toivomusta - viettää yö karhukojussa kameraa laulattaen. 

Kaksi kärpästä yhdellä iskulla

Tutkimustyön tuloksena päätin, että Martinsokosen kojut on se paikka missä voi varminmiten karhun jos toisenkin nähdä. Ja kun heidän tilukset aivan itä rajan tuntumassa sijaitsevat, aivan Hossan kansallispuiston kulmilla - niin miksei yhdistäisi seikkailua sinnekin kun niin kauaksi kumminkin ajetaan. 

Retken suunnittelu

Noin vuosi ennen retkelle lähtemistä aloimme hiomaan matkasuunnitelmaa 19-25.7 aikajänteelle - yksi yö kojussa loput kansallispuistossa seikkaillen. Ajatuksemme oli tehdä retkestämme monipuolinen, joten aika nopiaa maastopyöräilyn oheen aloimme suunnittelmaan myös packraft (reppulautta) seikkailua Julma-Ölkyltä takaisin Hossan luontokeskukselle.

Siinä oli koko vuosi aikaa valmistella ja suunnitella ja kevään korvalla, aloimme tekemään yhdessä myös mtb lenkkejä joiden lisäksi kesäloman alettu tyttäreni kulki pyörällä kesätöihin joten ei hän ihan pystymetästä satulaan hypännyt. Ja olimme muutama vuosi takaperin tehnyt jo yhden yön testi retken Karkkilan Maijalankoskelle. Ja sen lisäksi meillä on muutama yhteinen yön yli retki takanamme, mutta tästä tulisi meidän ensimmäinen yhteinen pitkä seikkailumme.",UCYOIFqlogi0_EYgI2_QQvdw,#FILLARIPÄIVÄKIRJA,5657.0,170.0,22.0,"Hobby,Lifestyle_(sociology),Tourism",,,2022-07-24 17:00:13+00:00,PT34M7S,https://www.youtube.com/watch?v=kfzlkvN9dCw,Hossa
fOy73frPLWE,Mäntyharju - Repovesi part 1,"Tervehdys!

Fillaripäiväkirja aloittaa uudet seikkailunsa Mäntyharju - Repovesi reitistöltä. Tällä videolla käyn lyhyesti läpi mistä tulevissa retkissäni on oikeastaan kysymys Ja pikaisesti paneudutaan varustukseen sekä itse reitin suunnitteluun. Teenpä sitten myöhemmin pätkän varustuksesta, riippumatosta ym...

Soita, metsä, kanteletta,
Kukuta, salo, käkeä
Alla kuusen kultalehvän,
Alla kaunihin katajan
Minun metsipäivinäni.

Visit Kouvola:
https://visitkouvola.fi/fi
WWF / oma keräys
http://oma.wwf.fi/suomalainen-luonto/5-8048
Luonnonperintösäätiö:
http://www.luonnonperintosaatio.fi/fi
Kuutinkolo:
http://www.kuutinkolo.fi/index.php?page=melonta
Retkipaikka:
https://retkipaikka.fi
Villa-Aurora:
http://www.villa-aurora.fi

Facebook:
https://www.facebook.com/fillaripaivakirja/",UCYOIFqlogi0_EYgI2_QQvdw,#FILLARIPÄIVÄKIRJA,2048.0,21.0,1.0,"Hobby,Lifestyle_(sociology)",,,2018-05-14 19:45:40+00:00,PT10M5S,https://www.youtube.com/watch?v=fOy73frPLWE,Repovesi
92JHxHUw8TM,Erämaan Armoilla / Bikepacking / pyörävaellus retki Suomen kauneimpaan erämaahan / OSA 2/3,"Tervehdys!

Tällä loppukesän retkellä seikkaillaan Kaldoaivin Ultra Trailin jälki mainingeissa kolmen päivän Bikepacking retkellä noin 100km polkupyörävaellus halki erämaan Kiilopään ja Saariselän maisemista aina Urho Kekkosen kansallispuiston unohtumattomiin maisemiin.


Alennuskoodi:
Kaikki Gloryfyn aurinkolasit (myös alennetut) -20% koodilla: fillaripk20
https://bonge.fi/pages/gloryfy-etusivu

Kartat + infot:
https://www.luontoon.fi/urhokekkosenkansallispuisto

https://julkaisut.metsa.fi/assets/pdf/lp/Esitteet/saariselka-maastopyorailyopas.pdf

kartta +GPX: https://web.trailmap.fi/?share_code=9393400073213

https://www.inari.fi/media/saariselka-kansainvaliseksi-pyoramatkailukohteeksi/kartat/ofb_kesakartta_2022_painoon.pdf

https://www.bikeland.fi/en/bikepacking

https://laplandnorth.fi/fi/pyorailyreitit/#kesanreittivinkit

https://www.inari.fi/media/saariselka-kansainvaliseksi-pyoramatkailukohteeksi/kartat/ofb_kesakartta_2022_painoon.pdf

Pyörä:

Tuotteet:

Lesovik / riippumatto: https://mavaja.fi/tuote/retkeilyriippumatto-330-cm-pitka-draka-lesovik/

Hattu: https://erasoppi.fi/tuote/buff-explore-booney-hat/?attribute_pa_vari=kiwo-black&attribute_pa_koko=s-m-2

Lasit: https://bonge.fi/collections/urheilulasit/products/gloryfy-g20-flatline-e-bike-edition-trf

Pistäs seuraten:
#FILLARIPÄIVÄKIRJA:
FaceBook: https://www.facebook.com/fillaripaivakirja/
Instagram: https://www.instagram.com/fillaripk/
Retkipaikka.fi: https://retkipaikka.fi/kirjoittaja/jaska-halttunen/
YouTube: https://www.youtube.com/c/FILLARIPÄIVÄKIRJA
Alfa TV: https://www.permanto.fi/fi/web/alfatv/search?keyword=fillaripäiväkirja",UCYOIFqlogi0_EYgI2_QQvdw,#FILLARIPÄIVÄKIRJA,7651.0,179.0,19.0,"Hobby,Lifestyle_(sociology),Tourism",68.1666667,28.25,2022-11-10 16:00:07+00:00,PT36M47S,https://www.youtube.com/watch?v=92JHxHUw8TM,Urho Kekkonen
JUV4OL6I5T0,OSA1 / 3yön pakkasretki Torronsuon kansallispuistoon / FatBike & Paljakka Ahkio &  Oac Kar 147 (4k),"Tervehdys!

Tästä se retki alkakoon - matka kohti Torronsuon kansallispuistoa kahden pysähdyksen taktiikalla.
Tässä kaksiosaisen sarjan ensimmäisessä osassa hypätään duunipäivän jäljestä Karkkilassa satulaan ja polkastaan rapsakassa pakkasessa peräkärryssä ahkiota vetäen Onkimaanjärven tulentekopaikalle jossa vietetään retken ensimmäinen yö.
Aamun valjettua jatketaan matkaa kohti Ruostejärveä ja Toralahden laavua. Tällä 30km siivulla parta meni aivan umpijäähän - eikä lähteneyt kun pureskelemalla irti. :) 

Hyppääs siis kärryn kyytiin ihmettelemään  (jos uskallat) miten se rapsakan pakkasilman saattelemana matka taittuu ja yöt nukutaan...

Retki tehdään hyvää ruokaa unohtamatta, tässä reseptit:

Salarakkaan Maggara pasta:
- Salarakkaan tomaatti mozarella nakkeja (Makuliha)
- valkosipulia
- makaronia
- hyvää juustoa
- kaura kermaa 
- Koh-Kae Sriracha herneet: https://www.kohkae.fi/en/tuote/sriracha-chili-green-peas/

Keitä makaronit kypsiksi vähässä vedessä (ettei tarvitse vesiä hukkaan kaataa). Paista nakit ja valkosipuli. Lisää ne kypsän makaroonin joukkoon (ei haittaa vaikka vähän vettä jää). Lisää juusto ja loraus kermaa. Hauduta sekoitellen niin kauan kun juusto on sulanut. Ja ei muuta kuin ääntä kohti! :)

Hirvenliha(nötkötti)keitto:
- peruja
- porkkanaa
- sipulia
- laakerin lehtiä
- hirvenliha säilykettä (Makuliha)
- Tukkijätkä / Koskenlaskija - tyyppistä juusto
- pipuria

Keittele kasvikset kypsiksi siinä samalla voit kärryytellä lihoja. Kun on perut kypsiä kumoa lihat ja juusto joukkoon. Pyörittele niin jotta juusto sulaa. Heitä kitusiis!

------------------------------------------------------------------

Reitti kartta:
https://goo.gl/maps/UtxitN4idChTSRrcA

Torronsuon kansallispuisto:
https://www.luontoon.fi/torronsuo/kartatjakulkuyhteydet

Latukartta:
https://www.tammela.fi/sites/default/files/dokumentit/2020/torronsuon-latukartta-2015.pdf

Loimunalle:
https://www.loimunalle.fi

Runotar - Auli Kokkonen:
https://www.aulikokkonen.com

------------------------------------------------------------------

Tarvikkeet:

Tankokintaat:
Päälliskangas on paksua tuulen ja vedenpitävää polyesteriä. Vuori vaihtoehtona 60g tikkivuori jonka hinta on 39€ tai 80g thinsulate tikkivuorella jonka hinta on 42€. Kintaat asennetaan paikalleen avaamalla nepparit ja pujotetaan kinnas tankoon. Nepparit mahdollistaa vaijereiden vedon juuri siitä kohin kun ne haluat menevän. Kintaan suuaukossa on myös lumipussi joka estää viiman ja lumen menemisen kintaan sisään.Lisäksi kintaan sisällä on kuminauha joka pujotetaan tangon päähän. Tällä estetään kintaan ""karkaaminen"" kun käsi työnnetään kintaaseen. 

Tuote on suunniteltu ja valmistettu Suonenjoella ja niitä voi kysellä osoitteesta asiakaspalvelu@ompelimotarjakarhunen.fi

Kawwet:
https://www.warriorcoffee.com

Pyörä / Canyon DUDE:
https://www.canyon.com/fi-fi/mountain-bikes/fat-bikes/dude/?gclid=CjwKCAiA9bmABhBbEiwASb35V33n7MEfYn7RCb9BKwE78kqCsEdocIKBZaW8XHhs3SWMT-1oVcPhoxoCrDIQAvD_BwE&gclsrc=aw.ds

Laukut Ortlieb:
https://www.ortlieb.com/en_us/products/bikepacking

Y-Frame peräkärry:
https://liikkuvalaatikko.fi/tuote-osasto/pyorakarryt/

Ahkio:
https://finn-savotta.fi/products/paljakka-ahkio/

Liukulumikengät Oac Car 147
https://scandinavianoutdoor.fi/outdoor-action-finland/talvilajit/retkihiihto/era-ja-vaellussukset/kar-uc-ea/

Sauvat:
https://scandinavianoutdoor.fi/leki/talvilajit/retkihiihto/era-ja-vaellussauvat/aergon-2/

Riippumattokamat:
https://youtu.be/0C1X1J3hvD8

Makuupussi:
https://www.mavaja.fi/tuote/untuvamakuupussi-core-950-navy-pajak-sport/

Kengät (ajokengät) IceBug:
https://www.icebug.fi/tuote/walkabout-m-michelin-wic-gtx-black-f6105-0a/

Valot:
https://youtu.be/ulQxtXLX1gU

Ruoka:
Makuliha:
https://makuliha.fi

Koh-Kae:
https://www.kohkae.fi/en/

------------------------------------------------------------------

Tässä linkit mun tekemisiin:

#FILLARIPÄIVÄKIRJA:
FaceBook: https://www.facebook.com/fillaripaivakirja/
Instagram: https://www.instagram.com/fillaripk/
Retkipaikka.fi: https://retkipaikka.fi/kirjoittaja/jaska-halttunen/
YouTube: https://www.youtube.com/c/FILLARIPÄIVÄKIRJA
Alfa TV: https://alfatv.fi/ohjelmisto/fillaripaivakirja/",UCYOIFqlogi0_EYgI2_QQvdw,#FILLARIPÄIVÄKIRJA,11440.0,209.0,50.0,"Hobby,Lifestyle_(sociology),Tourism",,,2021-01-31 07:00:13+00:00,PT40M,https://www.youtube.com/watch?v=JUV4OL6I5T0,Torronsuo
b-zsYKLqKxI,Bikepacking Ruskaretki Liesjärven & Torronsuon maisemiin!,"Ruskaretki Liesjärven & Torronsuon maisemiin!

Polkaisin Karkkilasta 3yön retkelle lokakuun ensimmäinen viikonloppu, Onkimaanjärven kautta Eräkeskukselle josta meloskelin inkkarilla, fillari kyydissä Korteniemen perinnetilalle, Liesjärven Kansallispuistoon. Evästyksen jälkeen matka jatkui Torronsuon laitamille Idänpäänkalliolle josta seuraavana aamuna polkaisin Eerikkilän, Ruostejärven sekä Kaksvetisten kodalle grillaamaan maggarat josta suuntasin takaisin Liesjärvelle Peukaloisten tuvan kautta Hyypiön kämpille iltaa istumaan, saunomaan ja yötä viettämään. Syksy, ruska ja Tammela tarjosi kauneintaan, joten hyppääs tarakalle katsomaan miltä se näyttää…


Linkit:

Liesjärvi:
https://retkipaikka.fi/liesjarvi/

Erärenki:
https://www.erarenki.fi

Peukaloinen:
https://www.luontoon.fi/peukaloinenvuokratupa

Hyypiö:
https://www.luontoon.fi/hyypiovuokratupa

Voimaruno & Auli Kokkonen
https://www.aulikokkonen.com/runo-1?

Tässä linkit mun tekemisiin:

#FILLARIPÄIVÄKIRJA:
FaceBook: https://www.facebook.com/fillaripaivakirja/
Instagram: https://www.instagram.com/fillaripk/
Retkipaikka.fi: https://retkipaikka.fi/kirjoittaja/jaska-halttunen/
YouTube: https://www.youtube.com/c/FILLARIPÄIVÄKIRJA",UCYOIFqlogi0_EYgI2_QQvdw,#FILLARIPÄIVÄKIRJA,10276.0,172.0,33.0,"Hobby,Lifestyle_(sociology),Tourism",60.6666667,23.8833333,2019-10-20 03:52:54+00:00,PT55M50S,https://www.youtube.com/watch?v=b-zsYKLqKxI,Liesjärvi
ngBRCJPXM5I,Keväinen retki (Bikepacking) Liesjärven kansallispuistoon OSA2 (Liesjärvi & Turpoonjoki kanootilla),"Tervehdys!

OSA 2/3

Tälle kevät retkelle polkaistiin heti duunin jälkeen 16.4. Tällä kertaa retki suuntautui Tammelan huudeille. Polkuja kanssani jakaa  - Reppuretki bloggari, Wanha parta, 100 yötä erämäässä & eräopas Olli Järvenkylä. Ollin kanssa heitetään löylyt 120 vuotiaassa Korteniemen perinnetilan saunassa. Ja matka jatkuu Kaksvetisten kodalle yötä viettämään.

Lauantaina nostan DUDEn kanoottiin ja meloskelen Liesjärven halki ja laskeskelen Turpoonjoen aina Kievarin Kirnulle asti.

Hyppääs siis tarakalle ja kanootin kyytiin ja katsele miltä Tammelen kevät näyttää.

Vuotinaisten leirikeskus:
https://www.karkkila.fi/sivut/FI/Vuotinaisten-leirikeskus

Korteniemen perinnetila:
https://www.luontoon.fi/korteniemi

Erärenki:
https://www.erarenki.fi/kanootit-ja-kajakit.html

Canyon DUDE:
https://www.canyon.com/fi-fi/mountain-bikes/fat-bikes/dude/?gclid=CjwKCAjwj6SEBhAOEiwAvFRuKCDrya2uC4SobqFyfeTx03cCj-kWTwl7LrQrYsS1yEBgQQVuAcshNBoC4g4QAvD_BwE&gclsrc=aw.ds

Blackburn Fatbike rack:
https://www.blackburndesign.com/p/outpost-fat-front-rear-bike-rack/

Ortlieb laukut:
https://www.ortlieb.com/en_us/products/bikepacking",UCYOIFqlogi0_EYgI2_QQvdw,#FILLARIPÄIVÄKIRJA,3482.0,85.0,8.0,"Hobby,Lifestyle_(sociology),Tourism",60.6535892,23.8977183,2021-05-09 06:00:15+00:00,PT35M40S,https://www.youtube.com/watch?v=ngBRCJPXM5I,Liesjärvi
q7aFQCTSFQs,Hki - Repovesi - Verla - Kouvola - Hki / Juna+pyörä & Gravel Bikepacking adventure - TRAILER,"Videon Ensiesitys torstaina 9.11. klo:19:00
https://youtu.be/dSeS7FFTt7Y

Tervehdys ja tervetuloa alku syksyn Bikepacking retkelle!

Matkaan lähdetään junalla Helsingin Pasilasta ja otetaan suunnaksi Hillosensalmi jonka asema on aivan Repoveden kansallispuiston kainalossa. Hypättyäni satulaan suuntaan Repoveden MTB reitille jota myöten kurvailen Repoveden kansallispuiston halki poikki aina Lapinsalmella sijaitsevaan melontatukikohttaan jossa tapaan vanhan tuttavani, Hangoutdoorsin Tony Tavin.

Tonyn kanssa jatketaan päivää hyppäämällä Oru kajakkeihin ja meloskellaan Kivisilmänkierroksen noin puoliväliin, Erkinsaarille jossa vietetään ilta ruokaillen ja tarinoiden sekä riippumatossa yötä viettäen.

Seuraavana päivänä matka jatkuu pyörän satulassa kohti Verlaa (Maailmanperintökohde)  ja Tervarummun Eco camppiä - jossa vietetäänkin siten muutama päivä esimerkiksi telttasaunoillen, ja Verlan tehdasmuseoon tutustuen ja viereisellä järvellä kalastelen.

Maanantaina onkin sitten aika polkasta Kouvolaan josta palaan maitojunalle takaisin Helsingin kirkonkylille.

Hyppääs tarakalleni ihmettelemään miltä se Kymeenlaakso kaikkine upeine nähtävyyksineen  seikkailijalle tarjoilee. 

Repoveden melontakartta:
https://drive.google.com/file/d/1FFj4rPmepE0DyK2usnZ1JhofqXBLA-CM/view

Mäntyharju - Repovesi kartta:
https://visitkouvola.fi/dataflow/visitkouvola2/files/media/opastetaulureporeitti_mntyharjurepovesi2019_3420.pdf

Verla:
https://www.verla.fi

Hangoutdoors:
https://hangoutdoors.fi

Tervarumpu:
https://tervarumpu.fi/fi_FI/repoveden-kartat/repoveden-melontakartta-pdf

Ja muista FPK rapatti koodit:

Valostore:
https://www.valostore.fi/fi?code=FILLARIPVK10
Alennuskoodi aktivoituu suoraan linkistä, ja se antaa 10% alennuksen kaikesta. Alennus koskee myös jo alennettuja tuotteita, ja alennus näkyy ostoskorissa.

SQLab Alennuskoodi:
Koodilla: FILLARIPK15 
saa -15% alennuksen SQLab tuotteista www.sportsource.fi 
verkkokaupasta. (Voimassa vuoden loppuun asti).

Askelterapia.fi
Koodilla: fillaripk2023
-15% koko verkkokaupan valikoima

Outdooractive:
https://www.outdooractive.fi/fi/
Saat -10 € alennuksen kun ostat itsellesi Pro - tai PRO+ -jäsenyyden:
koodilla: FIN24PROK 
Koodi on voimassa 31.12.2024 saakka

Hi5Bikes:
-15% FIX plussan strapeistä & tarvikkeista:
https://www.hi5bikes.fi/?s=fixplus&post_type=product&lang=fi
koodilla: fillaripk

------------------------------------------

#FILLARIPÄIVÄKIRJA:
YouTube: https://www.youtube.com/c/FILLARIPÄIVÄKIRJA
FaceBook: https://www.facebook.com/fillaripaivakirja/
Instagram: https://www.instagram.com/fillaripk/
TikTok: https://www.tiktok.com/@fillaripk
Retkipaikka.fi: https://retkipaikka.fi/kirjoittaja/jaska-halttunen/
Partioaitta: https://blogi.partioaitta.fi/bikepacking-eli-retkipyoraily-nain-paaset-alkuun/
Suomen Latu: https://www.suomenlatu.fi/ulkoile/lajit/maastopyoraily/bikepacking-eli-pyoravaellus.html",UCYOIFqlogi0_EYgI2_QQvdw,#FILLARIPÄIVÄKIRJA,1361.0,28.0,8.0,Lifestyle_(sociology),,,2023-11-07 10:53:11+00:00,PT1M32S,https://www.youtube.com/watch?v=q7aFQCTSFQs,Repovesi
h5h3xLKVy9M,OSA2 - 3yön pakkasretki Torronsuon kansallispuistoon / FatBike & Paljakka Ahkio &  Oac Kar 147 (4k),"Tervehdys ja tervetuloa Torronsuon kansallispuiston valloitus video sarjan pariin. 

osa 1: https://youtu.be/JUV4OL6I5T0

Tässä toisessa osassa jatketaan matkaa  Tammelan Ruostejärveltä - ""Eräjorma hampurulaisten"" jälkeen kohti Torronsuota. Kalliontien laidasta hypätään suksien päälle ja jätetään DUDE kuusen persiiseen odotelemaan huomista päivää. 

Tällä retkellä hiihdetään Torronsuon läpi koko upea tammikuinen päivä auringon laskuun asti ja päivän päätteeksi päädytään yksityiselle, Idänpäänkallion laavulle istumaan tulille ja tekemään retken päättymisen kunniaksi Makulihalta saamaani peuran sisäfilettä. Tästä ei retki muona  paljoa paremmaksi voi mennä..

Maanantai aamuna kun itsensä saapi ylös riippumatosta jatketaan matkaa Kiljamon lintutornille - josta avautuu henkeä salpaavat maisemat ylitse Torronsuon kansallispuiston. 

Hyppääs siis kärryn kyytiin ihmettelemään  (jos uskallat) miten se rapsakan pakkasilman saattelemana matka taittuu ja yöt nukutaan…


Linkit elokuviin:

osa 1: https://youtu.be/JUV4OL6I5T0​

osa 2: https://youtu.be/h5h3xLKVy9M

Retki tehdään hyvää ruokaa unohtamatta, tässä reseptit:

Retkipeuraa:

- Peuran sisäfilettä
- suolaa
- pippuria
- voita

Sulata liha. Paista pikaisesti pannulla molemmin puolin. Mausta suolalla ja pippurilla & heitä kitusiis! :)

Eräjorman maggarasoppa:

- Eräjormaa
- peruja
- porkkanoi
- sipuli
- Koh-Kae Sriracha herneet: https://www.kohkae.fi/en/tuote/sriracha-chili-green-peas/ 
- Koskenlaskija tyyppistää juustoa

Keitä kasvikset kypsiksi. Grillaa makkara haluamaasi kypsyys asteeseen. Syö yksi maggara ensiavuksi. Pilko loput kypsien vihannesten joukkoon ja lisää juusto. Heitä sekaan kourallinen - puoltoista Sriracha herneitä makua tuomaan.

Ja eiku ääntä kohden!

------------------------------------------------------------------

Reitti kartta:
https://goo.gl/maps/UtxitN4idChTSRrcA

Torronsuon kansallispuisto:
https://www.luontoon.fi/torronsuo/kartatjakulkuyhteydet

Latukartta:
https://www.tammela.fi/sites/default/files/dokumentit/2020/torronsuon-latukartta-2015.pdf

Loimunalle:
https://www.loimunalle.fi

Runotar - Auli Kokkonen:
https://www.aulikokkonen.com

------------------------------------------------------------------

Tarvikkeet:

Tankokintaat:
Päälliskangas on paksua tuulen ja vedenpitävää polyesteriä. Vuori vaihtoehtona 60g tikkivuori jonka hinta on 39€ tai 80g thinsulate tikkivuorella jonka hinta on 42€. Kintaat asennetaan paikalleen avaamalla nepparit ja pujotetaan kinnas tankoon. Nepparit mahdollistaa vaijereiden vedon juuri siitä kohin kun ne haluat menevän. Kintaan suuaukossa on myös lumipussi joka estää viiman ja lumen menemisen kintaan sisään.Lisäksi kintaan sisällä on kuminauha joka pujotetaan tangon päähän. Tällä estetään kintaan ""karkaaminen"" kun käsi työnnetään kintaaseen. 

Tuote on suunniteltu ja valmistettu Suonenjoella ja niitä voi kysellä osoitteesta asiakaspalvelu@ompelimotarjakarhunen.fi

Kawwet:
https://www.warriorcoffee.com

Pyörä / Canyon DUDE:
https://www.canyon.com/fi-fi/mountain-bikes/fat-bikes/dude/?gclid=CjwKCAiA9bmABhBbEiwASb35V33n7MEfYn7RCb9BKwE78kqCsEdocIKBZaW8XHhs3SWMT-1oVcPhoxoCrDIQAvD_BwE&gclsrc=aw.ds

Laukut Ortlieb:
https://www.ortlieb.com/en_us/products/bikepacking

Y-Frame peräkärry:
https://liikkuvalaatikko.fi/tuote-osasto/pyorakarryt/

Ahkio:
https://finn-savotta.fi/products/paljakka-ahkio/

Liukulumikengät Oac Car 147
https://scandinavianoutdoor.fi/outdoor-action-finland/talvilajit/retkihiihto/era-ja-vaellussukset/kar-uc-ea/

Sauvat:
https://scandinavianoutdoor.fi/leki/talvilajit/retkihiihto/era-ja-vaellussauvat/aergon-2/

Riippumattokamat:
https://youtu.be/0C1X1J3hvD8

Makuupussi:
https://www.mavaja.fi/tuote/untuvamakuupussi-core-950-navy-pajak-sport/

Kengät (ajokengät) IceBug:
https://www.icebug.fi/tuote/walkabout-m-michelin-wic-gtx-black-f6105-0a/

Valot:
https://youtu.be/ulQxtXLX1gU

Ruoka:
Makuliha:
https://makuliha.fi

Koh-Kae:
https://www.kohkae.fi/en/

------------------------------------------------------------------

Tässä linkit mun tekemisiin:

#FILLARIPÄIVÄKIRJA:
FaceBook: https://www.facebook.com/fillaripaivakirja/
Instagram: https://www.instagram.com/fillaripk/
Retkipaikka.fi: https://retkipaikka.fi/kirjoittaja/jaska-halttunen/
YouTube: https://www.youtube.com/c/FILLARIPÄIVÄKIRJA
Alfa TV: https://alfatv.fi/ohjelmisto/fillaripaivakirja/",UCYOIFqlogi0_EYgI2_QQvdw,#FILLARIPÄIVÄKIRJA,8901.0,246.0,35.0,"Hobby,Lifestyle_(sociology),Tourism",60.7313489,23.6325656,2021-02-07 07:00:16+00:00,PT58M14S,https://www.youtube.com/watch?v=h5h3xLKVy9M,Torronsuo
YxCJXFLaVKQ,Bikepacking (Extrawheel) seikkailu NOVA Explorer & Winnerwell Fastfold plus  PART 2 - Eng. SUBTITLES,"Maaliskuinen tervehdys!

Tälle retkelle lähden aivan uudella set-upilla. Extrawheelin kärry + yhteensä 150 l kuljetuskapasiteetti mahdollistaa retkeilyn NOVA Explorer Kotalaavun (2,8 kg) ja Winnerwell Fastfold plus titaanikamiinan (2,5 kg) kanssa. Arki antoi kalenterista tilaa tiistai-illasta torstai-iltaan, vaikka mieleni teki viipyä vähän pidempäänkin. Kahden yön bikepacking-retki oli siis edessä Karkkilan Ruuhilammelta Lopen kautta Tammelaan Liesjärven kansallispuistoon, Hyypiön kämpälle iltaa istumaan ja yötä viettämään yhdessä Tammelan kunnanjohtajan Kalle Larssonin kanssa.

Seuraavassa jaksossa:
Keskiviikkona kotimatka Kyynäränharjua myöten kansallispuiston läpi Somerniemen tielle, joka vuosia sitten kävi kovinkin tutuksi, kun Somerolle Leather Heaveniin päivittäin autolla kurvailin. Ja vielä Salkolan ja Kaupinkulman kautta Saarijärventielle ja Kaitajärven laitaan Lammassaareen tekemään huikean, ikimuistoisen ja elämyksellisen retken kunniaksi sapuskat. Niistä parista kilometristä tulikin elämäni raskaimmat — mutta niistä hikipisaroista sitten lisää tulevilta sivuilta. Lammassaaren huitteilta viimoiset 12 km polkaisin Karkkilaan Tämäkohtu-järven sivusta Patakorven ohi yli Antiastentien lukuisten mäkien. En muistanutkaan että niin hitokseen oli! Hyppää Extrawheelin kyytiin katsomaan, mitä tämä seikkailu reissumiehelle tarjoili. 

Temppu Outdoors:
https://www.instagram.com/temppu.outdoors/

Warriorcoffee:
Alekoodi: FILLARIPK
https://fi.warriorcoffee.com/product/249/fillaripaivakirja-xxxtratuhma-luomukahvi
AeroPress GO: https://fi.warriorcoffee.com/product/246/aeropress-go-kahvinvalmistuslaite


Bonge:
Kirves: https://bonge.fi/products/fiskars-norden-retkikirves-n7
Saha: https://bonge.fi/products/gerber-freescape-camp-saw
Toppatakki: https://bonge.fi/products/argo-peak-jacket-m


Erikoistukku.fi:

Nova Explorer:
https://www.erikoistukku.fi/nova-explorer-kotalaavu-kotateltta-laavu-samassa-p-5924.html
NOVA Explorer on kokoluokassaan markkinoiden kevein kotateltta, joka tarjoaa ruhtinaalliset sisätilat vaativallekin eränkävijälle.  Loistava majoite myös motoristeille tai festareille. Kotakankaalla on painoa ainoastaan 2.8kg, mikä ei ole paljon 4m x 3.3m kokoisesta majoitteesta. Korkeutta on hulppeat 2.2 metriä, joten vaatteiden vaihto onnistuu helposti seisaaltaan.

Winnerwell Fastfold PLUS:
https://www.erikoistukku.fi/winnerwell-fastfold-plus-titaanikamiina-p-7424.html
Mitat pakattuna: 41cm×30.5cm×9.5cm (paksuin kohta piipun juuresta)
Piipun korkeus kasattuna rungon kanssa 305.5cm
Kokonaispaino: 2.5kg


#FILLARIPÄIVÄKIRJA:
FaceBook: https://www.facebook.com/fillaripaivakirja/
Instagram: https://www.instagram.com/fillaripk/
Retkipaikka.fi: https://retkipaikka.fi/kirjoittaja/jaska-halttunen/
YouTube: https://www.youtube.com/c/FILLARIPÄIVÄKIRJA
Alfa TV: https://www.permanto.fi/fi/web/alfatv/search?keyword=fillaripäiväkirja",UCYOIFqlogi0_EYgI2_QQvdw,#FILLARIPÄIVÄKIRJA,3665.0,114.0,9.0,"Hobby,Lifestyle_(sociology),Tourism",60.6535892,23.8977183,2022-04-10 06:00:10+00:00,PT36M28S,https://www.youtube.com/watch?v=YxCJXFLaVKQ,Liesjärvi
UCB1RBruiOY,Repoveden kansallispuisto: Nämä maisemat eivät sanoja kaipaa!,"Repoveden kansallispuisto: nämä maisemat eivät sanoja kaipaa!

Retkeily- ja luontovlogi Repoveden kansallispuistosta. Kansallispuisto sijaitsee Kouvolassa ja on saavutettavissa Helsingistäkin käsin päiväretkeilijöille.

Retkeily Repoveden kansallispuistossa tarjoaa huikeita maisemia, jykeviä siltoja ja loistavia taukopaikkoja. Tässä videossa kuljetaan Ketunlenkki ja Kaakkukin kierros osittain. Repoveden kansallispuistossa on kesäisin myös lossi, jolla Ketunlenkki on kierrettävissä kokonaisuudessaan. Talvisin reitin kiertäminen rengasreittinä ei onnistu.

Sijainti: Kouvola, Repoveden kansallispuisto
Retki: Päiväretki",UCYRygQVy_muqXYnMt25VBJQ,Niko Pikkuaho,1131.0,34.0,11.0,"Hobby,Lifestyle_(sociology),Tourism",,,2020-02-09 21:16:47+00:00,PT13M40S,https://www.youtube.com/watch?v=UCB1RBruiOY,Repovesi
Xx3Qi0rz5Wg,Pilkkimässä metsäjärvellä,"Pilkkikauden avaus Oulun lähellä olevan Rokuan kansallispuiston äärellä, pienellä metsäjärvellä. Jäätä oli vuodenvaihteessa noin 20 cm ja kalat olivat kuuden metrin syvyydessä. Parhaimpana pilkkinä toimi pieni sininen tasapainopilkki, jossa oli värikoukku kärpäsen toukalla höystettynä. 

Pilkkiminen alkukaudesta on todella antoisaa, kun jäätä ei ole vielä tullut paljon ja kalat ovat aktiivisia. Silloin tasurointi tekniikka toimii hyvin oli sitten siiman päässä jigipilkki tai tasapainopilkki. Jos tasapainopilkintä ei toimi, voi kokeilla pystypilkkiä tai mormuskaa, joka antaa usein huonolla syönnillä kalaa. Oulun kalapaikat ovat vertaansa vaille, sillä pieniä järviä ja lampia on lukemattomia.

Videolla näytetään hieman pilkkitekniikka - lisää pilkkikalastusta ja pilkki juttuja on esimerkiksi tässä merellä kuvatussa videossa: https://youtu.be/TZIRgxL7Wi0

Instassa lisää juttuja:
https://www.instagram.com/maastokuvaaja/
https://www.instagram.com/kalastuskanava/

Hieno kalagraffiti sijaitsee tässä: https://goo.gl/maps/z835FMLf8VwGAd7X6

Katso PikeMastersin uuden tuotantokauden ensimmäinen jakso: https://youtu.be/jsL4bkCSvMc

Music credits:
Fun Time by Dj Quads: https://soundcloud.com/aka-dj-quads
Music promoted by Audio Library https://youtu.be/uk0IaUT9niw",UCZOcNaEgjjIQJ-3gz3B2qdg,KalastusKanava,24411.0,188.0,50.0,"Hobby,Lifestyle_(sociology),Pet",,,2020-01-01 11:50:15+00:00,PT15M38S,https://www.youtube.com/watch?v=Xx3Qi0rz5Wg,Rokua
7b69vjQvwGM,"Pieni vene, iso hauki! | Kaverina Tuolikalastaja","Kevään venehaukikausi starttasi hyvästi käyntiin, kun käväistiin toukokuun alussa maineikkailla Tammisaaren vesillä. Suunnitelma oli keskittää iltapäivän ja illan hauenkalastus isojen lahtien keskiosiin, missä kuteneet hauet olisivat mahdollisesti tankkaamassa. 

Taas opittiin uutta. Kun oltiin reissun jälkeen pakkailemassa kamoja autoon, kuultiin avunhuutoja rannasta, jolloin Peltsi heti äkkäsi, että siellähän on iso kala kiinni virvelissä. Eräs Simo oli litkaamassa silakoita ja oli onnistunut saamaankin jonkin verran niitä. Suureksi yllätykseksi silakkasaalista ylös vetäessään, oli yhteen silakkaan tarttunut hyvän kokoinen hauki, jonka kävimme auttamassa ylös. Hauet olivat siis silakoiden vieressä napsimassa niitä. Siinä on hyvä opetus siitä, että saaliskalat houkuttelevat haukia paikalle. Vaikka horisontissa näkyisi miten hienoja kaislikoita tahansa, saattaa olla fiksua kokeilla hauen kalastusta kalaparvien seasta, vaikka paikka ei näyttäisikään ulospäin otolliselta.

Hauen kalastus keväällä kääntyy hankalasta hyväksi heti kudun jälkeen, kun hauet alkavat tankkaamaan. Kalastustekniikka voi olla vesikasvillisuuden verhoamien penkkojen kalastusta tai spinner bait kalastamista aivan matalasta ruovikon seasta. Oikein isot löytyvät usein jonkin verran rannasta ulospäin. Kevätkalastus jatkuu aina kesäkuun lopulle asti. Juhannusta lähestyttäessä kannattaa kokeilla myös kivikoita, jotka ovat kaislikkolahtien tuntumassa.

Lisää kalajuttuja: https://www.instagram.com/kalastuskanava/

Peltsin Insta: https://www.instagram.com/mikkopeltola/

Music credits:
Fun Time by Dj Quads: https://soundcloud.com/aka-dj-quads
Music promoted by Audio Library https://youtu.be/uk0IaUT9niw",UCZOcNaEgjjIQJ-3gz3B2qdg,KalastusKanava,19022.0,206.0,43.0,"Hobby,Lifestyle_(sociology),Pet",,,2020-05-15 15:00:06+00:00,PT18M45S,https://www.youtube.com/watch?v=7b69vjQvwGM,Ekenäs Archipelago
-jQgJhJ7t3s,Kirjolohi nousee Hossan lammelta. Nappasi Kuusamon isoon lippaan. #kalastus,,UCZOcNaEgjjIQJ-3gz3B2qdg,KalastusKanava,41699.0,908.0,5.0,"Hobby,Lifestyle_(sociology),Pet",,,2022-07-21 13:59:28+00:00,PT27S,https://www.youtube.com/watch?v=-jQgJhJ7t3s,Hossa
fD1JV4hjhek,Rapu taapertaa jäällä. Järvi on Nuuksiossa. #kalastus  #luonto,,UCZOcNaEgjjIQJ-3gz3B2qdg,KalastusKanava,11764.0,199.0,8.0,,,,2023-01-03 06:00:39+00:00,PT28S,https://www.youtube.com/watch?v=fD1JV4hjhek,Nuuksio
0xjKbXbInQE,"""KÄRPÄSTEN JÄRVELLÄ"" JIGAAMASSA AHVENTA","Tuupattiin vene veteen suht pieneen järveen Rokualla ja käytiin jigaamassa ahventa Oulun Jukan kanssa. Kalat oli hyvin otilla, mutta ne eivät kunnolla jääneet kiinni. Jigaustektiikka vaatii hiomista, sillä jigipyrstö lähti monen ahvenen matkaan tai sitten jigi meni kiemuralle koukun mutkaan.

Oulu on noin 1,5 h päässä tästä kalapaikasta, joka sijaitsee Rokualla. Etelä-Suomesta se on osa Oulua :-)

Ahvenen jigaus onnistuu helposti näissä järvissä, missä vesikasvillisuutta ei ole paljon. Pohjassakaan ei ollut puunrunkoja haittaamassa.

Vesi oli paikassa melko vihreää ja muistutti merivettä etelässä. Siksi ahvenetkin näyttivät aivan meriahvenilta. Jigaaminen ei vaadi kummoisia välineitä ja jigit ovat edullisia. Videossa eniten tuli kalaa vanhalla Rento-nimisellä jigillä. Niitä ei liene enää kaupassa. Rento-jigi oli myynnissä noin 10 vuotta sitten.

Jigikalastuksesta lisää juttua ja ohjeita: https://www.kalastus.com/artikkelit/ahvenen-jigaus

Lisää kalajuttuja KalastusKanavan Instassa:
https://www.instagram.com/kalastuskanava/",UCZOcNaEgjjIQJ-3gz3B2qdg,KalastusKanava,6079.0,84.0,17.0,"Hobby,Lifestyle_(sociology),Pet",,,2023-07-16 07:00:00+00:00,PT14M45S,https://www.youtube.com/watch?v=0xjKbXbInQE,Rokua
wK03TFINSZ0,"CAMPING IN NUUKSIO, FINLAND | Feat. Roni Back","Roni and I decided to spend the night out in the woods, so we took a trip to Nuuksio National Park!
Roni's channel: http://www.youtube.com/roniback
Instagram: http://www.instagram.com/dave.cad
Merch: http://www.cavedad.fi
Twitch: http://www.twitch.tv/dave_cad
Discord: https://discord.gg/Tyd4GE3

Become a member: https://www.youtube.com/channel/UC_LvdhPHtldPWK497H39qxA/join

Business inquiries:
moi@davecad.fi

Music used: 
Yasper - In My Cabin https://chll.to/23c66fdd
Blue Wednesday, Dillan Witherow - Seafoam https://chll.to/bcd3647c
Philanthrope, Ian Ewing, Sleepy Fish - Plants https://chll.to/94e47153
No Spirit, Kyle McEvoy, Dillan Witherow - Campfire https://chll.to/b7f35f1c

---------
F.A.Q.
---------
• How old are you? •
32

• How tall are you? •
6ft 3 (or 192 cm)

• Where do you live? •
Helsinki, Finland

• What camera gear do you use in this video?•
Canon EOS R (body)
Canon EF 16-35 f4 L IS
Rode Video Mic Pro+

• What program do you edit with? • 
Adobe Premiere Pro CC",UC_LvdhPHtldPWK497H39qxA,Dave Cad,41867.0,1568.0,118.0,"Hobby,Lifestyle_(sociology),Tourism",60.3127525,24.4809016,2021-06-22 13:00:25+00:00,PT12M3S,https://www.youtube.com/watch?v=wK03TFINSZ0,Nuuksio
U83sbT4UPKA,Bear observation cabin + Oulanka National park hike,"Vantaa - Kuusamo 
Finally got this first part of this amazing roadtrip in my home country edited and up. 
If you ever visit Finland or travel to Kuusamo, I highly recommend supporting Karhu Kuusamo / Bear Kuusamo, lovely service and an amazing experience while protecting and preserving nature. 

FIND ME: 
www.instagram.com/camillahaggblom
www.camillahaggblom.fi

camillahaggblom@outlook.com 

MUSIC: www.epidemicsound.com",UC_wCE-Cg93kRDlZlhl4CZDA,Camilla Fjäder,1604.0,29.0,4.0,"Hobby,Lifestyle_(sociology),Tourism",,,2018-08-12 16:49:03+00:00,PT10M12S,https://www.youtube.com/watch?v=U83sbT4UPKA,Oulanka
mueQ3k4BlK0,Hissipyöräilyä ja upea sviitti! - #1 EEPPINEN ROADTRIP 3,"Jakso toteutettu kaupallisessa yhteistyössä Syötteen Matkailuyhdistyksen kanssa.

Uusi upea roadtrip alkaa! Jaksoja tulee kuusi kappaletta ja niitä julkaistaan vuorotellen tällä kanavalla sekä @Vinkare kanavalla. 2. jakso katsottavissa Villen kanavalla ensi perjantaina (23.7.). Soittolista kaikkiin jaksoihin: https://tinyurl.com/EeppinenRoadtrip3

Kohteet joissa käytiin tässä jaksossa!
Syöte
https://syote.fi

Hotelli Iso-Syöte
https://hotelli-isosyote.fi/
https://laplandbikehotel.fi/fi/

Kide hotel
https://hotellikide.fi/ 

Iso-Syöte Bike Park
https://syote.fi/iso-syote/valinevuokraus/
https://syote.fi/iso-syote/bike-park/

Pikku-Syöte
https://pikkusyote.fi 
Hotellimajoitusta, ravintola, leirejä ja aktiviteetteja

Nämä tuotteet videolla on saatu
Aarni aurinkolasit: https://aarniwood.com
Rens Original kengät: https://rensoriginal.com
Touring cars asuntoauton vuokraus: https://www.touringcars.eu/en

Esiintyjät
Eeddspeaks
@Vinkare  https://www.youtube.com/user/GroupBlog
@MattePlayss  https://www.youtube.com/user/MattePlayss

Työryhmä
Kuvaus: Mikael Lilleberg
Leikkaus: Matias Auramo
Käsikirjoitus: Aki Parhamaa
Värimäärittely: Aarni Reiman
Tuottaja: Jesse Braun
Kumppanimyynti: Tiia Hamro-Drotz

http://eeddspeaks.fi
Pelikanavani: http://youtube.com/eeddplays
Striimisivusto: http://twitch.tv/eeddspeaks

Twitter: http://twitter.com/eeddspeaks
Instagram: eeddspeaks
SNAPCHAT: eeddspeaks

#EeppinenRoadtrip3",UC_x_0w8z3tgPSSctfJR0lNQ,eeddspeaks,134304.0,6056.0,550.0,"Hobby,Lifestyle_(sociology)",,,2021-07-16 12:00:20+00:00,PT24M55S,https://www.youtube.com/watch?v=mueQ3k4BlK0,Syöte
XtDkjiUxw5Y,Pyhätunturi maastopyöräily: Peurakero,"Pyhätunturilta löytyy hyviä reittejä maastopyöräilyyn. Tunnetuin ehkä Pyhä-Luosto MTB reitti, jonka olen itsekin ajanut useaan otteeseen. Nyt en halunnut käyttää ihan yhtä montaa tuntia lenkkiin, mutta halusin jotain vähän uutta ja haastavaa. Siispä lähdin kokeilemaan reittiä Karhunjuomalammen kautta Peurakerolle ja sieltä Huttuloman tuvalle. 
Tiedossa oli, että ei se kovin nautinto tulisi olemaan ja eihän se sitä koko matkan ollutkaan. Joka tapauksessa hienoja maisemia, hyviä ajopätkiä myös, mutta myös tunkkaamista ja taluttamista. Jos lähdet tuolle reitille, niin pitää olla jo aivan hyvät ajotaidot, ihan aloittelijan ei kannata lähteä tuota edes yrittämään. On se semmoista rytkytystä paikoitellen :) 
Tietoa Pyhän maastopyöräilyreiteistä:
https://pyha.fi/aktiviteetit/pyoraily
Pyhä-Luosto MTB tapahtuma: https://pyha.fi/tapahtuma/tunturi-mtb
Tämän reitin jälki: https://jalki.fi/routes/3888-peurakero",UCafr-brvPH5blLgxN6YhQkg,Alanko ulkoilee,3632.0,49.0,9.0,"Hobby,Lifestyle_(sociology),Vehicle",67.0138889,27.1494444,2020-08-02 06:00:06+00:00,PT11M26S,https://www.youtube.com/watch?v=XtDkjiUxw5Y,Pyhä-Luosto
SXh7tyjh9uQ,Maastopyöräilyä Hossan kansallispuistossa | Sininen saavutus,"Maastopyöräilyä Hossassa, Sininen saavutus 50km
https://www.luontoon.fi/hossa/pyorailyreitit",UCafr-brvPH5blLgxN6YhQkg,Alanko ulkoilee,5908.0,167.0,20.0,"Hobby,Lifestyle_(sociology)",,,2022-09-18 06:30:04+00:00,PT17M25S,https://www.youtube.com/watch?v=SXh7tyjh9uQ,Hossa
YaTlh-RxiFM,Enduro Series Finland - Iso-Syöte | Elämäni ekat endurokisat,"Elämäni ensimmäinen mtb endurokisa, paikkana Iso-Syöte jossa kisakiertue kävi myös nyt ensimmäistä kertaa. Viime kesän bike park reitteihin oli tehty lisäyksiä ja rakennettu ihan uusia reittejä joita nyt ajettiin. Lauantaina treenit ja sunnuntaina kisa. Itse olen harrastanut tämän tyylistä ajamista vasta niin vähän aikaa, että osa reiteistä meni aivan omien taitojen ja varsinkin uskalluksen ylärajoilla, mutta siinähän sitä oppii ja kun näkee, että muut ajaa niistä paikoista, niin tietää taas paremmin mihin se pyörä pystyy. Tosi hieno, hauska ja hyvä tapahtuma, eiköhän sitä pidä joskus yrittää taas uudestaankin päästä mukaan kisaan!
Pikkukuva (C) Laura Tamila, Instagram: @laramilacreation
Kaikki EK:t putkeen: https://youtu.be/0eE1TgsHvW0
http://mtb-enduro.fi
https://www.facebook.com/EnduroSeriesFinland",UCafr-brvPH5blLgxN6YhQkg,Alanko ulkoilee,4712.0,138.0,9.0,"Hobby,Lifestyle_(sociology),Motorsport,Vehicle",,,2021-06-27 06:00:13+00:00,PT14M31S,https://www.youtube.com/watch?v=YaTlh-RxiFM,Syöte
ANlOTn25uKc,Gravity Cup Syöte 2023 | MTB Rally,"Gravity cup pohjoisen toinen osakilpailu käytiin Syötteellä. Vauhdikkaita ratoja ja mäkien pituus ja vauhti tuntuikin alkuun aikamoiselta Ruskon jälkeen. Hauskaa oli taas.
https://www.mtbrally.com/",UCafr-brvPH5blLgxN6YhQkg,Alanko ulkoilee,1528.0,64.0,10.0,"Lifestyle_(sociology),Vehicle",,,2023-07-10 10:23:31+00:00,PT15M50S,https://www.youtube.com/watch?v=ANlOTn25uKc,Syöte
7tjCIgp83qc,"Syötteen kansallispuisto, talvipyöräilyä | Toraslampi, Ahmatupa, Ylpiätupa","Mahtava talvipäivä Syötteen kansallispuistossa. Luontokeskukselta ensin Toraslammelle sieltä Ahmatuvalla ja sieltä tykkypuumetsän läpi Ylpiätuvalle ja takaisin luontokeskukselle. Tosi hieno reitti ja mahtavat maisemat.
Reittien kunnossapidosta huolehtii Syötteen latupooli ry ja suuri osa rahoituksesta tulee latu- ja reittipassien ostamisesta. Tästä pääsee osallistumaan: https://syote.fi/osta-latu-reittipassi/
Tietoa reiteistä: https://syote.fi/nae-koe/luminen-aika/talvipyoraily/",UCafr-brvPH5blLgxN6YhQkg,Alanko ulkoilee,1487.0,84.0,2.0,"Hobby,Lifestyle_(sociology)",,,2023-02-26 13:08:20+00:00,PT17M10S,https://www.youtube.com/watch?v=7tjCIgp83qc,Syöte
nY-Sk7p-FA0,Isoflow Iso-Syöte,"Iso-Syötteelle avattiin uusi reitti nimeltään Isoflow. Isoflow on Trailit:in rakentama reitti, jossa on paljon isoja muotoja, flowta ja vauhtia. Sitä voivat ajaa kaikki, siinä on isoja hyppyjä, mutta ne voi kiertää kiinnostavia ohitusreittejä käyttäen ja renkaat maassa pitäen.
Tässä avajaispäivän reittiin tutustumista.
Thumbnailkuvan otti @skisoini

#isoflow #isosyötebikepark #maastopyöräily #alamäkipyöräily #hissipyöräily",UCafr-brvPH5blLgxN6YhQkg,Alanko ulkoilee,3433.0,97.0,4.0,"Hobby,Lifestyle_(sociology)",,,2022-07-31 06:30:08+00:00,PT9M9S,https://www.youtube.com/watch?v=nY-Sk7p-FA0,Syöte
O0A3nfuqxVM,MTB Rally | Gravity Cup Syöte Pohjois-Pohjanmaa finaali,MTB Rally Gravity Cupin Pohjois-Pohjanmaan finaalit,UCafr-brvPH5blLgxN6YhQkg,Alanko ulkoilee,1243.0,51.0,12.0,"Hobby,Lifestyle_(sociology),Vehicle",,,2022-09-25 06:30:02+00:00,PT12M7S,https://www.youtube.com/watch?v=O0A3nfuqxVM,Syöte
XRLf_FTZM0M,Maastopyöräreitit Syöte: Syötteen kierros,"Syötteen kierros elokuisena lauantaiaamuna. Keli oli hyvä ja polku loistokunnossa. Oikein mukava reissu. 
Syötteen kierroksen tiedot löytyvät täältä:
https://www.luontoon.fi/syote/pyorailyreitit#syotteenkierros

Käytössä myös uus GoPro Hero8 Black, joten kommentit kuvanlaadusta ja vakaudesta kiinnostaa. Aika lailla perusasetuksilla mentiin vielä, kun eka kertaa kamera käytössä. Tuulisuojana mikkien päälle kuminauhalla kiinnitetty superlonisuikale.",UCafr-brvPH5blLgxN6YhQkg,Alanko ulkoilee,3798.0,50.0,2.0,"Hobby,Lifestyle_(sociology)",,,2020-08-23 10:20:14+00:00,PT9M21S,https://www.youtube.com/watch?v=XRLf_FTZM0M,Syöte
LDLekiXmtcs,Gravity Cup Syöte | Pohjois-Pohjanmaan toinen osakilpailu | MTB Rally,"Kaupallisessa yhteistyössä MTB Rally, osallistumisoikeus saatu.
MTB Rally järjestää tänä kesänä uutta, DH:n ja Enduron välimaastoon sijoittuvaa kisasarjaa ympäri Suomea. Kisassa ajetaan bike parkin omia reittejä ja kaikki nousut tapahtuvat hissillä. Matalalla kynnyksellä kaikki mukaan! Syötteen osakilpailussa kaikki ajoivat samat kolme rataa. 
https://www.mtbrally.com/
Hauskaa rentoa kisailua itseä vastaan.",UCafr-brvPH5blLgxN6YhQkg,Alanko ulkoilee,1648.0,71.0,11.0,"Hobby,Lifestyle_(sociology),Vehicle",,,2022-07-04 10:09:53+00:00,PT11M30S,https://www.youtube.com/watch?v=LDLekiXmtcs,Syöte
NlAxtNUloDs,Kauden 20-21 avaus Pyhätunturilla,"Koronan takia kauden avauskin venyi melkein seuraavan vuoden puolella, mutta välipäivinä sentään pääsi muutaman päivän käymään Pyhällä. Olihan se hauskaa piiiiiitkän tauon jälkeen. Takamaastoihin ei vielä tullut lähdettyä vähäisen lumen takia, mutta pääsipä sentään mäkeen.

Kaipaatko musiikkia videoihin? Itse käydän epidemic sound sivustoa musiikkeihin. Tekemällä tilauksen tämän linkin kautta autat minua saamaan kuukauden ilmaista tilausaikaa: https://www.epidemicsound.com/referral/6a9by6/",UCafr-brvPH5blLgxN6YhQkg,Alanko ulkoilee,1065.0,13.0,4.0,"Hobby,Lifestyle_(sociology)",67.0138889,27.1494444,2021-01-03 08:10:03+00:00,PT2M33S,https://www.youtube.com/watch?v=NlAxtNUloDs,Pyhä-Luosto
W7XvrPB0aMo,Meri-Teijo Bike Park | Pattila Trail Center Turku,"Kesäloman seuraava stoppi Turussa, mistä käytiin serkkupojan kans Meri-Teijossa ja tutustuttiin Turun DIY trail center Pattilaan. Mainioita paikkoja molemmat!
https://meriteijobikepark.com/
https://www.pattilamtb.com/",UCafr-brvPH5blLgxN6YhQkg,Alanko ulkoilee,1976.0,63.0,7.0,Lifestyle_(sociology),,,2023-07-17 04:46:27+00:00,PT17M55S,https://www.youtube.com/watch?v=W7XvrPB0aMo,Teijo
1hYqbSRlr3Q,Nuuksio Bike Park,"Eka kertaa tutustumassa Nuuksio bikeparkkiin. Jarno,  yksi paikan ohjaajista / trail crewsta lähti oppaaksi, niin helpotti reitteihin tutustumista. Jarnolla on myös oma kanava @fracturedrider 
Mukava paikka tämäkin!
https://swinghill.fi/
https://www.youtube.com/@fracturedrider",UCafr-brvPH5blLgxN6YhQkg,Alanko ulkoilee,2960.0,67.0,10.0,Lifestyle_(sociology),,,2023-07-23 09:06:55+00:00,PT20M19S,https://www.youtube.com/watch?v=1hYqbSRlr3Q,Nuuksio
Sqs5jrY_B4M,"Roadtrip | Syöte bike park, Ruka bike park ja Roketrail","Roadtrip Jan-Axelin kanssa. Hauskaa oli vaikka vähän välineet ja miehet oli kovilla...
Syöte, Ruka ja Roke käytiin kiertämässä.
Thumbnail kuvat otti Jan-Axel (@jabbarson)

00:00 Intro
00:30 Jarrut
01:34 Syöte bike park
10:39 Päivä 2
11:31 Ruka bike park
24:48 Päivä 3
25:54 Roke trail",UCafr-brvPH5blLgxN6YhQkg,Alanko ulkoilee,3272.0,98.0,20.0,"Hobby,Lifestyle_(sociology)",,,2022-07-17 06:30:05+00:00,PT30M43S,https://www.youtube.com/watch?v=Sqs5jrY_B4M,Syöte
xdOWg89WbOw,"Rokua maastopyöräreitit, Rokuan ympäri pyöräillen","Rokuan maastopyöräreitin ympäriajaminen. Rokua MTB:n reittiähän ei saa ajaa muulloin kuin kisassa, niin tässä kuvaus Rokuaa ympäri kiertävästä reitistä. Lähdin liikkeelle Opastuskeskus Supasta ja kiersin reitin vastapäivään. Alunperin ajatus oli kiertää se myötäpäivään, mutta lähdin vahingossa vastapäivään ja jälkikäteen ajatellen se oli mielestäni parempi suunta. Loppuun tuli paremmat pätkät polkua. 
Reitti on erittäin helppo ajaa teknisesti, korkeuserot tuovat vähän haastetta reitille.
Rokuan maastopyöräreitit löytyvät täältä:
https://www.rokuageopark.fi/application/files/4915/5783/0683/MTB_kartta.pdf",UCafr-brvPH5blLgxN6YhQkg,Alanko ulkoilee,5898.0,58.0,2.0,"Hobby,Lifestyle_(sociology)",,,2020-07-26 07:00:11+00:00,PT10M2S,https://www.youtube.com/watch?v=xdOWg89WbOw,Rokua
PgevieXKIiI,KALASTETAAN NUUKSION KANSALLISPUISTOSSA,"Kaikki videolla esiintyvät tuotteet täältä:
💥https://ruthlessfishing.fi💥

VAVAT&KELAT
https://ruthlessfishing.fi/product-category/vavat/

VAAPUT
https://ruthlessfishing.fi/product-category/vaaput/

JIGIT
https://ruthlessfishing.fi/product-category/orka/

SIIMAT
https://ruthlessfishing.fi/product-category/siimat/

JIGIPÄÄT
https://ruthlessfishing.fi/product-category/jigipaat/",UCbl3DTHgsYFg2kP3djAn25g,Ruthless Fishing TV,6628.0,122.0,55.0,"Hobby,Lifestyle_(sociology),Pet",,,2019-10-18 15:45:06+00:00,PT11M17S,https://www.youtube.com/watch?v=PgevieXKIiI,Nuuksio
H8gpx6rOdSk,PILKITÄÄN 3 SENTIN JÄÄLLÄ | VAROKAA HEIKKOJA JÄITÄ | NUUKSION LAMPI,"Ensi jäiden testaus pääkaupunkiseudulla. Jäätä  löytyi noin 3-4cm pieneltä metsäjärveltä. Heikoilla jäillä pitää ehdottomasti olla asiaan kuuluvat varusteet päällä, eli pelastuspuku ja naskalit kaulaan👍

VAROKAA HEIKKOJA JÄITÄ",UCbl3DTHgsYFg2kP3djAn25g,Ruthless Fishing TV,7801.0,96.0,19.0,"Hobby,Lifestyle_(sociology)",,,2019-12-02 18:11:42+00:00,PT10M37S,https://www.youtube.com/watch?v=H8gpx6rOdSk,Nuuksio
dHYfGVh4VuE,Hiking in Finland’s Nuuksio forest - Assamese vlog from Finland,"Hiking in Finland’s Nuuksio forest - Assamese vlog from Finland

Upasharga movie trailer: https://youtu.be/AU2kVlKj6GU

Bidyut's channel: https://www.youtube.com/channel/UCmv1H5G8m0MMug15Kd7m5Dg/videos",UCbtDyD71xlUgGciUxpsLjXQ,Eetu Xitu - Ashmita & Rituraj,4223.0,289.0,29.0,"Hobby,Lifestyle_(sociology),Tourism",,,2022-07-27 05:00:12+00:00,PT13M10S,https://www.youtube.com/watch?v=dHYfGVh4VuE,Nuuksio
0g3o1QpTi-Y,I GOT LOST + DRONE CRASH | Finland Travel Vlog 02,"Somehow the nicest things happen when shit doesn't go to plan. In this episode I got lost in Nuuksio National Park, met one of the kindest Finnish family that fed me lunch and crashed my damn drone.

Finland Visuals - https://www.youtube.com/watch?v=vp7GExtf2Fc
Finland Vlog 01 - https://www.youtube.com/watch?v=Yhhq0BqfRrE&t=86s

Stay tuned for the upcoming vlogs!

BOOK WITH KLOOK:
4G WiFi (SG Pick Up) for Europe - https://goo.gl/1pXRL7

SPECIAL THANKS to:
- Klook
For providing reliable wifi (google maps is my life) and the various activities stated above. Its an easy 1-stop platform to book all of your travel activities and its awesome: https://www.klook.com

- Sony Singapore
for loaning me the a7riii and the various lenses. It truly is a joy to shoot with it, and had no problems operating under subzero temperatures.

PLACES VISITED AND WHAT I DID:
- Nuuksio National Park
- Porvoo
- Tallinn, Estonia

FOLLOW ME ON
instagram - https://instagram.com/shawnekoh/
facebook - http://www.facebook.com/Shawneydepp
twitter - https://twitter.com/shawnekoh

SHOT ON
Sony a7riii
Sony 16-35mm f2.8 GM
Sony 24-105 f4
Sony 70-200mm f4 OSS
DJI Mavic Air
Devin Graham Signature Glidecam
GoPro Hero 6

EDITED ON
Adobe Premiere Pro and After Effects

For any music or video making related opportunities, contact me at shawnekoh@gmail.com",UCc9VMalVUyXKHpGqKXIu3OA,shawneydepp,11903.0,265.0,41.0,"Lifestyle_(sociology),Tourism",,,2018-04-05 10:00:01+00:00,PT8M33S,https://www.youtube.com/watch?v=0g3o1QpTi-Y,Nuuksio
ub3Dh5uCuRs,Hammaskuru HDR HLG,"Urho Kekkosen kansallispuiston autio- ja varaustupa. / Urho Kekkonen National Park's Open Wilderness Hut and Reservable Wilderness Hut. HDR HLG

Suomen- ja englanninkieliset tekstitykset saatavilla.
English subtitles available.",UCcIruWpSNdK2tkoOncOrJGg,Jouni Ohtamaa,4840.0,49.0,3.0,"Hobby,Lifestyle_(sociology),Tourism",,,2018-02-02 05:00:04+00:00,PT4M55S,https://www.youtube.com/watch?v=ub3Dh5uCuRs,Urho Kekkonen
BSNcUDtou88,Aurora HDR HLG,"Urho Kekkosen kansallispuiston päivätupa. / Urho Kekkonen National Park's Day Trip Hut.

Suomen- ja englanninkieliset tekstitykset saatavilla.
English subtitles available.",UCcIruWpSNdK2tkoOncOrJGg,Jouni Ohtamaa,11562.0,76.0,2.0,"Hobby,Lifestyle_(sociology),Tourism",,,2018-03-09 05:00:00+00:00,PT4M9S,https://www.youtube.com/watch?v=BSNcUDtou88,Urho Kekkonen
T6KSaKibJ60,Luirojärvi HDR HLG,"Urho Kekkosen kansallispuiston autio- ja varaustupa. / Urho Kekkonen National Park's Open Wilderness Hut and Reservable Wilderness Hut. HDR HLG

Suomen- ja englanninkieliset tekstitykset saatavilla.
English subtitles available.",UCcIruWpSNdK2tkoOncOrJGg,Jouni Ohtamaa,7480.0,58.0,3.0,"Hobby,Lifestyle_(sociology),Tourism",,,2018-02-09 05:00:04+00:00,PT5M52S,https://www.youtube.com/watch?v=T6KSaKibJ60,Urho Kekkonen
fs3zUhKI3-k,Rautulammen tuvat HDR HLG,"Dokumentti Rautulammen tupien taustoista ja syntymästä.

Rautulampi, Autiotupa, Varaustupa, Päivätupa, Urho Kekkosen kansallispuisto, Inari, Koilliskaira, Pirjo Seurujärvi, Manu Humppi",UCcIruWpSNdK2tkoOncOrJGg,Jouni Ohtamaa,5700.0,122.0,6.0,Lifestyle_(sociology),,,2022-04-02 06:19:15+00:00,PT25M59S,https://www.youtube.com/watch?v=fs3zUhKI3-k,Urho Kekkonen
MaMs9AYP-B4,Lemmenjoki HDR HLG,"Lemmenjoen järvi- ja jokimaisemia, näkymiä Joenkielinen, Morgam Vibus ja Morgam Maras tuntureilta sekä könkään kuohuja.

Härkäjärvi, Härkäkoski, Ravadasjärvi, Ravadasköngäs, Morgamniva, Kultasatama, Ahkuntupa",UCcIruWpSNdK2tkoOncOrJGg,Jouni Ohtamaa,14316.0,196.0,18.0,"Hobby,Lifestyle_(sociology),Tourism",,,2021-11-11 06:36:54+00:00,PT46M22S,https://www.youtube.com/watch?v=MaMs9AYP-B4,Lemmenjoki
nkhJ6X_JJDE,"Linnansaaren kansallispuisto, Haukivesi HDR HLG","Dokumentti Linnansaaren kansallispuistosta kertoo alueen historiasta ja maisemasta, sekä muunmuassa näyttää retkisatamat.
00:00:48 Oravi
00:02:58 Pöllänsaari telttailupaikka
00:06:59 Hietasaari telttailupaikka
00:08:23 Seurasaari telttailupaikka
00:10:11 Iso-Tuunas telttailupaikka
00:12:33 Louhisaaret telttailupaikka
00:21:14 Petäikköluoto telttailupaikka
00:26:47 Mäntyluoto telttailupaikka
00:41:56 Linnansaaren leirintäalue
00:44:44 Pieni-Lappi telttailupaikka
00:47:16 Perpulanluhta telttailupaikka
00:58:54 Kirvessaari telttailupaikka
01:00:55 Hirvisaari telttailupaikka
01:06:51 Huuhinsaari telttailupaikka
01:09:28 Myhkyrä telttailupaikka
01:13:07 Paavalinsaari telttailupaikka
01:13:52 Taivalsaari telttailupaikka
01:14:30 Harronsaari telttailupaikka
01:15:18 Vuorikiukas telttailupaikka",UCcIruWpSNdK2tkoOncOrJGg,Jouni Ohtamaa,4349.0,95.0,18.0,"Hobby,Lifestyle_(sociology),Tourism",,,2023-04-15 12:22:32+00:00,PT1H32M18S,https://www.youtube.com/watch?v=nkhJ6X_JJDE,Linnansaari
4lY2FcaBUew,Vanha Suomunruoktu HDR HLG,"Urho Kekkosen kansallispuiston vanha kämppä. / Urho Kekkonen National Park's Old Hut. HDR HLG

Suomen- ja englanninkieliset tekstitykset saatavilla.
English subtitles available.",UCcIruWpSNdK2tkoOncOrJGg,Jouni Ohtamaa,7437.0,75.0,1.0,"Hobby,Lifestyle_(sociology)",,,2018-02-23 05:00:01+00:00,PT4M34S,https://www.youtube.com/watch?v=4lY2FcaBUew,Urho Kekkonen
shb2yP05GfE,Riisitunturin kansallispuisto HDR HLG,"Video esittelee Riisitunturin kansallispuistoa, sen luontoa ja maisemia.

Riisin rääpäsy,Posio,Uusilampi,Soilu",UCcIruWpSNdK2tkoOncOrJGg,Jouni Ohtamaa,8530.0,169.0,9.0,"Hobby,Lifestyle_(sociology),Tourism",,,2020-08-23 15:11:04+00:00,PT7M55S,https://www.youtube.com/watch?v=shb2yP05GfE,Riisitunturi
ggUDZNOeamg,Niilanpää HDR HLG,"Urho Kekkosen kansallispuiston päivätupa. / Urho Kekkonen National Park's Day Trip Hut.

Suomen- ja englanninkieliset tekstitykset saatavilla.
English subtitles available.",UCcIruWpSNdK2tkoOncOrJGg,Jouni Ohtamaa,5854.0,51.0,6.0,"Hobby,Lifestyle_(sociology),Tourism",,,2018-03-02 05:00:01+00:00,PT4M23S,https://www.youtube.com/watch?v=ggUDZNOeamg,Urho Kekkonen
CevZTvFBQXg,Tiilikkajärven kansallispuisto HDR HLG,"Dokumentti kertoo Pohjois-Savossa ja Kainuussa sijaitsevasta Tiilikkajärven kansallispuiston luonnosta ja kulttuurihistoriasta.

Sammakkotammi,Pohjoisniemi,Kalmoniemi,Uiton kämppä,Kosevan autiotupa,Venäjänhiekka,Koirakivi,Täyssinän rauhan rajakivi,Stolbovan rauha,autiojärvi,Tiilikanautio,raudan valmistaminen,hautaaminen,Pumpulikirkko",UCcIruWpSNdK2tkoOncOrJGg,Jouni Ohtamaa,7020.0,148.0,22.0,"Hobby,Lifestyle_(sociology)",63.6614721,28.2993964,2021-03-23 17:51:51+00:00,PT49M58S,https://www.youtube.com/watch?v=CevZTvFBQXg,Tiilikkajärvi
gX3Rs3AnOKc,Kolin vaaroja 4K HDR10,"Kolin vaaroja esittelee Kolin kesäisiä maisemia ja on tarkoitettu HDR laitteita varten. Tätä video ei kannata katsoa tavallisella televisiolla, sillä silloin värit ja kontrasti eivät toistu oikein.

Videon katselemiseksi tarvitset HDR yhteensopivan television tai monitorin kuten Vizio, Sony, Samsung, Panasonic, Philips, LG, TCL tai Hisense. Osa vuoden 2016 ja varsinkin 2017 Ultra HD (4K) mallit tukevat HDR10 standardia.

Mikäli video ei toistu HDR:nä television omalla YouTube sovelluksella, se voi olla katsottavissa Chromecast Ultra laitteen avulla.

HDR videon toiston alussa ruudun oikeaan yläkulmaan tulee hetkeksi näkyviin HDR-logo.

Video näkyy kyllä kaikissa laitteissa, mutta värit ja kontrasti ovat HDR:ä tukemattomissa laitteissa huomattavasti vaatimattomampia ja vääristyneitä.

HDR tarkoittaa korkeampaa dynamiikkaa ja dynaamisuus koskettaa varsinkin värikkyyttä ja kontrastia.",UCcIruWpSNdK2tkoOncOrJGg,Jouni Ohtamaa,1983.0,31.0,1.0,"Lifestyle_(sociology),Technology,Tourism",,,2018-01-12 15:27:23+00:00,PT5M46S,https://www.youtube.com/watch?v=gX3Rs3AnOKc,Koli
JI6N7J3XJyY,Koloveden kansallispuisto HDR HLG,"Dokumenttielokuva Koloveden kansallispuiston luonnosta ja historiasta.

Kirkkoranta,Vaajasalo,Mäntysalo,telttailupaikka,melonta,norppa,Syväniemi,Pitkäsaari,Pieni Kolovesi,Koukunpolvi,Vierunvuori,Havukkalahdenvuori,kalliomaalaus,vetokanta,vene,Ukonvuori,tervahauta,muinaisjäännös,Kolovesi",UCcIruWpSNdK2tkoOncOrJGg,Jouni Ohtamaa,5326.0,91.0,13.0,"Hobby,Lifestyle_(sociology)",,,2021-09-30 05:05:55+00:00,PT1H1M44S,https://www.youtube.com/watch?v=JI6N7J3XJyY,Kolovesi
SEKCjli3XZs,Hammaskota HDR HLG,"Urho Kekkosen kansallispuiston avoin kota. / Urho Kekkonen National Park's Open Hut. HDR HLG

Suomen- ja englanninkieliset tekstitykset saatavilla.
English subtitles available.",UCcIruWpSNdK2tkoOncOrJGg,Jouni Ohtamaa,11064.0,81.0,7.0,"Hobby,Lifestyle_(sociology),Tourism",,,2018-01-26 05:00:02+00:00,PT4M48S,https://www.youtube.com/watch?v=SEKCjli3XZs,Urho Kekkonen
zv4tMBCTH_8,Tikkasen Vieriharju HDR HLG,"Urho Kekkosen kansallispuiston vuokratupa. / Urho Kekkonen National Park's rental hut.

Suomen- ja englanninkieliset tekstitykset saatavilla.
English subtitles available.",UCcIruWpSNdK2tkoOncOrJGg,Jouni Ohtamaa,4174.0,31.0,4.0,"Lifestyle_(sociology),Tourism",,,2018-03-16 05:00:04+00:00,PT3M18S,https://www.youtube.com/watch?v=zv4tMBCTH_8,Urho Kekkonen
Kt8KDsy-eI0,Tammakkolampi HDR HLG,"Urho Kekkosen kansallispuiston varauskammi. / Urho Kekkonen National Park's Reservable Hut. HDR HLG

Suomen- ja englanninkieliset tekstitykset saatavilla.
English subtitles available.",UCcIruWpSNdK2tkoOncOrJGg,Jouni Ohtamaa,8665.0,74.0,5.0,"Hobby,Lifestyle_(sociology),Tourism",,,2018-02-16 05:00:00+00:00,PT3M59S,https://www.youtube.com/watch?v=Kt8KDsy-eI0,Urho Kekkonen
bQF7sDwS-MM,Sudenpesä,"Urho Kekkosen kansallispuiston varauskammi. / Urho Kekkonen National Park's Reservable Turf Hut.

Suomen- ja englanninkieliset tekstitykset saatavilla.
English subtitles available.",UCcIruWpSNdK2tkoOncOrJGg,Jouni Ohtamaa,6312.0,53.0,0.0,"Hobby,Lifestyle_(sociology),Tourism",,,2018-01-12 05:00:01+00:00,PT4M57S,https://www.youtube.com/watch?v=bQF7sDwS-MM,Urho Kekkonen
DEIWuZozVbU,Vongoivan kammi HDR HLG,"Urho Kekkosen kansallispuiston varauskammi. / Urho Kekkonen National Park's Reservable Turf Hut. HDR HLG

Suomen- ja englanninkieliset tekstitykset saatavilla.
English subtitles available.",UCcIruWpSNdK2tkoOncOrJGg,Jouni Ohtamaa,14989.0,105.0,5.0,"Hobby,Lifestyle_(sociology),Tourism",,,2018-01-19 05:00:00+00:00,PT8M4S,https://www.youtube.com/watch?v=DEIWuZozVbU,Urho Kekkonen
F3aMx98XdaQ,Sarvioja,"Urho Kekkosen kansallispuiston autio- ja varaustupa. / Urho Kekkonen National Park's Open Wilderness Hut and Reservable Wilderness Hut.

Suomen- ja englanninkieliset tekstitykset saatavilla.
English subtitles available.",UCcIruWpSNdK2tkoOncOrJGg,Jouni Ohtamaa,3277.0,46.0,4.0,"Hobby,Lifestyle_(sociology),Tourism",,,2018-01-05 05:00:01+00:00,PT4M56S,https://www.youtube.com/watch?v=F3aMx98XdaQ,Urho Kekkonen
rKHvoSXjwDo,Lemmenjoen viimeiset kullan konekaivajat HDR HLG,"Dokumenttielokuva esittelee Lemmenjoen luontoa ja ammattimaista kullankaivua.
Kulttuurihistoriallinen taltiointi kertoo hiipuvasta kullankaivajayhteisöstä.

Njurgalahti,Kaapin Jouni,Joenkielinen,Härkäkoski,Ravadasjärvi,Ravadasköngäs,Kultasatama,Morgam Viibus,Morgammaras,Morgamoja,Petronellan kukkulat,Pellisenlaki,Martin Iiskon palo,Puskuäytsi,Miessijoki,Kaarreoja,Korhosenoja,Jäkäläpää,Mattit Ravadas,Merenluoto,Sarre,Korhonen,Kanamäki,Postila,Leino,Itkonen,Rantanen,Jäkälä-äytsi,kullankaivuu,kullankaivaminen,kullankaivajat,kullanhuuhdonta,kullanhuuhtominen",UCcIruWpSNdK2tkoOncOrJGg,Jouni Ohtamaa,211753.0,1318.0,92.0,Television_program,,,2020-07-07 04:18:22+00:00,PT2H5M37S,https://www.youtube.com/watch?v=rKHvoSXjwDo,Lemmenjoki
tbnwZPrZ9Ig,Exploring for Amethyst Crystals! - Lampivaara Amethyst mine,"I am Exploring for amethyst crystals in Lampivaara Amethyst Mine located in Pyhä-Luosto Lapland, Finland. These amethyst crystals was formed about 2 000 million years ago in the bowels of the ancient mountains.

Support us with a monthly donation by becoming a channel member:
https://www.youtube.com/channel/UCcyHtGp2MkUK7C4c-r3VbMg/join

Buy the Gear we use:
(US) https://www.amazon.com/shop/truevikings 
(UK) https://www.amazon.co.uk/shop/truevikings
(EU) https://www.amazon.de/shop/truevikings

Have you ever wondered how we know so much about history? One reason is that we listen to audiobooks on Amazon Audible. Sign up here for 30-day trial and one free audiobook!
(US) https://amzn.to/3xu6aNN 
(UK) https://amzn.to/3tXoFYF
(DE) https://amzn.to/2QsFY5L

✔ Merch store ► https://shop.spreadshirt.fi/truevikings/
✔ Facebook ► https://www.facebook.com/TheTrueVikings/
✔ Instagram ►https://www.instagram.com/true_vikings/
✔ TikTok ► https://www.tiktok.com/@true_vikings?/
✔ Twitter ► https://twitter.com/True_Vikings

DISCLAIMER: Some of these links have an affiliate code, if you do a purchase through one of these links we will receive a small commission at no additional cost to you. Thank you.

Feel free to contact us anytime! We are open to discuss collaborations, sponsorships, product reviews and more!

thetruevikings@gmail.com",UCcyHtGp2MkUK7C4c-r3VbMg,True Vikings,1560.0,66.0,4.0,"Hobby,Lifestyle_(sociology),Tourism",,,2023-09-17 15:00:47+00:00,PT4M21S,https://www.youtube.com/watch?v=tbnwZPrZ9Ig,Pyhä-Luosto
s90v9D2NuRw,EVERY PIKE COUNTS 2023 with Happy Angler | Episode 4 [ENG SUB],"Tammisaaren kisapäivä lyödään pakettiin! Kuka nappaa isoimman pistepotin? Ketkä lähtevät parhaista asetelmista viimeiseen päivään?

Every Pike Counts palaa kolmantena tuotantokautena uudenlaisen haasteen parissa! Kuusi joukkuetta kisaavat keskenään yhteisestä BIG5 kortista. Niin monta oman tiimin haukea kun mahtuu koko päivän BIG5 korttiin, niin monta pistettä tiimi nappaa! Lisäksi päivän eniten haukia nostaneelle joukkueelle yksi piste.

Ensimmäinen kisapäivä on 'Meri X' eli joukkueet lähtevät mistä päin Suomea tahansa, merelle kalaan. Toisena päivänä Tammisaari, ja finaalipäivä Bromarv!
Every Pike Counts tulee kuuden jakson mittaisena ohjelmana, joka torstai kello 18:00!

Hyödynnä sarjan ajan koodi URPOERAMIES15
Revolutionracen verkkokaupassa!
revolutionrace.fi

TEAMS:
Abu Garcia | Antti Heinonen & Jani Karonen
Daiwa | Ville-Matti Blomqvist & Matias Aho
Gator | Mika Mujunen & Alexander Lexen
Rapala | Ville Lohi & Aapo Kettunen
Svartzonker/Garmin | Jani Haavisto & Tomi Tikkanen
Scandinavian Tackle | Aku Häyrynen & Veikka Kauhanen

PRODUCER:
Urpoerämies Productions Oy

FILMING:
Mitri Häkkinen (Siloneula Productions)
Sami Takarautio (IG samimatias)
Olavi Kujanen 
Mikko Palonkorpi
Otto Cichoracki (Kalastajanmaailma)
Tomi Hänninen (Chilipictures)
Jani Laitinen
Teo Rohkimainen

EDITING:
Jani Laitinen

GRAPHICS/ANIMATION:
Oskari Reinman (Vapaalla Jalalla)

NARRATION:
EFvoice

MUSIC:
www.epidemicsound.com

SPONSORS:
- Happy Angler -
https://happyangler.fi/
- RevolutionRace - 
https://www.revolutionrace.fi/
- Mercury -
https://www.mercurymarine.com/fi/fi/
- BKK -
https://bkkhooks.com/
- Kuivalihakundi -
https://kuivalihakundi.com/
- Nocco -
https://nocco.com/fi/

Majoitukset:
Bromarv Gård",UCdMb6gGxs7jegl2NRJCAU7w,Urpoerämies,18133.0,200.0,12.0,"Hobby,Lifestyle_(sociology),Pet",,,2023-04-20 15:00:39+00:00,PT42M44S,https://www.youtube.com/watch?v=s90v9D2NuRw,Ekenäs Archipelago
axVZ8zu3bzI,EVERY PIKE COUNTS 2023 with Happy Angler | Episode 3 [ENG SUB],"Legendaarinen Tammisaari kohteena! Keli on hyvä ja ilmassa tuoksuu suurhauki! 

Every Pike Counts palaa kolmantena tuotantokautena uudenlaisen haasteen parissa! Kuusi joukkuetta kisaavat keskenään yhteisestä BIG5 kortista. Niin monta oman tiimin haukea kun mahtuu koko päivän BIG5 korttiin, niin monta pistettä tiimi nappaa! Lisäksi päivän eniten haukia nostaneelle joukkueelle yksi piste.

Ensimmäinen kisapäivä on 'Meri X' eli joukkueet lähtevät mistä päin Suomea tahansa, merelle kalaan. Toisena päivänä Tammisaari, ja finaalipäivä Bromarv!
Every Pike Counts tulee kuuden jakson mittaisena ohjelmana, joka torstai kello 18:00!

Hyödynnä sarjan ajan koodi URPOERAMIES15
Revolutionracen verkkokaupassa!
revolutionrace.fi

TEAMS:
Abu Garcia | Antti Heinonen & Jani Karonen
Daiwa | Ville-Matti Blomqvist & Matias Aho
Gator | Mika Mujunen & Alexander Lexen
Rapala | Ville Lohi & Aapo Kettunen
Svartzonker/Garmin | Jani Haavisto & Tomi Tikkanen
Scandinavian Tackle | Aku Häyrynen & Veikka Kauhanen

PRODUCER:
Urpoerämies Productions Oy

FILMING:
Mitri Häkkinen (Siloneula Productions)
Sami Takarautio (IG samimatias)
Olavi Kujanen 
Mikko Palonkorpi
Otto Cichoracki (Kalastajanmaailma)
Tomi Hänninen (Chilipictures)
Jani Laitinen
Teo Rohkimainen

EDITING:
Jani Laitinen

GRAPHICS/ANIMATION:
Oskari Reinman (Vapaalla Jalalla)

NARRATION:
EFvoice

MUSIC:
www.epidemicsound.com

SPONSORS:
- Happy Angler -
https://happyangler.fi/
- RevolutionRace - 
https://www.revolutionrace.fi/
- Mercury -
https://www.mercurymarine.com/fi/fi/
- BKK -
https://bkkhooks.com/
- Kuivalihakundi -
https://kuivalihakundi.com/
- Nocco -
https://nocco.com/fi/

Majoitukset:
Bromarv Gård",UCdMb6gGxs7jegl2NRJCAU7w,Urpoerämies,24695.0,259.0,32.0,"Hobby,Lifestyle_(sociology),Pet",,,2023-04-13 15:00:02+00:00,PT52M21S,https://www.youtube.com/watch?v=axVZ8zu3bzI,Ekenäs Archipelago
DLnvQxAzK78,Rallu & Sanna RUSKA 2020 Jakso 10 4K,"Rallu & Sanna RUSKA 2020 Jakso 10 4K on sarjan päätösjakso. Jaksossa matkaamme Neiturinkanavalta Etelä-Konneveden kansallispuistoon, jossa kiipeämme Kalajavuorelle.",UCdcxP2kYcdTNKfsW9xxmevw,JustDoMedia,3046.0,78.0,20.0,"Hobby,Lifestyle_(sociology),Tourism",,,2020-12-11 15:17:20+00:00,PT23M47S,https://www.youtube.com/watch?v=DLnvQxAzK78,Southern Konnevesi
k3azJ-Dao24,Road Trip Suomi 2018 Jakso 7 Helvetinjärven Kansallispuisto,"Road Trip Suomi 2018 Jakso 7 Helvetinjärven Kansallispuisto. Jaksossa tutustumme Helvetinjärven kansallispuistoon, sekä kuvasimme tanssivideon.",UCdcxP2kYcdTNKfsW9xxmevw,JustDoMedia,3728.0,33.0,0.0,"Lifestyle_(sociology),Tourism",,,2018-09-13 19:23:50+00:00,PT13M59S,https://www.youtube.com/watch?v=k3azJ-Dao24,Helvetinjärvi
eyJw71u7kHA,Swedish in Finland,Dave Cad takes a little drive to Tammisaari and discovers the many links that Finland has with Sweden.,UCdeZ_RTGm59oLHZVnHYHVSg,thisisFINLANDtube,30959.0,508.0,271.0,"Lifestyle_(sociology),Tourism",,,2018-03-21 15:37:13+00:00,PT4M27S,https://www.youtube.com/watch?v=eyJw71u7kHA,Ekenäs Archipelago
Wm7REA747Vo,SIIKAPILKILLÄ LAPISSA – Pilkkipäivä tunturilaaksossa,"Ensimmäistä kertaa siikaa pilkkimässä Pallas-Yllästunturin kansallispuistossa Lapissa. Varasin viikon lumilomasta yhden päivän pilkkimiselle ja suuntasin morria nypyttämään kirkasvetiselle tunturien lomaan jäävälle järvelle, josta toivoin saavani elämäni ensimmäisen pilkkisiian. Kiitos myös mukaan liittyneelle lapsikatraalle hauskasta pilkkiseurasta ja hyvistä kysymyksistä! :D (Lasten esiintymiseen videolla on kysytty lupa.) Reissu ei ole tältä talvelta vaan kyseessä on ""pöytälaatikkoon"" jäänyt video, jonka nyt ehdin editoimaan julkaistavaksi. 

▶ VERKKOKAUPPA & TUKEMINEN: https://www.vapaallajalalla.fi/kauppa
Jos haluat olla mahdollistamassa Vapaalla jalalla -videoita, käväise Vapaalla jalalla -verkkokaupassa (paitoja, lippiksiä, retkimukeja, avaimenperiä yms.). Tuotto käytetään Vapaalla jalalla -sisällöntuottoon. Kiitos!

Jos viihdyit videon parissa, laitathan kanavan tilaukseen ja ota muutkin somet haltuun:
▶ Blogi: https://www.vapaallajalalla.fi
▶ Kauppa: https://www.vapaallajalalla.fi/kauppa
▶ Instagram: https://www.instagram.com/vapaallajalalla
▶ Facebook: https://www.facebook.com/vapaallajalalla

#pilkillä #pilkkiminen #lappi",UCdferMLksUToN7yDXkVpwaA,Vapaalla jalalla,10163.0,276.0,49.0,"Hobby,Lifestyle_(sociology),Pet",,,2023-12-03 18:00:17+00:00,PT13M51S,https://www.youtube.com/watch?v=Wm7REA747Vo,Pallas-Yllästunturi
qO21vDO9Bps,HIIHTOVAELLUS UKK – Tammukkapilkkiä & talvimaisemia [ENG SUB],"Maaliskuinen talvivaellus Urho Kekkosen kansallispuistossa, Koillis-Lapissa. Vaiherikas reissu tammukanpilkinnästä yölliseen otsalamppuhiihtoon! Lue reissusta blogista: https://www.vapaallajalalla.fi/hiihtovaellus-urho-kekkosen-kansallispuistossa/

Reitti ja yöpaikat:
– Lähtöpiste: Kiilopää (tunturikeskus)
– Tammakkolammen varauskammi
– Tuiskukurun autiotupa
– Lankojärven autiotupa
– Kiilopää

Tammakkolammen (Kopsuslampi), jolla pilkimme toisena aamuna, taimenkanta on luokiteltu tammukaksi. Lammen tammukoilla ei ole alamittaa (ylämitta 45cm), varmistimme asian Metsähallituksen vastaavalta ennen vaellusta, että menee varmasti oikein.

Kiitos Juholle ja Karrille reissuseurasta ja videointiavusta!

Jos viihdyit videon parissa, pistä kanava tilaukseen ja ota muutkin somet haltuun. Lisää vaellusvideoita on tulossa!
▶ Blogi: http://www.vapaallajalalla.fi
▶ FB: http://www.facebook.com/vapaallajalalla
▶ IG: @vapaallajalalla

#vaellus #lappi #hiihtovaellus",UCdferMLksUToN7yDXkVpwaA,Vapaalla jalalla,17959.0,236.0,57.0,"Hobby,Lifestyle_(sociology),Tourism",,,2019-04-10 16:34:04+00:00,PT21M41S,https://www.youtube.com/watch?v=qO21vDO9Bps,Urho Kekkonen
eBMfkXkxffg,Pilkillä Hossassa & riippumattokauden avaus [ENG SUB],"Parin yön pilkkivaellus huhti-toukokuun vaihteessa kevään viimeisille jäille Hossan kansallispuistoon. Käväistiin myös lumikengillä Julma-Ölkyn riippusillalla. Lue retkestä blogista: http://www.vapaallajalalla.fi/pilkkivaellus-riippumatoilla-hossan-kansallispuistossa/

Jos maistui, laita kanava tilaukseen ja ota muutkin somet haltuun:
▶ IG: @vapaallajalalla
▶ FB: http://www.facebook.com/vapaallajalalla

* * *

Eagle Nest Outfittersin tuotteet Partioaitassa: 
▶ https://www.partioaitta.fi/tuotemerkit/eagle-nest-outfitters/
▶ Fuse: https://www.partioaitta.fi/shop/eagle-nest-outfitters-fuse-1005622-slate/
▶ Sub6 hammock: https://www.partioaitta.fi/shop/eagle-nest-outfitters-sub6-hammock-1005617-charcoal/

* * *

Enjoying the last days of winter in Hossa National Park, Finland. Hiking and ice fishing rainbow trouts and testing the new ENO hammocks and Fuse Tandem Hammock System. English subtitles available. Don't forget to hit the subscribe button! Thanks!",UCdferMLksUToN7yDXkVpwaA,Vapaalla jalalla,19267.0,196.0,30.0,"Hobby,Lifestyle_(sociology),Tourism",,,2018-05-10 16:57:12+00:00,PT11M49S,https://www.youtube.com/watch?v=eBMfkXkxffg,Hossa
gSUAkp5VC9U,ONNISTUMISIA HOSSAN KOSKILLA – Perhokalastusreissu Suomussalmella,"""Koskikierros Hossanjoella ja Piispajoella – Perhokalastusta & painavia tärppejä"". Tehtiin viime loppukaudesta koskikierros Artun (@erankavijan_elamaa) kanssa taimenen ja harjuksen perään Hossaan ja Suomussalmelle. Nopeatempoisella koskihyppelyllä käväistiin kalassa Hossanjoen Niskakoskella (0:32), Leveänkoskella (8:25), Kuikankoskella (15:40) ja hieman etelämpänä Piispajoella (21:23). Odotukset olivat maltilliset, kun sen verran lyhyesti ehdittiin koluta kutakin koskea, mutta kyllähän sieltä sitten pari mukavaa tärppiä osui kohdalle! | Tutustu Suomussalmen kalakohteisiin: https://visitsuomussalmi.fi/kalastus

KAUPALLINEN YHTEISTYÖ: Visit Suomussalmi
(Elinvoimaa matkailusta – Kuhmo Suomussalmi -hanke)
Suomussalmelta löytyy paljon helposti saavutettavia mutta silti sopivan erämaisen tuntuisia koskia ja kalapaikkoja. Näihin voi tutustua tarkemmin:
▶ https://visitsuomussalmi.fi/kalastus


* * *

▶ VERKKOKAUPPA & TUKEMINEN: https://www.vapaallajalalla.fi/kauppa
Jos haluat olla mahdollistamassa Vapaalla jalalla -videoita, käväise Vapaalla jalalla -verkkokaupassa (paitoja, lippiksiä, retkimukeja, avaimenperiä yms.). Tuotto käytetään Vapaalla jalalla -sisällöntuottoon. Kiitos!

Jos viihdyit videon parissa, laitathan kanavan tilaukseen ja ota muutkin somet haltuun.
▶ Blogi: https://www.vapaallajalalla.fi
▶ Kauppa: https://www.vapaallajalalla.fi/kauppa
▶ Instagram: https://www.instagram.com/vapaallajalalla
▶ Facebook: https://www.facebook.com/vapaallajalalla

Sisältö:
0:00 Intro
0:32 Niskakoski, Hossanjoki
8:25 Leveänkoski, Hossanjoki
15:40 Kuikankoski, Hossanjoki
21:23 Kantokoski, Piispajoki

* * *

Flyfishing trip in Hossa and Suomussalmi (brown trout and grayling fishing).
#kalastus #perhokalastus",UCdferMLksUToN7yDXkVpwaA,Vapaalla jalalla,27129.0,401.0,49.0,"Hobby,Lifestyle_(sociology),Pet",,,2023-05-21 16:00:33+00:00,PT31M48S,https://www.youtube.com/watch?v=gSUAkp5VC9U,Hossa
Ad1vQMrNvUg,"""UKEMILLA ALAS"" – Hiihtovaelluksen riemut | 🎅 Joulukalenteri #16","🎅 JOULUKALENTERI LUUKKU 16. ""Ei mennyt ihan niin kuin piti."" Talvivaelluksen riemuja Urho Kekkosen kansallipuistossa. Karri - puuterilumien kruunaamaton kuningas - tarjoili vaelluksen viihdyttävintä antia. Ukot päätti purkaa ylimääräistä energiaa vapaalaskun muodossa ja tietäähän sen miten siinä käy.

* * *

🎅 Uusi joulukalenterin luukku eli video avautuu joka ilta klo 20 sekä tubessa että Facebookissa. Osa klipeistä on sellaisia, joita en ole koskaan julkaissut ja osa tutumpia poimintoja, jotka muuten vain ansaitsevat oman kalenteriluukkunsa.

* * *

Jos viihdyit videon parissa, laitathan kanavan tilaukseen ja ota muutkin somet haltuun.
▶ Blogi: http://www.vapaallajalalla.fi
▶ FB: http://www.facebook.com/vapaallajalalla
▶ IG: @vapaallajalalla

* * *

Lopun musiikki: Kid Kodi by Blue Dot Sessions (www.sessions.blue)",UCdferMLksUToN7yDXkVpwaA,Vapaalla jalalla,2020.0,68.0,3.0,"Hobby,Lifestyle_(sociology)",,,2020-12-16 18:00:05+00:00,PT2M55S,https://www.youtube.com/watch?v=Ad1vQMrNvUg,Urho Kekkonen
8qVz_miRrqk,BACKPACKING IN FINLAND | Cinematic Forest hiking B roll,"🏕 I went backpacking with my friends to Helvetinjärvi National Park in Finland. 

✉ Contact
► Instagram: @pikkuseela

📽 Gear used
► Sony a6000
► Sony E PZ 16-50mm f/3.5-5.6 OSS
► DJI Mavic Mini

🎧 Music
► Music: M83 - Raconte-Moi Une Histoire",UCeArR3SoNJFRgUqhL_1V6cg,Seela Korpilähde,9552.0,322.0,89.0,"Hobby,Lifestyle_(sociology),Tourism",,,2020-07-22 17:46:05+00:00,PT2M7S,https://www.youtube.com/watch?v=8qVz_miRrqk,Helvetinjärvi
t7_9QRSbplQ,LAPLAND FROM ABOVE #shorts | Drone footage of Finnish Lapland,"Aerial footage of beautiful Finnish Lapland up in Lemmenjoki national park and Urho Kekkonen national park.

✉ Contact
► Instagram: @pikkuseela
► Email: seela.korpilahde@gmail.com

📽 Gear used
► DJI Mavic Mini 2

🎧 Music
► Gustavo Santaolalla - Babel (Trap Remix)",UCeArR3SoNJFRgUqhL_1V6cg,Seela Korpilähde,3418.0,189.0,31.0,"Hobby,Lifestyle_(sociology),Tourism",,,2021-09-06 18:54:04+00:00,PT16S,https://www.youtube.com/watch?v=t7_9QRSbplQ,Lemmenjoki
jj0D3UmbtS8,Raja-Joosepista Kiilopäälle,Ramin ja Miron vaellus 12.–19.6.2021 Urho Kekkosen kansallispuistossa Raja-Joosepista Kiilopäälle.,UCebFMxwN1rsnG4EhGq3Sxbw,Elina Hovinen,20585.0,229.0,17.0,"Hobby,Lifestyle_(sociology),Tourism",,,2021-06-23 08:45:23+00:00,PT45M9S,https://www.youtube.com/watch?v=jj0D3UmbtS8,Urho Kekkonen
dsH54C5_7sE,Syysvaellus Urho Kekkosen kansallispuistossa,"Kahdeksan päivän syysvaellus Urho Kekkosen kansallispuistossa syksyllä 2019.

Elinan blogissa on lisää vaellus- ja retkeilyjuttuja ja kuvia reissuiltamme. Postauksiin pääset tästä linkistä: https://endorfiinikoukussa.com/category/vaellusretkeily/",UCebFMxwN1rsnG4EhGq3Sxbw,Elina Hovinen,59885.0,557.0,62.0,"Hobby,Lifestyle_(sociology),Tourism",,,2019-09-15 21:34:14+00:00,PT53M26S,https://www.youtube.com/watch?v=dsH54C5_7sE,Urho Kekkonen
iUwbr4vcplA,Ramin yksinvaellus UKK-puistossa kesäkuussa 2023,"Rami teki kesäkuussa 2023 kymmenen päivän yksinvaelluksen Urho Kekkosen kansallispuistossa. Lähtöpaikkana oli Aittajärvi ja reissu päättyi Kiilopäälle. Majoitteena Ramilla oli riippumatto, Eno JungleNest.

Pahoittelut huonosta äänenlaadusta, joka saattaa häiritä paikka paikoin. Mukana ollut mikrofoni hajosikin reissun päätteeksi.

Reitti kulki seuraavasti: Aittajärvi – Kuotmuttipää – Kaarnepää – Sarvioja – Muorravaarakka – Luirojärvi – Tuiskukuru – Kotaköngäs – Lankojärvi – Luulampi – Kiilopää.",UCebFMxwN1rsnG4EhGq3Sxbw,Elina Hovinen,18438.0,393.0,59.0,"Hobby,Lifestyle_(sociology),Tourism",,,2023-06-25 15:32:00+00:00,PT57M52S,https://www.youtube.com/watch?v=iUwbr4vcplA,Urho Kekkonen
grYWPpVPTbU,Elinan ensimmäinen yön yli retki yksin,Kävin huhtikuun alussa ensimmäistä kertaa yön yli retkellä yksin Nuuksiossa.,UCebFMxwN1rsnG4EhGq3Sxbw,Elina Hovinen,27813.0,572.0,56.0,"Hobby,Lifestyle_(sociology),Tourism",,,2022-04-10 19:15:37+00:00,PT13M13S,https://www.youtube.com/watch?v=grYWPpVPTbU,Nuuksio
M64vdaf0lSE,Kesävaellus Hossan kansallispuistossa,Ramin ja hänen veljensä Miron vaellus Hossan kansallispuistossa 2.–9.6.2020.,UCebFMxwN1rsnG4EhGq3Sxbw,Elina Hovinen,17679.0,195.0,26.0,"Hobby,Lifestyle_(sociology),Tourism",,,2020-06-11 14:44:43+00:00,PT35M35S,https://www.youtube.com/watch?v=M64vdaf0lSE,Hossa
47liCcXqwds,Kahden yön pääsiäisretki Nuuksiossa,"Kahden yön lähiretki Nuuksion kansallispuistossa. Ensimmäinen yö Iso-Holman tulipaikalla ja toinen Holma-Saarijärvellä.

Seuraa Instagramissa @elina.hovinen",UCebFMxwN1rsnG4EhGq3Sxbw,Elina Hovinen,9673.0,170.0,14.0,"Hobby,Lifestyle_(sociology),Tourism",,,2021-04-11 18:52:27+00:00,PT21M1S,https://www.youtube.com/watch?v=47liCcXqwds,Nuuksio
O0pDHNuZdfY,10 päivän vaellus UKK-puistossa syksyllä 2018,"Vaelsimme kymmenen päivää Urho Kekkosen kansallispuistossa. Matkaa kertyi karkeasti arvioiden noin 112 kilometriä. Reittimme oli seuraavanlainen: Kiilopää - Suomunruoktu - Tuiskukuru - Luirojärvi - Sokosti - Luirojärvi - Pälkkimäojan laavu - Muorravaarakanruoktu - Sudenpesä - Porttikoski - Lankojärvi - Luulampi - Kiilopää.

Elinan blogista löytyy päiväkohtaiset vaelluskertomukset osoitteesta: https://endorfiinikoukussa.com/category/vaellusretkeily/",UCebFMxwN1rsnG4EhGq3Sxbw,Elina Hovinen,37819.0,324.0,20.0,"Hobby,Lifestyle_(sociology),Tourism",,,2018-09-22 21:17:40+00:00,PT38M24S,https://www.youtube.com/watch?v=O0pDHNuZdfY,Urho Kekkonen
aprEhDnzqpg,Talvivaellus Urho Kekkosen kansallispuistossa,"Teimme ensimmäisen talvivaelluksemme Urho Kekkosen kansallispuistoon 21.–27.4.2019.

Voit lukea päiväkohtaiset vaelluskertomukset blogistani: 
https://endorfiinikoukussa.com/category/vaellusretkeily/",UCebFMxwN1rsnG4EhGq3Sxbw,Elina Hovinen,23062.0,204.0,21.0,"Hobby,Lifestyle_(sociology)",,,2019-06-09 19:07:21+00:00,PT32M56S,https://www.youtube.com/watch?v=aprEhDnzqpg,Urho Kekkonen
rgKNj3cgB4o,Vaellus Urho Kekkosen kansallispuistossa syksyllä 2020,"Syysvaelluksen reitti: Aittajärvi–Jyrkkävaara–Muorravaarakka–Luirojärvi–Kotaköngäs–Suomunruoktu–Kiilopää. Yhteensä 87 kilometriä.

Elinan rinkka ja vaatteet saatu Jack Wolfskinilta, kengät Lowalta ja riippumatto ja tarppi osana yhteistyötä Addnature-verkkokaupan kanssa.

Pahoittelut videon kuvanlaadusta, videoa ladatessa kävi kämmi emmekä tarkistaneet millä tarkkuudella video latautuu. Ensi kerralla viisaampina.",UCebFMxwN1rsnG4EhGq3Sxbw,Elina Hovinen,37697.0,378.0,66.0,"Hobby,Lifestyle_(sociology),Tourism",,,2020-09-18 18:32:17+00:00,PT1H1M57S,https://www.youtube.com/watch?v=rgKNj3cgB4o,Urho Kekkonen
PlOx6k0me7k,Vaellus UKK-puiston halki kesäkuussa 2022,Ramin ja Miron vaellus Urho Kekkosen kansallispuistossa 12.–20.6.2022.,UCebFMxwN1rsnG4EhGq3Sxbw,Elina Hovinen,20856.0,314.0,27.0,"Hobby,Lifestyle_(sociology),Tourism",,,2022-06-26 17:00:44+00:00,PT43M51S,https://www.youtube.com/watch?v=PlOx6k0me7k,Urho Kekkonen
IvFDDIy_1yQ,Talvivaellus Urho Kekkosen kansallispuistossa tammikuussa 2023,"*Elinan vaatteet on saatu Bonge.fi

Tammikuinen reissumme oli ensimmäinen yhteinen kunnollinen talvivaelluksemme. Starttasimme tuttuun tapaan Kiilopäältä liikkeelle ja siitä Rautulammen suuntaan.

Reitti: Kiilopää–Rautulampi–Lankojärvi–Rautulampi–Sivakkaojan laavu–Kiilopää",UCebFMxwN1rsnG4EhGq3Sxbw,Elina Hovinen,17304.0,370.0,42.0,"Hobby,Lifestyle_(sociology),Tourism",68.1666667,28.25,2023-01-28 16:32:39+00:00,PT33M24S,https://www.youtube.com/watch?v=IvFDDIy_1yQ,Urho Kekkonen
z8TbnuZHfJw,Exploring a Legendary Gold River in Lapland  | Documentary,"I visited Lemmenjoki river in Lapland to find some gold. The river has a long golden history and beautiful nature. Digging gold is hard work and usually you find nothing or very little, but it's so much fun and the excitement is always there. Hope you enjoy the video!

 If you are interested in visiting the same place, here's contact information to the owner of the cabin:
http://www.eramaankulta.fi/page_1229194728386.html

My Instagram: https://www.instagram.com/finnish.playground/

Photos:
Mikkola, Erkki, Kansatieteen kuvakokoelma, Museovirasto
Saarinen, UA Saarisen kokoelma, Museovirasto
Viklund, Veli-Pekka, Kansatieteen kuvakokoelma, Museovirasto",UCep1YfYr_CzwymzB6yGrG1w,Finnish Playground,12862.0,562.0,49.0,"Hobby,Lifestyle_(sociology)",,,2022-07-04 14:04:29+00:00,PT21M6S,https://www.youtube.com/watch?v=z8TbnuZHfJw,Lemmenjoki
WwM4WO_k6s0,"Ei Bushcraftia, Ei kurjuutta!","Yleensä perheretkillä en kuvaa videoita, mutta nyt tuntui siltä, että välillä näinkin ja on ollut niin pitkä tauko videoissa remontin/muuton takia.

Paikka on Repoveden kansallispuisto jossa telttailtiin ja haluttiin nähdä uusittu silta, koska emme olleet käyneet tuolla moneen vuoteen.

Testasin Trangiaan tilaamani uuden Duossal paistinpannukannen josta minulla ei ollut kokemuksia. Se tuntui lettujen paiston jälkeen ihan hyvältä. Täytyy testailla vielä käytössä enemmän.

Ei kurjuudenmaksimointi pisteitä tällä kertaa.",UCeqy2sIBbWnrdZi-nssu9Sw,El Kärppä,10235.0,360.0,26.0,"Hobby,Lifestyle_(sociology),Tourism",61.1879953,26.9023636,2022-07-17 09:00:21+00:00,PT15M39S,https://www.youtube.com/watch?v=WwM4WO_k6s0,Repovesi
2fMwPSaEnQI,Kelvenne  -  Overnight camping on the island,"#camping #retkeily #päijänne


One of the thousand lakes, Päijänne
One night camping on the island in Päijänne.
Misery maximization score: 0/5 (was warm and dry )

yksi tuhannesta järvestä, Päijänne.
vietin yhden yön Päijänteen saaressa (Kelvenne) teltan kanssa.

Kurjuuden maksimointi: 0/5 (oli lämmintä, kuivaa, kukkia ja mehiläisiä)

#camping #retkeily #päijänne",UCeqy2sIBbWnrdZi-nssu9Sw,El Kärppä,5976.0,204.0,32.0,"Hobby,Lifestyle_(sociology),Tourism",,,2021-05-17 13:00:04+00:00,PT16M59S,https://www.youtube.com/watch?v=2fMwPSaEnQI,Päijänne
DjdNdhxdscI,Solo Overnight Camping - 6/6 Repovesi,"Hiking on Repovesi national park - solo overnight camping 
April 2019


Vietin Repovedellä yhden yön telttaillen huhtikuussa 2019

Retkeily nykyaikaisin välinen.
Paikka:
 Repoveden kansallispuisto

KURJUUDEN MAKSIMOINTI: 1/5 (Helppo reissu)",UCeqy2sIBbWnrdZi-nssu9Sw,El Kärppä,8773.0,157.0,28.0,"Hobby,Lifestyle_(sociology),Tourism",,,2019-04-26 17:20:45+00:00,PT12M30S,https://www.youtube.com/watch?v=DjdNdhxdscI,Repovesi
7vganh6--M8,Lapland Winter Wilderness Adventure (Part 02) Vlog 02 | Syöte National Park,"Music: 
Artlist: https://bit.ly/3bsuF3I

*All Songs are downloaded from Artlist and get 2 months free by using the above link to buy a new subscription. 

Instagram: https://www.instagram.com/WildLensByAbrar
Blog: https://www.WildLensByAbrar.com/

Follow me on Instagram and send me a DM if you have any questions!
Wilderness hut adventure in Syöte National Park

This is Urdu Vlog with English Subtitles. 
We did a two-day trek in Syöte National park and slept in the free Wilderness hut. The Wilderness hut is Ahmatupa which is around 8.5km from Syöte visitors centre. Vlog is in Urdu but with English subtitles. 

Please do subscribe!

My Main Cameras!
Sony A7iii: https://amzn.to/2Und3Pp
Sony A6400: https://amzn.to/2vUCNJJ

Photography and Vlogging Lens:
Sony 16-35mm F4: https://amzn.to/2y9ehoJ
Sony 10-18mm F4: https://amzn.to/3aouVzd
Tamron 28-75mm F2.8: https://amzn.to/39oPuKc
Sony 70-200mm F4: https://amzn.to/2vQvkLw
Sony 28mm F2: https://amzn.to/3ap9FZP

Microphone:
Rode Video Micro: https://amzn.to/2WNMuok
Rode Wireless Go: https://amzn.to/2WxMzL6
Saramonic SR-XM1: https://amzn.to/2QOCWpl

Motovlogging Gear:
GoPro Hero 7 Black: https://amzn.to/2wFJWha
GoPro Hero 8 Black: https://amzn.to/2QRkxIh
Insta360 One R: https://amzn.to/2yLqYGJ
GoPro Hero 7 Ulanzi Case: https://amzn.to/3dCaIaQ
Dango Design Chin Mount Grip: https://amzn.to/39qbbcS
Boya Microphone: https://amzn.to/33UUuFp
GoPro Charger and Battery: https://amzn.to/2QQyZ3v
GoPro 3-way Selfie Stick: https://amzn.to/33UULYX

Drone: 
DJI Mavic 2 Pro combo: https://amzn.to/39hQPTi

Hard drives and Memory cards:
Sony SSD 1TB: https://amzn.to/2UllbQq
Lacie Rugged 5TB: https://amzn.to/33UKM6a
Sandisk Extreme Pro: https://amzn.to/2QTpOPM
Sandisk Extreme Micro SD: https://amzn.to/39oYpM3

Power Bank:
Anker 20,000mA: https://amzn.to/3dtQO1X
RavPower 20,000mA: https://amzn.to/2UEbawI

Tripods and Mounts:
Manfrotto Befree: https://amzn.to/33S1ink
Joby Gorilla Tripod: https://amzn.to/3arqBz1
GoPro Jaw-Klemm: https://amzn.to/3bpVN1E
Insta Selfie-Stick: https://amzn.to/2UFErHs

ND Filters:
PolarPro GoPro Hero 7 Black: https://amzn.to/33QZH0Z
PolarPro GoPro Hero 8 Black: https://amzn.to/39hQUX6
PolarPro DJI Mavic 2 Pro: https://amzn.to/2wxXXOc
PolarPro 82mm ND16: https://amzn.to/2Ulf0fk

*All are amazon associated links and I might get some money when you buy using these links.",UCf1XIplYiqNv9baGsFHwPPQ,WildLens by Abrar,92155.0,4394.0,211.0,"Hobby,Lifestyle_(sociology),Tourism",,,2019-01-13 00:02:52+00:00,PT9M42S,https://www.youtube.com/watch?v=7vganh6--M8,Syöte
jbPyvT78XMQ,Lapland Chasing the dream (part 03) Vlog 03 | Riisitunturi National Park,"Music: 
Artlist: https://bit.ly/3bsuF3I

*All Songs are downloaded from Artlist and get 2 months free by using the above link to buy a new subscription. 

Instagram: https://www.instagram.com/WildLensByAbrar
Blog: https://www.WildLensByAbrar.com/

We stayed overnight in Riisitunturi national park in the Wilderness free hut in Winter. It was cold but absolutely worth it. Riisituntari is absolutely stunning in Winter when all the trees are frozen. I had a dream to see this place in Winter & loved it. National Park is very close to Posio & Kuusamo. Nearby is Ruka ski resort. 
This is Urdu Vlog with English Subtitles. 

Please Subscribe & Share!

music:

Ventura
https://soundcloud.com/ventura-musix

My Main Cameras!
Sony A7iii: https://amzn.to/2Und3Pp
Sony A6400: https://amzn.to/2vUCNJJ

Photography and Vlogging Lens:
Sony 16-35mm F4: https://amzn.to/2y9ehoJ
Sony 10-18mm F4: https://amzn.to/3aouVzd
Tamron 28-75mm F2.8: https://amzn.to/39oPuKc
Sony 70-200mm F4: https://amzn.to/2vQvkLw
Sony 28mm F2: https://amzn.to/3ap9FZP

Microphone:
Rode Video Micro: https://amzn.to/2WNMuok
Rode Wireless Go: https://amzn.to/2WxMzL6
Saramonic SR-XM1: https://amzn.to/2QOCWpl

Motovlogging Gear:
GoPro Hero 7 Black: https://amzn.to/2wFJWha
GoPro Hero 8 Black: https://amzn.to/2QRkxIh
Insta360 ONE R: https://amzn.to/2yLqYGJ
GoPro Hero 7 Ulanzi Case: https://amzn.to/3dCaIaQ
Dango Design Chin Mount Grip: https://amzn.to/39qbbcS
Rode smartLaV+ Microphone: https://amzn.to/3bda3Kx
GoPro Charger and Battery: https://amzn.to/2QQyZ3v
GoPro 3-way Selfie Stick: https://amzn.to/33UULYX

Drone: 
DJI Mavic 2 Pro combo: https://amzn.to/39hQPTi

Hard drives and Memory cards:
Sony SSD 1TB: https://amzn.to/2UllbQq
Lacie Rugged 5TB: https://amzn.to/33UKM6a
Sandisk Extreme Pro: https://amzn.to/2QTpOPM
Sandisk Extreme Micro SD: https://amzn.to/39oYpM3

Power Bank:
Anker 20,000mA: https://amzn.to/3dtQO1X
RavPower 20,000mA: https://amzn.to/2UEbawI

Tripods and Mounts:
Manfrotto Befree: https://amzn.to/33S1ink
Joby Gorilla Tripod: https://amzn.to/3arqBz1
GoPro Jaw-Klemm: https://amzn.to/3bpVN1E
Insta Selfie-Stick: https://amzn.to/2UFErHs

ND Filters:
PolarPro GoPro Hero 7 Black: https://amzn.to/33QZH0Z
PolarPro GoPro Hero 8 Black: https://amzn.to/39hQUX6
PolarPro DJI Mavic 2 Pro: https://amzn.to/2wxXXOc
PolarPro 82mm ND16: https://amzn.to/2Ulf0fk

*All are amazon associated links and I might get some money when you buy using these links.",UCf1XIplYiqNv9baGsFHwPPQ,WildLens by Abrar,72531.0,3967.0,222.0,"Hobby,Lifestyle_(sociology),Tourism",,,2019-01-19 12:18:06+00:00,PT10M10S,https://www.youtube.com/watch?v=jbPyvT78XMQ,Riisitunturi
8jcxfV3zarE,Lapland one last Arctic Adventure Vlog 04 (Urdu) | Oulanka National Park,"Music: 
Artlist: https://bit.ly/3bsuF3I

*All Songs are downloaded from Artlist and get 2 months free by using the above link to buy a new subscription. 

Instagram: https://www.instagram.com/WildLensByAbrar
Blog: https://www.WildLensByAbrar.com/

Follow me on Instagram and send me a DM if you have any questions!
This is Urdu Vlog with English subtitles.
We did ​Pieni Karhunkierros Trail in oulanka national park on our last day in Lapland. The trek is around 12km. This is very beautiful winter trek. Trek is marked in winter and we did it without snowshoes. 

My Main Cameras!
Sony A7iii: https://amzn.to/2Und3Pp
Sony A6400: https://amzn.to/2vUCNJJ

Photography and Vlogging Lens:
Sony 16-35mm F4: https://amzn.to/2y9ehoJ
Sony 10-18mm F4: https://amzn.to/3aouVzd
Tamron 28-75mm F2.8: https://amzn.to/39oPuKc
Sony 70-200mm F4: https://amzn.to/2vQvkLw
Sony 28mm F2: https://amzn.to/3ap9FZP

Microphone:
Rode Video Micro: https://amzn.to/2WNMuok
Rode Wireless Go: https://amzn.to/2WxMzL6
Saramonic SR-XM1: https://amzn.to/2QOCWpl

Motovlogging Gear:
GoPro Hero 7 Black: https://amzn.to/2wFJWha
GoPro Hero 8 Black: https://amzn.to/2QRkxIh
Insta360 One R: https://amzn.to/2yLqYGJ
GoPro Hero 7 Ulanzi Case: https://amzn.to/3dCaIaQ
Dango Design Chin Mount Grip: https://amzn.to/39qbbcS
Boya Microphone: https://amzn.to/33UUuFp
GoPro Charger and Battery: https://amzn.to/2QQyZ3v
GoPro 3-way Selfie Stick: https://amzn.to/33UULYX

Drone: 
DJI Mavic 2 Pro combo: https://amzn.to/39hQPTi

Hard drives and Memory cards:
Sony SSD 1TB: https://amzn.to/2UllbQq
Lacie Rugged 5TB: https://amzn.to/33UKM6a
Sandisk Extreme Pro: https://amzn.to/2QTpOPM
Sandisk Extreme Micro SD: https://amzn.to/39oYpM3

Power Bank:
Anker 20,000mA: https://amzn.to/3dtQO1X
RavPower 20,000mA: https://amzn.to/2UEbawI

Tripods and Mounts:
Manfrotto Befree: https://amzn.to/33S1ink
Joby Gorilla Tripod: https://amzn.to/3arqBz1
GoPro Jaw-Klemm: https://amzn.to/3bpVN1E
Insta Selfie-Stick: https://amzn.to/2UFErHs

ND Filters:
PolarPro GoPro Hero 7 Black: https://amzn.to/33QZH0Z
PolarPro GoPro Hero 8 Black: https://amzn.to/39hQUX6
PolarPro DJI Mavic 2 Pro: https://amzn.to/2wxXXOc
PolarPro 82mm ND16: https://amzn.to/2Ulf0fk

*All are amazon associated links and I might get some money when you buy using these links.",UCf1XIplYiqNv9baGsFHwPPQ,WildLens by Abrar,55975.0,3165.0,175.0,"Hobby,Lifestyle_(sociology)",,,2019-01-27 09:48:43+00:00,PT7M4S,https://www.youtube.com/watch?v=8jcxfV3zarE,Oulanka
dc8298X-Yc4,Tarp Shelter like a Tent - Overnight Camp,"Pitching my 3x3m DD Superlight tarp like a tent for the night. No trees required. Overnight camping trip at the Bothnian bay, Sweden.

Patreon - https://www.patreon.com/eriknormark
Paypal - https://www.paypal.me/ErikNormark
HQ Nature Sounds - https://audiojungle.net/user/icefloe
Shirts and Mugs - https://www.redbubble.com/people/eriknormark/shop
Your support helps make more videos. Thank you!",UCfMgKSxyQ9KnbjY6L6JKKiQ,Erik Normark,65063.0,2154.0,153.0,"Hobby,Lifestyle_(sociology),Tourism",,,2019-09-01 08:00:31+00:00,PT9M25S,https://www.youtube.com/watch?v=dc8298X-Yc4,Bothnian Bay
t3ZqRIb0JlE,Snowy Tent Overnight on the Island,"Camping solo overnight with tent on an island at the frozen Bothnian Bay (Bottenviken). Windy at first, then calm and heavy snowfall during night. Tent is Hilleberg Nammatj. A nice, relaxing winter adventure!

Patreon - https://www.patreon.com/eriknormark
Paypal - https://www.paypal.me/ErikNormark
Your support helps make more videos. Thank you!",UCfMgKSxyQ9KnbjY6L6JKKiQ,Erik Normark,399475.0,7150.0,383.0,"Hobby,Lifestyle_(sociology),Tourism",,,2020-03-08 07:05:32+00:00,PT14M40S,https://www.youtube.com/watch?v=t3ZqRIb0JlE,Bothnian Bay
y9flghDMGNg,Kayaking Overnight with Hilleberg Allak,"Time to go Hilleberg! Kayaking overnight at the Bothnian bay in August. The kayak is a Venture Islay 14.

Patreon - https://www.patreon.com/eriknormark
Paypal - https://www.paypal.me/ErikNormark
HQ Nature Sounds - https://audiojungle.net/user/icefloe
Your support helps make more videos. Thank you!",UCfMgKSxyQ9KnbjY6L6JKKiQ,Erik Normark,85478.0,2782.0,211.0,"Hobby,Lifestyle_(sociology),Tourism",,,2019-08-18 09:05:07+00:00,PT10M4S,https://www.youtube.com/watch?v=y9flghDMGNg,Bothnian Bay
eAJeAxBWlXI,Solo Hike at the Sea - Simplicity is Beauty,"A trip in early May by the Bothnian bay at Bjuröklubb. There is still snow here and there, but not more than I can move around easily. A beautiful sunny day, taking it easy, relaxing and making my coffee on the Trangia stove.

Patreon - https://www.patreon.com/eriknormark
Paypal - https://www.paypal.me/ErikNormark
Shirts and Mugs - https://www.redbubble.com/people/eriknormark/shop
Your support helps make more videos. Thank you!",UCfMgKSxyQ9KnbjY6L6JKKiQ,Erik Normark,20874.0,1824.0,68.0,"Hobby,Lifestyle_(sociology),Tourism",,,2023-05-10 06:57:58+00:00,PT6M34S,https://www.youtube.com/watch?v=eAJeAxBWlXI,Bothnian Bay
Btdohqkljik,Overnight in the Wooden Shelter with Aurora Borealis,"Winter camping in the wooden shelter by the frozen sea, the Bothnian Bay, Bottenviken. Nice cold winter conditions for an overnighter, and with some beautiful northern lights as well! I had minimal gear on this trip, all packed into my Exped Lightning 45, and the Western Mountaineering Lynx sleeping bag filled up 75% of the space. Music by Erik.
Patreon - https://www.patreon.com/eriknormark
Paypal - https://www.paypal.me/ErikNormark
Shirts and Mugs - https://www.redbubble.com/people/eriknormark/shop
Your support helps make more videos. Thank you!",UCfMgKSxyQ9KnbjY6L6JKKiQ,Erik Normark,42828.0,3416.0,301.0,"Hobby,Lifestyle_(sociology),Tourism",,,2021-02-18 05:43:24+00:00,PT9M14S,https://www.youtube.com/watch?v=Btdohqkljik,Bothnian Bay
lLnarKwLNI8,Winter Camping with a Dome Tent,"Winter camping in the snow with the Hilleberg Allak tent, at the Bothnian bay sea ice, Sweden. Pulling the gear with a pulk, building my camp for the night, and making dinner and coffee on the Trangia stove. Decently cold and nice conditions for an overnighter. Days are getting brighter and outdoor life quite enjoyable!
Patreon - https://www.patreon.com/eriknormark
Paypal - https://www.paypal.me/ErikNormark
Shirts and Mugs - https://www.redbubble.com/people/eriknormark/shop
Your support helps make more videos. Thank you!",UCfMgKSxyQ9KnbjY6L6JKKiQ,Erik Normark,84543.0,4268.0,363.0,"Hobby,Lifestyle_(sociology),Tourism",,,2021-02-10 14:27:41+00:00,PT16M1S,https://www.youtube.com/watch?v=lLnarKwLNI8,Bothnian Bay
c8mQfJtVNlE,Overnighter with a View - Sleeping under the Mere Sky,"My first overnighter for almost exactly one year! As last time I went to Bjuröklubb at the Bothnian bay, Bottenviken for some magnificent views over the still frozen sea. The evening was quiet, and the morning filled with the sound from thousands of migrating birds. A great time to be out!

The sleeping bag is my old Western mountaineering ultralite. The temperature was -1°C at the coldest, so I stayed warm and nice. The sleeping air mat is Sea to summit ether light, with the Z-pad on top.

Patreon - https://www.patreon.com/eriknormark
Paypal - https://www.paypal.me/ErikNormark
Shirts and Mugs - https://www.redbubble.com/people/eriknormark/shop
Your support helps make more videos. Thank you!",UCfMgKSxyQ9KnbjY6L6JKKiQ,Erik Normark,32861.0,2256.0,157.0,"Hobby,Lifestyle_(sociology),Tourism",,,2023-04-23 05:38:17+00:00,PT19M15S,https://www.youtube.com/watch?v=c8mQfJtVNlE,Bothnian Bay
nVa-lsD7MA8,Frosty December Overnight Camp,"Camping under the stars and full moon, a frosty cold and long December night. Sleeping with no shelter at the Bothnian bay. Enjoying my morning coffee and a nice warming meal of rice porridge to the light of early dawn, and everything covered with white frost. Music by Erik.
Patreon - https://www.patreon.com/eriknormark
Paypal - https://www.paypal.me/ErikNormark
Shirts and Mugs - https://www.redbubble.com/people/eriknormark/shop
Your support helps make more videos. Thank you!",UCfMgKSxyQ9KnbjY6L6JKKiQ,Erik Normark,46223.0,3404.0,332.0,"Hobby,Lifestyle_(sociology),Tourism",,,2020-12-06 07:36:57+00:00,PT11M4S,https://www.youtube.com/watch?v=nVa-lsD7MA8,Bothnian Bay
NSrEvWhe03Q,Wood Stove and Micro Spikes for a Trip on the Ice,"Mid February, a sunny day at the Bothnian bay, Bottenviken, and Kågnäsudden fishing village. Walking with micro spikes on the ice, making fire and coffee on the wood stove at the shore. Just a wonderful day for an outing!

Patreon - https://www.patreon.com/eriknormark
Paypal - https://www.paypal.me/ErikNormark
Shirts and Mugs - https://www.redbubble.com/people/eriknormark/shop
Your support helps make more videos. Thank you!",UCfMgKSxyQ9KnbjY6L6JKKiQ,Erik Normark,14513.0,1578.0,81.0,"Hobby,Lifestyle_(sociology),Tourism",,,2023-02-19 06:31:09+00:00,PT9M38S,https://www.youtube.com/watch?v=NSrEvWhe03Q,Bothnian Bay
1XwJ-bm_614,"Endless Ice and Snow, and Coffee on the Stove on a Trip at the Sea","Skiing and enjoying the view over the endless white snow and ice at Bjuröklubb by the Bothnian bay, Bottenviken. A beautiful quiet day, with coffee on the stove, and a little sketching at the end.

Patreon - https://www.patreon.com/eriknormark
Paypal - https://www.paypal.me/ErikNormark
Shirts and Mugs - https://www.redbubble.com/people/eriknormark/shop
Your support helps make more videos. Thank you!",UCfMgKSxyQ9KnbjY6L6JKKiQ,Erik Normark,13215.0,1606.0,86.0,"Hobby,Lifestyle_(sociology)",,,2023-03-19 05:47:40+00:00,PT7M32S,https://www.youtube.com/watch?v=1XwJ-bm_614,Bothnian Bay
uo4KTJnRILc,Morning Coffee on the Rocky Beach - Kayaking and Camping Overnight,"Enjoying the warm days of August, I go kayaking overnight at the sea, Bjuröklubb at the Bothnian Bay, Bottenviken. Falling asleep to the drowsy sound of lapping waves. Making dinner and morning coffee and relaxing to nature.
Patreon - https://www.patreon.com/eriknormark
Paypal - https://www.paypal.me/ErikNormark
Shirts and Mugs - https://www.redbubble.com/people/eriknormark/shop
Your support helps make more videos. Thank you!",UCfMgKSxyQ9KnbjY6L6JKKiQ,Erik Normark,40937.0,2601.0,220.0,"Hobby,Lifestyle_(sociology),Tourism",,,2020-08-23 04:42:56+00:00,PT12M18S,https://www.youtube.com/watch?v=uo4KTJnRILc,Bothnian Bay
rciCSGAuK80,"Quiet Day by the Sea in Early Spring, with Coffee on the Stove","Beginning of April and I make a simple hike at the sea of the Bothnian bay, Bottenviken. The air, the expanses, the light, the sounds form early migratory birds make a strong impression on a northerner after a long dark winter. I love going to the sea on days like this to take everything in!

Patreon - https://www.patreon.com/eriknormark
Paypal - https://www.paypal.me/ErikNormark
Shirts and Mugs - https://www.redbubble.com/people/eriknormark/shop
Your support helps make more videos. Thank you!",UCfMgKSxyQ9KnbjY6L6JKKiQ,Erik Normark,12687.0,1310.0,63.0,"Hobby,Lifestyle_(sociology)",,,2023-04-09 06:38:05+00:00,PT7M32S,https://www.youtube.com/watch?v=rciCSGAuK80,Bothnian Bay
900j-O6F3h0,Whiteout - Solo Overnight at the World's End,"Winter solo adventure on the ice of the frozen Bothnian Bay, Sweden (Bottenviken). Heavy snowfall and storm winds. Last man on earth going to the world's end...

Patreon - https://www.patreon.com/eriknormark
Paypal - https://www.paypal.me/ErikNormark
HQ Nature Sounds - https://audiojungle.net/user/icefloe
All your support helps make more videos. Thank you!

Camera - Panasonic G80/G85",UCfMgKSxyQ9KnbjY6L6JKKiQ,Erik Normark,3311466.0,47660.0,1837.0,"Hobby,Lifestyle_(sociology),Tourism",,,2019-02-10 08:37:25+00:00,PT9M28S,https://www.youtube.com/watch?v=900j-O6F3h0,Bothnian Bay
aJbX9A2Lo7c,Camping in the Cold Northern Gale,"Strong cold winds from the north over the roaring Bothnian Bay (Bottenviken). Overnight in the Tarptent, making dinner and coffee, enjoying the rough weather at beginning of October.

Patreon - https://www.patreon.com/eriknormark
Paypal - https://www.paypal.me/ErikNormark
HQ Nature Sounds - https://audiojungle.net/user/icefloe
Shirts and Mugs - https://www.redbubble.com/people/eriknormark/shop
Your support helps make more videos. Thank you!",UCfMgKSxyQ9KnbjY6L6JKKiQ,Erik Normark,81506.0,2912.0,242.0,"Hobby,Lifestyle_(sociology),Tourism",,,2019-10-06 06:25:05+00:00,PT10M2S,https://www.youtube.com/watch?v=aJbX9A2Lo7c,Bothnian Bay
Pz2nbuK8Xgs,Solo Overnight at the Sea - Kayaking and Sleeping in a Hilleberg Tent,"Camping with tent (Hilleberg Allak) overnight at the Bothnian Bay (Bottenviken). Calm relaxing night at the sea, with morning coffee and a refreshing cold bath...
Patreon - https://www.patreon.com/eriknormark
Paypal - https://www.paypal.me/ErikNormark
Shirts and Mugs - https://www.redbubble.com/people/eriknormark/shop
Your support helps make more videos. Thank you!",UCfMgKSxyQ9KnbjY6L6JKKiQ,Erik Normark,60978.0,3057.0,199.0,"Hobby,Lifestyle_(sociology),Tourism",,,2020-08-09 05:53:23+00:00,PT13M38S,https://www.youtube.com/watch?v=Pz2nbuK8Xgs,Bothnian Bay
niWpBuxT7Fc,Night Camp at the Water's Edge,"Overnight on a rock at the Bothnian bay, Bottenviken. A calm April night with sleeping bag under the sky, full of birdsong.

Patreon - https://www.patreon.com/eriknormark
Paypal - https://www.paypal.me/ErikNormark
HQ Nature Sounds - https://audiojungle.net/user/icefloe
Shirts and Mugs - https://www.redbubble.com/people/eriknormark/shop
Your support helps make more videos. Thank you!

Camera Nikon Z6",UCfMgKSxyQ9KnbjY6L6JKKiQ,Erik Normark,23491.0,1557.0,178.0,"Hobby,Lifestyle_(sociology),Tourism",,,2019-04-28 07:20:49+00:00,PT10M32S,https://www.youtube.com/watch?v=niWpBuxT7Fc,Bothnian Bay
Gddo7aeR7Z8,Attacked by Winter with the Cold Northern Gale,"Winter came back the other day with cold northern gale winds over the Bothnian Bay, Bottenviken. I took cover and made my coffee in an old grey fishing shed, listening to the rough sea roar and rumble.

Patreon - https://www.patreon.com/eriknormark
Paypal - https://www.paypal.me/ErikNormark
Shirts and Mugs - https://www.redbubble.com/people/eriknormark/shop
Your support helps make more videos. Thank you!",UCfMgKSxyQ9KnbjY6L6JKKiQ,Erik Normark,1038491.0,12840.0,781.0,"Hobby,Lifestyle_(sociology),Tourism",,,2019-12-01 08:33:24+00:00,PT7M28S,https://www.youtube.com/watch?v=Gddo7aeR7Z8,Bothnian Bay
RgpMH2kkj3s,Escape to the Island - Kayaking with Tent Overnight,"Escaping with kayak to my secret desolate island in the Bothnian Bay, Bottenviken, for an overnighter. Camping solo in tent (Hilleberg Allak), exploring the wildlife and enjoying August and late summer.

Patreon - https://www.patreon.com/eriknormark
Paypal - https://www.paypal.me/ErikNormark
Shirts and Mugs - https://www.redbubble.com/people/eriknormark/shop
Your support helps make more videos. Thank you!",UCfMgKSxyQ9KnbjY6L6JKKiQ,Erik Normark,30327.0,2426.0,126.0,"Hobby,Lifestyle_(sociology),Tourism",,,2021-08-15 04:51:11+00:00,PT7M36S,https://www.youtube.com/watch?v=RgpMH2kkj3s,Bothnian Bay
LW2tzyWvHMI,Solo Winter Hike In the Nordic Light,"Camping for the night on the ice of the Bothnian Bay (Bottenviken). The feeling of the Arctic is strongly present in the frozen white landscape. The Nordic light is extraordinary.

Patreon - https://www.patreon.com/eriknormark
Paypal - https://www.paypal.me/ErikNormark
HQ Nature Sounds - https://audiojungle.net/user/icefloe
Shirts and Mugs - https://www.redbubble.com/people/eriknormark/shop
All your support helps make more videos. Thank you!

Camera - Panasonic G80 and Nikon Z6",UCfMgKSxyQ9KnbjY6L6JKKiQ,Erik Normark,55717.0,2377.0,205.0,"Hobby,Lifestyle_(sociology),Tourism",,,2019-03-24 06:46:46+00:00,PT7M36S,https://www.youtube.com/watch?v=LW2tzyWvHMI,Bothnian Bay
1z37i2PtbGQ,Solitude in the Long Starry Winter Night,"Overnight tent camping trip, with a starry winter sky and a young moon. At the coast of the Bothnian Bay, Bottenviken, Sweden.

Patreon - https://www.patreon.com/eriknormark
Paypal - https://www.paypal.me/ErikNormark
Your support helps make more videos. Thank you!",UCfMgKSxyQ9KnbjY6L6JKKiQ,Erik Normark,164811.0,5402.0,361.0,"Hobby,Lifestyle_(sociology),Tourism",,,2019-12-08 06:43:57+00:00,PT8M12S,https://www.youtube.com/watch?v=1z37i2PtbGQ,Bothnian Bay
zQFfXf0F4wU,Camping on the Outpost,"Spring at the sea. April overnighter under the free sky at Bjuröklubb, the Bothnian Bay, Bottenviken. A place that makes you feel you are at the edge of the world! Camping with only a sleeping bag and pads on the bare rock, as simple as it gets.
Patreon - https://www.patreon.com/eriknormark
Paypal - https://www.paypal.me/ErikNormark
Shirts and Mugs - https://www.redbubble.com/people/eriknormark/shop
Your support helps make more videos. Thank you!",UCfMgKSxyQ9KnbjY6L6JKKiQ,Erik Normark,32379.0,2387.0,142.0,"Hobby,Lifestyle_(sociology),Tourism",,,2022-04-24 04:55:08+00:00,PT11M31S,https://www.youtube.com/watch?v=zQFfXf0F4wU,Bothnian Bay
CrwsolrOu28,Keskellä metsää eksyksissä ja astmakohtaus [Levi-Ylläs-Levi #2],"Tässä videolla taistellaan astmakohtauksen kanssa ja eksytään metsään.
English subtitles coming soon.

⚡🚲 CyklonEbike vaihtoi nimensä BearEbike, mutta -5% alennus silti toimii koodilla ""Manaatti5"" :) Joten jos kiinnostaa ostaa samantyyppinen sähköpyörä kun mulla niin suuntaa ➡️ https://bearebike.com/

🌐 Muut alennuskoodit ja linkit ➡️ https://linktr.ee/BossManaatti",UCgD-XYMlD1JxA_hlFoPPSOg,Manaatti,14451.0,285.0,57.0,"Hobby,Lifestyle_(sociology)",,,2019-09-15 13:30:32+00:00,PT20M48S,https://www.youtube.com/watch?v=CrwsolrOu28,Pallas-Yllästunturi
qN43gzI3Qus,KOLOVEDEN kansallispuisto |  Kaksi yötä reissussa kanootilla,"Olin Koloveden kansallispuistossa kaksi yötä ja kolme päivää. Kuljin kanootilla pitkin kansallispuistoa, ja tämä oli kyllä todella kiva tapa tutustua uuteen kansallispuistoon. Reissussa näin paljon käärmeitä ja myöskin Saimaannorpan. Tyynet kelit suosivat päivällä melomista. Illalla oli todella rentouttavaa ihastella Saimaan kaunista luontoa.",UCgHkneJS4-DwPWzXv_z3Czw,Jesse Kallio,2761.0,117.0,32.0,"Hobby,Lifestyle_(sociology),Tourism",62.2523068,28.8185295,2023-06-17 15:00:42+00:00,PT16M6S,https://www.youtube.com/watch?v=qN43gzI3Qus,Kolovesi
aXLWUsZyas4,Ympäri Hossan Kansallispuiston | 50 km ja kaksi yötä teltassa,"Ajoimme maastopyörällä Hossan kansallispuiston niin kutsutun Sinisen saavutuksen. Reitti oli noin 50 km pitkä, ja omasta mielestä reitti tarjosi reippaasti haastetta. Kaksi yötä vietimme teltassa nukkuen.",UCgHkneJS4-DwPWzXv_z3Czw,Jesse Kallio,3844.0,139.0,18.0,"Hobby,Lifestyle_(sociology),Tourism",,,2023-09-10 15:30:02+00:00,PT14M30S,https://www.youtube.com/watch?v=aXLWUsZyas4,Hossa
fRLgbi4rfyA,REPOVESI | Kaksi yötä riippumatossa | Tuulta ja tyyntä,"Lähdin kanootilla Repoveden kansallispuistoon, reissu oli melko rento sateesta ja tuulesta johtuen. Aluksi minun piti viettää yksi yö kansallispuistossa, mutta kovasta tuulesta johtuen jäinkin vielä toiseksi yöksi.",UCgHkneJS4-DwPWzXv_z3Czw,Jesse Kallio,2839.0,138.0,12.0,"Hobby,Lifestyle_(sociology),Tourism",,,2023-06-11 14:30:21+00:00,PT17M47S,https://www.youtube.com/watch?v=fRLgbi4rfyA,Repovesi
-Fn7O5YSTec,"PIKNIK BARENG KOMUNITAS MUSLIM DI FINLAND || NUUKSIO, ESPOO","🌸🌸🌸🌸🌸
Untuk teman"" yg ingin tau lbh banyak kehidupan sy di Finlandia jgn lupa like dan subscribe channel Jari Manis ya..
Let's be friends di social media lainnya, berikut link nya :

Instagram 📷📷📷 https://www.instagram.com/rianti.sept...

Facebook 📷📷📷 https://m.facebook.com/rianti.septian...

Smule 🎤🎤🎤 https://www.smule.com/riantiseptiani

Thanks All 😘😘😘",UCh-i9nUvo55RDjhra7bNm-Q,Rianti Septiani,3451.0,115.0,12.0,"Hobby,Lifestyle_(sociology),Tourism",,,2018-08-14 12:00:07+00:00,PT8M29S,https://www.youtube.com/watch?v=-Fn7O5YSTec,Nuuksio
-p98y8fYW1k,Retkiluistelua Linnansaaren Kansallispuistossa 2020,"Reissukarjut Facebook: https://www.facebook.com/Reissukarjut-108033070579883/ 

Päätin lähteä Linnansaaren kansallispuistoon retkiluistelemaan. Koko reitti ei ollut vielä järven yli auki, mutta yhteensä 18km tuli luisteltua kun kävin Oravi-Linnansaari-Oravi sekä seuraavana päivänä Porosalmi-Pienilappi-Porosalmi. Takaisin tullessa tuuli yltyi ja puhalsi reitin umpeen joka hieman vaikeutti kulkemista, mutta hyvin selvittiin. Mukava tapa liikkuahan tuo oli. Tuskin jää viimeiseksi kerraksi. :)",UChBPAnbOE1bTbvEp-dttZXA,Retkireppu,1280.0,46.0,3.0,"Hobby,Lifestyle_(sociology)",62.1103215,28.5098371,2020-02-08 16:58:35+00:00,PT8M12S,https://www.youtube.com/watch?v=-p98y8fYW1k,Linnansaari
L1LIVzVKQdk,Ensikertaa UKK:ssa | Vaellus 2023,"Kaverini Sami ei ole ikinä käynyt Urho Kekkosen Kansallispuistossa joten pitihän moinen unelma Samille toteuttaa. Tampereelta hypättiin Onnibussin kyytiin. Liki 14 tunnin bussirumban jälkeen saavuimme perille ja vaellus aloitettiin Aittajärveltä josta viikon aikana marssittiin Saariselälle rauhallisesti noin 10km päivämatkoin. Alkumatkasta oli rajut helteet ja loppureissusta satoi lähes koko ajan. Noustiin parillekkin tunturille ja katsastettiin miltä näyttää Elokuinen Paratiisikuru. :)

Osoitteesta retkiruoat.fi saatte kymmenen prosenttia tutustumistarjouksena alennusta normaalihintaisista tuotteista koodilla ""RETKIREPPU10""

Retkeily ja vaellus tuotteita kotimaisesta verkkokaupasta Luonterra.fi. kassalla koodilla ""RETKIREPPU -10"" saat kymmenen prosenttia pois ostoksesi loppusummasta.

Liittymällä kanavan jäseneksi, tuet Retkireppu kanavan toimintaa ja olet edistämässä aktiivista sisällön tuottoa kanavalle.
https://www.youtube.com/channel/UChBPAnbOE1bTbvEp-dttZXA/join

#Vaellus #Retkeily #UKK #ukk #Lappi",UChBPAnbOE1bTbvEp-dttZXA,Retkireppu,32134.0,1121.0,119.0,"Hobby,Lifestyle_(sociology),Tourism",,,2023-08-23 13:03:26+00:00,PT42M34S,https://www.youtube.com/watch?v=L1LIVzVKQdk,Urho Kekkonen
M5xycXlArm4,Riisitunturin Tykyt | Retki 2022 Lappi,"Miltä näyttää talvinen Riisitunturi? Käytiin Hannan kanssa kuvailemassa päiväretkenä komeita tykkypuita. Kaunis ilma houkutteli tuttuun tapaan paljon väkeä paikalle, mutta joukkoon mahtui kyllä. Riisitunturi löytyy Posiolta Lapin läänin eteläiseltä laidalta",UChBPAnbOE1bTbvEp-dttZXA,Retkireppu,11308.0,539.0,62.0,"Hobby,Lifestyle_(sociology),Tourism",66.25,28.5,2022-01-10 16:04:22+00:00,PT9M53S,https://www.youtube.com/watch?v=M5xycXlArm4,Riisitunturi
BhT3hfWzfWQ,Hiking in Pyhä-Luosto National Park,"2019 Elokuun lopulla saimme aikataulut sovitettua ja lähdimme neljäksi päiväksi metsään, Pyhä-Luoston Kansallispuistoon. Ruskan merkkejä oli tuolloin jo hieman havaittavissa, mutta täydessä loistossaan se ei vielä ollut. Reissussa kokkailtiin hyvästi ja nautittiin komeista maisemista. Vaelluksemme lähti Pyhältä ja kulki aina Luoston huipulle asti. Käytimme tuohon 35-40km taipaleeseen 4 täyttä päivää, koska meillä oli yhteensä noin 20kg ammattikamera kalustoa mukana. Painoa siis oli kiitettävästi rinkoissa. Halusimme kuvata kaikkea mahdollisimman kattavasti. Suosittelemme reittiä kummin päin vain. Taksilla pääsee sitten toisesta päästä takaisin. :)

Leikkaus ja Editointi: Mikko Mällinen
Äänen Jälkikäsittely: Peter Roe
Reissukarjut FaceBook: https://www.facebook.com/Reissukarjut-108033070579883/",UChBPAnbOE1bTbvEp-dttZXA,Retkireppu,17052.0,298.0,25.0,"Hobby,Lifestyle_(sociology),Tourism",67.0849145,26.9543632,2020-03-04 08:24:21+00:00,PT56M50S,https://www.youtube.com/watch?v=BhT3hfWzfWQ,Pyhä-Luosto
n6NguImkyHk,Rantalomalla Päijänteellä,"Kävin Toukokuun lopussa parin yön rantalomalla Päijänteen Kansallispuistossa. Kajakit laskettiin vesille Huhdanniemestä ja ensimmäinen yö vietettiin Lietsaaressa. Ylitettyämme tuulisen selän Kelventeeseen, vietettiin viimeinen yö Isohiedalla. Alkukesän upeat säät veti alueelle myös paljon veneilijöitä. Videolla mainitsen myös tulevasta yhteisreissusta Keloja Luonnosta kanavan kanssa. Näillä tiedoilla reissu toteutetaan heti Juhannuksen jälkeen joten pysykää vastaanottimienne ääressä. 



Käykääpä katsomassa linkistä Keloja Luonnosta kanavan antia
https://www.youtube.com/channel/UCIe90O1eRceDuSn6mBkxwSQ",UChBPAnbOE1bTbvEp-dttZXA,Retkireppu,5846.0,107.0,4.0,"Hobby,Lifestyle_(sociology),Tourism",61.3896745,25.4401743,2020-06-12 17:23:49+00:00,PT16M50S,https://www.youtube.com/watch?v=n6NguImkyHk,Päijänne
HPecUdakRVo,Päiväretki Talvisella Repovedellä 2020,"Reissukarjut Facebook: https://bit.ly/2uYMIwM

Kävin katsastamassa miltä näyttää talvinen Repoveden Kansallispuisto. Pari kuppia sumppia ja taas mentiin. Kohtalaisen rauhallista, vaikka suosittu puisto onkin. Liekö syynä, että sää oli pilvisen sumuinen, hieman tuulinen ja luntakin ripsi. Kyllä tuolla repovedellä on hyvä kulkea talvellakin kun ihmiset tallaa lumeenkin hyvät polut. Vaikkei tuossa nyt ollut kuin korkeintaan 20 senttiä lunta.",UChBPAnbOE1bTbvEp-dttZXA,Retkireppu,1379.0,44.0,2.0,"Hobby,Lifestyle_(sociology),Tourism",61.1879953,26.9023637,2020-02-02 16:34:57+00:00,PT7M31S,https://www.youtube.com/watch?v=HPecUdakRVo,Repovesi
6MDx8gEanuA,Pyhä-Häkki | Yö Poika-Ahossa | Testissä Outin Nano,"Piipahdin yhden yön reissun Pyhä-Häkin Kansallispuistoon Lokakuun alussa. Yön vietin kesäisin lammaspaimen kohteena olevassa Poika-Ahon vuokratuvassa joka olikin mukava kokemus. Nautiskelin kurkien massamuutosta, hienoista vanhoista metsistä sekä tuoreesta espressokahvista.

Pyhä-Häkki on kohteena hyvin pieni ja siksi en ollut siellä aiemmin käynyt. Itsehän olen enemmän vaellusihmisiä ja kaipaan suurempia alueita missä liikkua useampi päivä. Pyhä-Häkki osoittautui kuitenkin kauniiksi paikaksi ja tähän vuodenaikaan poluilla oli hiljaista. Alue myös sijaitsee paikassa jonne mitkään melusaasteet ei kuulu.

Maukkaat retkiruoat osoitteesta https://retkiruoat.fi/ -10% kassalla koodilla ""RETKIREPPU10""

Outin Nano retkeilykäyttöön tarkoitetut espressokeittimet osoitteesta https://outin.com/
-10% koodilla ""RETKIREPPU10""

Liittymällä kanavan jäseneksi, tuet Retkireppu kanavan toimintaa ja olet edistämässä aktiivista sisällön tuottoa kanavalle.
https://www.youtube.com/channel/UChBPAnbOE1bTbvEp-dttZXA/join

#vaellus #retkeily #outin #outinnano #outincoffee #outinespresso #portablecoffeemachine",UChBPAnbOE1bTbvEp-dttZXA,Retkireppu,17019.0,711.0,36.0,"Hobby,Lifestyle_(sociology),Tourism",62.8448328,25.4693978,2023-10-20 14:07:18+00:00,PT22M,https://www.youtube.com/watch?v=6MDx8gEanuA,Pyhä-Häkki
kl1TFaCiv6I,Talvitelttailua Syötteellä | Poltin melkein teltan | Armytek Wizard C2 Pro Max,"Piipahdin rennon parin yön reissun Syötteen Kansallispuistossa katselemassa talvista menoa. Hiihtäjiä oli keväisillä hangilla liikkeellä aika paljon. Tuli melkein poltettua telttakin ohessa. Muistakaa aina tarkistaa ettei keitinlaatikossa ole kaasua. Nestekaasu on ilmaa raskaampaa ja jos sitä on laatikon pohjalla, se ei näy eikä haise ellei sinne työnnä nokkaansa. Tässä tapauksessa kiinnitin normaalisti kaasupullon keittimen liittimeen ja laitettuani pullon laatikkoon, huomasin sen vuotavan. Nostin pullon pois ja kiinnitin liittimen uudestaan niin ettei se vuoda jonka jälkeen tuuletin telttaa ovi auki hetken. Kaasu ei haissut enää joten ajattelin, että nyt voi sytyttää. Aiemmin vuotanut kaasu kuitenkin ilmaa raskaampana velloi vielä laatikon pohjalla. Onneksi ei palanut muuta kuin nukat hanskasta ja vähän iho karvoja. Ensi kerralla pitää lisäksi tuulettaa itse keitinlaatikkokin mikäli vastaavaa tapahtuu. Testasin myös Armytek Wizard C2 Pro Max otsalamppua josta enemmän videolla.

Voyager retkiruoat https://retkiruoat.fi/ -10% koodilla RETKIREPPU10

Jos Armytek valaisimet kiinnostaa niin saatte https://www.armytek.fi/ kaupasta ostaessanne -15% pois hinnasta koodilla RETKIREPPU15

#retkeily #talvi #vaellus #syöte #lapland  #voyager #retkiruoat  #syotteenkansallispuisto #hiihto #winter #suomi #hiistovaellus #luonto #armytek",UChBPAnbOE1bTbvEp-dttZXA,Retkireppu,14904.0,734.0,89.0,"Hobby,Lifestyle_(sociology),Tourism",,,2023-04-14 13:13:40+00:00,PT24M29S,https://www.youtube.com/watch?v=kl1TFaCiv6I,Syöte
zQ21VxjcnjQ,UKK Vaellus 100km | Yötön Yö | Retkeily 2023,"Lähdin yksin vaellukselle Urho Kekkosen Kansallispuistoon 2. Kesäkuuta. Vaikka helteitä ei oltu luvattu niin silti liikkumisen kannalta säät suosi. Mikäs sen mukavampaa kantaa rinkkaa alle kymmenen asteen lämpötilassa kun ei tarvitse hikoilla. Matkaa tuli kuljettua aika tarkalleen 100 kilometriä. Reissun pituus oli ajallisesti yhdeksän päivää joista kaksi oli lepopäiviä. Reittini kulki Raja-Joosepista mutkien kautta Tahvontuvalle jonne olin sopinut Olli Järvenkylän kanssa tapaamisen 7.6. Urho Kekkosen kansallispuisto täyttää tänä vuonna 40 vuotta jonka kunniaksi Olli on vaeltamassa paikan päällä 40 päivää putkeen. Oli hieno tavata ja jutella hänen kanssaan Tahvontuvalla ja heittää yhdessä löylyt kiukaalle. Tulihan se Vongoivan räystäskin käytyä katsastamassa matkan varrella joka tasan vuosi sitten jäi käymättä. Video on kanavan tähän mennessä pisin joten kannattaa varata jotain virvoketta viereen jotta ette nukahda. :)

Retkiruoat.fi saatte tutustumistarjouksena 10% alennusta tilauksesta koodilla RETKIREPPU10

#Vaellus #Retkeily #UKK #ukk #Lappi",UChBPAnbOE1bTbvEp-dttZXA,Retkireppu,49710.0,1332.0,132.0,"Hobby,Lifestyle_(sociology),Tourism",68.1666667,28.25,2023-06-17 09:57:24+00:00,PT1H13M25S,https://www.youtube.com/watch?v=zQ21VxjcnjQ,Urho Kekkonen
r7Z3V76gJGQ,Hiihtoretki UKK 2022 | Dudley Myrsky | Hiihtovaellus Lapissa,"Kävin extempore reissussa UKK puistossa. Alkumatka sujui kirpakassa -24 pakkasessa ja loppu reissu meni lumimyräkässä joka äityi toiseksi viimeisenä päivänä niin kovaksi, että eteneminen meni melkein whiteoutin puolelle. Lumesta ei erottanut oikein pinnan muotoja ja pari kertaa huomasinkin humpsahtavani jonnekkin kuoppaan vaikka luulin edessäni olevan maaston olevan tasainen. Hiihtelin hieman yli 30 kilometriä ympäri UKK:ta rauhalliseen tahtiin. Sain hyvää tuntumaa ahkion vetelyyn pitemmillä matkoilla ja vaikeammassa maastossa :)",UChBPAnbOE1bTbvEp-dttZXA,Retkireppu,20177.0,999.0,100.0,"Hobby,Lifestyle_(sociology),Tourism",68.1666667,28.25,2022-02-22 14:59:56+00:00,PT27M25S,https://www.youtube.com/watch?v=r7Z3V76gJGQ,Urho Kekkonen
IBWw4HdmmYQ,Vajosuon Vaellus 2021,Allekirjoittanut kävi Vaeltamassa pyöreästi 35km lenkin kaverini Sofian ja Tårvisen kanssa Kurjenrahkan Kansallispuistossa. Vajosuon vaellus kuljettiin vastapäivään ja lähtöpaikkana Kurjenpesä. Yllättävän monipuolinen vaellusreitti. Vesihuollon kannalta varsinkin kuumilla keleillä kannattaa suunnitella tarkasti reittiään ellei halua maistella suolientä :D,UChBPAnbOE1bTbvEp-dttZXA,Retkireppu,10408.0,336.0,36.0,"Hobby,Lifestyle_(sociology),Tourism",60.7385651,22.3193056,2021-04-17 06:46:23+00:00,PT19M59S,https://www.youtube.com/watch?v=IBWw4HdmmYQ,Kurjenrahka
L6S0eF-UI-U,Petkeljärvi melontaseikkailu (feat. Vegesakke),"Kävimme Vegesaken kanssa seikkailemassa Petkeljärven kansallispuiston tuntumassa. Reissuun mahtui tunnelmallisia nuotiohetkiä, hyvää vegaanista ruokaa ja jääkylmää kahlaamista joissa ja puroissa.


Tsekkaa Vegesaken kanava: https://www.youtube.com/channel/UC-qkeYYA0tyORf3sKB-DSzg",UChBPAnbOE1bTbvEp-dttZXA,Retkireppu,11813.0,365.0,45.0,"Hobby,Lifestyle_(sociology),Tourism",,,2020-10-01 12:45:14+00:00,PT20M29S,https://www.youtube.com/watch?v=L6S0eF-UI-U,Petkeljärvi
AYX7V7R6AAg,Vaellus Kolilla,"Kuljettiin Herajärven pohjois puolen kierros kaverin kanssa. Kolme yötä reissussa. Lähdettiin Ryläyksestä. Ensimmäinen yö Kiviniemessä, toinen Ylämurhissa ja kolmas Ikolanahon varaustuvassa. Reissuun mahtui vaihtelevia säitä, komeita maisemia ja nähtävyyksiä. Törmättiin paljon aivan mahtaviin ihmisiin.


Reissukarjut FB: https://www.facebook.com/Reissukarjut-108033070579883",UChBPAnbOE1bTbvEp-dttZXA,Retkireppu,9588.0,221.0,3.0,"Hobby,Lifestyle_(sociology),Tourism",,,2020-07-09 10:42:41+00:00,PT23M34S,https://www.youtube.com/watch?v=AYX7V7R6AAg,Koli
r4HoVJsd6TQ,110 km Yöttömässä Yössä Ympäri Erämaan | UKK | Retkipuudeli | Lappi,"110 kilometrin vaellus yöttömässä yössä, ympäri Urho Kekkosen kansallispuiston erämaan mahtavien maisemien. Matkan varrelle osui tuntureita ja laaksoja, polkuja ja polutonta, hellettä, sadetta ja ukkostakin. Yöttömän yön kaunis, tunnelmallinen valo oli kuin loputon auringonnousu ja -lasku. Reittisuunnitelmana oli vanhalle kartalle piirretty, kesällä 1988 Hannan ja hänen isänsä kanssa kahdestaan kulkema reitti. Matkan varrelle osui monta luonnon taideteosta, mm. Maantiekuru, Luiro, Vongoiva, Mukkaköngäs, Pirunportti ja Paratiisikuru. Jokia ylitettiin kymmeniä ja Retkipuudeli Topi jaksoi reissun paremmin kuin osattiin etukäteen edes toivoa, joten enää ei tarvitse miettiä miten pitkälle kääpiövillakoiran kanssa voi vaeltaa tai minkälaisiin maastoihin sen voi viedä. Reissun pituus ja vaativuus tuli arvioitua reilusti alakanttiin ja oltiin varattu reitin kulkemiselle aivan liian vähän aikaa, joten tällä kertaa koko vaellus meni hieman suorittamisen puolelle. Kaikesta huolimatta oli upea seikkailu :)  

#Vaellus #Retkeily #UKK #ukk #Lappi",UChBPAnbOE1bTbvEp-dttZXA,Retkireppu,56997.0,1968.0,270.0,"Hobby,Lifestyle_(sociology),Tourism",68.1666667,28.25,2022-07-17 11:47:37+00:00,PT51M38S,https://www.youtube.com/watch?v=r4HoVJsd6TQ,Urho Kekkonen
xGam-16GYng,Kuvausretki Kolille,"Allekirjoittanut kävi Vegesaken, Siljan, Ticon sekä Hetan kanssa Kolin Kansallispuistossa Kuvausretkellä. Kuvattiin Saken biisiin musavideota sekä otettiin hienoja maisemakuvia Ikolanahon sekä Mäkrävaaran ympäristöstä. Istuttiin iltaa, musisoitiin ja pidettiin tupaa lämpimänä. Oli rentouttava reissu. :)


katsastakaapa Vegesaken kanava: https://www.youtube.com/channel/UC-qkeYYA0tyORf3sKB-DSzg",UChBPAnbOE1bTbvEp-dttZXA,Retkireppu,4512.0,273.0,22.0,"Hobby,Lifestyle_(sociology)",63.096858,29.8062314,2021-01-19 18:14:35+00:00,PT8M54S,https://www.youtube.com/watch?v=xGam-16GYng,Koli
qlUqUVTM5yg,Liesjärven Kansallispuisto | Kotateltta Nuuksiossa | Hyypiön Vuokratupa,"Jokin aika sitten kävimme ystäväni Teron kanssa  piipahtamassa Nuuksion kupeessa, Kattilajärven Ulkoilualueella viettämässä yö Luxe Hercules teltalla ja titaanikamiinalla. Oli mukava ilta hyvän ruoan ja juttujen parissa. Terolla on myös oma kanava nimeltä @ihan_perus jonne hän silloin tällöin tuottaa retkeilyaiheisia videoita.

Kattilajärven Ulkoilualueelta siirryin Liesjärven Kansallispuistoon jossa kuljin hienoissa vanhoissa metsissä ja katselin tyynen Liesjärven jäätymistä. Yön vietin Hyypiön Vuokratuvassa joka oli oikein miellyttävä kokemus yöllisiä myyrän seikkailuja lukuunottamatta.

Armytek valaisimet Armytek.fi. -15% Koodilla ""retkireppu15""

Maukkaat retkiruoat osoitteesta retkiruoat.fi. -10% Koodilla ""RETKIREPPU10"".

Liittymällä kanavan jäseneksi, tuet Retkireppu kanavan toimintaa ja olet edistämässä aktiivista sisällön tuottoa kanavalle.
https://www.youtube.com/channel/UChBPAnbOE1bTbvEp-dttZXA/join

#vaellus #retkeily #ulkona",UChBPAnbOE1bTbvEp-dttZXA,Retkireppu,15404.0,552.0,49.0,"Hobby,Lifestyle_(sociology),Tourism",60.6832916,23.8430809,2023-11-03 14:08:46+00:00,PT28M58S,https://www.youtube.com/watch?v=qlUqUVTM5yg,Liesjärvi
pcffnP_Bsyg,Pyhätunturin ympäri | Voyager Retkiruoat | Vaellus 2023,"Kävin vetelemässä ahkiota Pyhä-Luoston Kansallispuistossa muutaman yön maaliskuun puolivälissä. Reitiksi valikoitui Pyhän Erämaareitti joka kulkee koko Pyhätunturien jonon ympäri. Reitillä sattui olemaan nyt todella vähän kulkijaa sillä reissulle sattui runsaita lumisateita jotka nosti jo ennestään paksua lumikerrosta ainakin 25 sentillä. Onneksi reissun lopussa säät suosi ja pääsin käymään Peurakerolla nätissä säässä. PS: Tavoitin Huttujärvellä seikkailleet lumikenkäilijät latukahvilalla ja varoitin heikoista jäistä. Lupasivat palata samoja jälkiä takaisin varaustuvalle josta olivat lähteneet.

Maistelin ranskalaisia Voyager Retkiruokia jonka maahantuojan, retkiruoat.fi kanssa minulla on yhteistyö. Voyager retkiruokapakkaukset valmistetaan voimapaperista ja ne voi polttaa. Jos maukkaat pakastekuivatut retkiruoat kiinnostaa, niin www.retkiruoat.fi tilauksesta saat 10% hinnasta pois koodilla RETKIREPPU10 (koodi koskee vain täysihintaisia tuotteita).

#retkeily #talvi #vaellus #luosto #lapland  #voyager #retkiruoat  #pyhäluostonkansallispuisto #hiihto #winter #suomi #hiistovaellus #luonto",UChBPAnbOE1bTbvEp-dttZXA,Retkireppu,19266.0,847.0,99.0,"Lifestyle_(sociology),Tourism",67.0851971,26.9197389,2023-04-02 08:05:03+00:00,PT36M29S,https://www.youtube.com/watch?v=pcffnP_Bsyg,Pyhä-Luosto
06RQSXsOE2g,Isojärven Kansallispuistossa 2019 (Reissukarjut),Käytiin neljän karjun voimin viettämässä viikonloppu Isojärven Kansallispuistossa Toukokuussa 2019. Sivutuotteena lapsuuden tovereiden tapaamisesta tuli oheinen video :) Hieman sateli ja viileää oli. Jossain välissä paisteli hetken aurinkokin.,UChBPAnbOE1bTbvEp-dttZXA,Retkireppu,3089.0,55.0,0.0,"Hobby,Lifestyle_(sociology),Tourism",,,2019-07-30 19:24:21+00:00,PT10M58S,https://www.youtube.com/watch?v=06RQSXsOE2g,Isojärvi
-kdWCjA3ASk,Vaellus Hossan Kansallispuistossa | 2021,Kävin kaverini Sofian kanssa pyörähtämässä neljä yötä Hossan Kansallispuistossa syksyllä 2021. Kuljettiin Aittojoelta aina Julmalle Ölkylle asti. :),UChBPAnbOE1bTbvEp-dttZXA,Retkireppu,26129.0,775.0,106.0,"Hobby,Lifestyle_(sociology),Tourism",,,2021-10-30 05:38:28+00:00,PT29M41S,https://www.youtube.com/watch?v=-kdWCjA3ASk,Hossa
mzQKJZZqhxA,Seitsemisen Kansallispuistossa Toukokuu 2018,Parin yön vaellus Seitsemisen Kansallispuistoon 2018. Tervetuloa matkalle mukaan :),UChBPAnbOE1bTbvEp-dttZXA,Retkireppu,3144.0,100.0,2.0,"Hobby,Lifestyle_(sociology),Tourism",,,2019-06-05 19:32:32+00:00,PT14M57S,https://www.youtube.com/watch?v=mzQKJZZqhxA,Seitseminen
lmSBHTQEy8k,Pojat Kelventeellä | Kuksan käsittelyä 2021 Retkeily,Käytiin lapsuuden tovereiden kanssa Päijänteen Kansallispuistossa rantalomailemassa. Kelvenne saari kuljettiin päästä päähän ja nautittiin täydellisistä säistä uiden ja oleskellen. Outo yöllinen vieraskin kävi leirissä :) Lisäksi hankin juuri uuden kuksan. Pitihän sekin käsitellä käyttökelpoiseksi.,UChBPAnbOE1bTbvEp-dttZXA,Retkireppu,7093.0,290.0,21.0,"Hobby,Lifestyle_(sociology),Tourism",61.3896745,25.4401744,2021-07-28 06:26:32+00:00,PT15M44S,https://www.youtube.com/watch?v=lmSBHTQEy8k,Päijänne
yt50-pzgsVA,Tyyni Ja Lämmin Toukokuun Melonta | Repoveden Kansallispuisto,"Reissukarjut FB: https://www.facebook.com/Reissukarjut-108033070579883/

Toukokuun alussa oli muutama erittäin tyyni ja lämmin päivä. Pitihän ne hyödyntää meloen ja suunnattiin Kouvolan pohjoisosiin melomaan. Yö vietettiin teltalla Määkijän tulentekopaikalla.",UChBPAnbOE1bTbvEp-dttZXA,Retkireppu,3784.0,119.0,13.0,"Hobby,Lifestyle_(sociology),Tourism",61.1879953,26.9023637,2020-05-06 17:39:55+00:00,PT14M42S,https://www.youtube.com/watch?v=yt50-pzgsVA,Repovesi
7jMbxblcu98,Hiihtoretki UKK-puistoon | Vaellus | Retkeily | Kaamos,"Käytiin Urho Kekkosen Kansallispuistossa katsomassa kaamosta. Mietin pitkään viitsiikö tästä edes julkaista videota. Kun paljon tekee  reissuja ympäri vuoden niin joskus tulee tehtyä hieman ""huonompiakin""  retkiä. Väkeä oli paljon, valittiin sen vuoksi huono lähtöpaikka.  Ensimmäisellä tuvalla oli mahdollisesti vatsatautia. (EDIT: Jälkikäteen sain tietää, että Suomunruoktussa tosiaan jylläsi Norovirus.) Etenemisvauhtikin  sekoitti reitti suunnitelmia. Valittiin yksinkertaisesti liian vähän  aikaa. Hannan uusi makuupussi Haglöfs Musca -26 ei ehkä sittenkään ollut riittävän lämmin.  En silti sano, että reissu oli täysin surkea. Oli hienoja maisemia ja  kauniita kaamoksen värejä ainakin alkumatkasta. 

#retkeily #vaellus #talvi #lappland #lappi",UChBPAnbOE1bTbvEp-dttZXA,Retkireppu,17847.0,774.0,74.0,"Lifestyle_(sociology),Tourism",68.1666667,28.25,2023-01-20 11:52:00+00:00,PT22M22S,https://www.youtube.com/watch?v=7jMbxblcu98,Urho Kekkonen
7Sg7MXMVVOg,Hiihtoretki Hossaan | Winnerwell Uuni | 2023 | Kotateltta,"Käytiin kahden yön retki Hossan Kansallispuistoon. Erittäin hiljainen Lounajan talvikierros tarjosi paljon luonnon rauhaa ja talven kauneutta. Säät suosi leppoisilla pakkaskeleillä pienen lumisateen saattelemana. Tällä kertaa ensi testiin pääsi Winnerwell kamiinauuni. Erittäin toimiva kapistus näin ensimmäisen reissun jälkeen ja menihän se reissu ihan mässäilyksi. Törmättiin jopa eläimiin. Sekä kuolleisiin että eläviin.

#kotateltta #titaanikamiina #retkeily #talvi #vaellus #hottent #winnerwell #kamiinauuni #hossa #hossankansallispuisto #winter #suomi #hottentcamping #luonto",UChBPAnbOE1bTbvEp-dttZXA,Retkireppu,23206.0,1034.0,77.0,"Lifestyle_(sociology),Tourism",,,2023-02-12 13:31:26+00:00,PT23M5S,https://www.youtube.com/watch?v=7Sg7MXMVVOg,Hossa
cAaC89fvpTU,Sokosti - Sinne Ja Takaisin | UKK Vaellus 2021 | Lappi,"Tervetuloa seuraamaan eeppistä vaellusta lapissa, Urho Kekkosen Kansallispuiston Sokostille (718m) ja takaisin. Reitti kulki lähtien Sivakkaojalta, Suomunruoktu, Tuiskukuru, Luiro ja Takaisin tulin Luirolta Tuiskukurun kautta Kotaköngäs, Rautulampi, Niilanpää ja takaisin Sivakkaojalle. Matkaa tuli taitettua yhteensä noin 80km. Ihastuin kyllä paikkaan välittömästi ja pakko päästä pian uudelleen :)






#Vaellus #Retkeily #UKK #ukk #Lappi",UChBPAnbOE1bTbvEp-dttZXA,Retkireppu,41388.0,1350.0,154.0,"Hobby,Lifestyle_(sociology),Tourism",68.1666667,28.25,2021-06-13 10:17:28+00:00,PT37M20S,https://www.youtube.com/watch?v=cAaC89fvpTU,Urho Kekkonen
uB6GQF1CYGY,Oulankajoki | Melonta | Retkeily 2023,"Käytiin Hannan kanssa melomassa ehkä suomen kaunein ja leppoisin melontareitti Kiutakönkäältä Jäkälämutkaan (25km) yhden yön retkenä. Hannalle tämä oli ensimmäinen melontaretki jokiolosuhteissa ja hienosti meni. Tämä melonta reitti on erityisen helppo ja sisältää vain pieniä nivoja ja näin sopii aloittelijoille ja jopa hieman varttuneemmille lapsillekkin. Tehtiin illalla hyvää sapuskaa ja nautittiin revontulien loisteesta myöhäissyksyisessä Oulangan Kansallispuistossa.

On tullut jonkin verran kyselyitä mistä Hannan kuvia voi katsella joten Hanna on nyt perustanut omat sometilit luontokuville ja videoille. Käykäähän tilaamassa. :)
@NordicNatureFilm 
https://www.instagram.com/nordicnaturefilm/

Maukkaat retkiruoat osoitteesta retkiruoat.fi. Koodilla ""RETKIREPPU10"" saat 10% alennusta tilauksesi loppusummasta.

Liittymällä kanavan jäseneksi, tuet Retkireppu kanavan toimintaa ja olet edistämässä aktiivista sisällön tuottoa kanavalle.
https://www.youtube.com/channel/UChBPAnbOE1bTbvEp-dttZXA/join

#vaellus #retkeily #kuusamo #oulankajoki #melonta",UChBPAnbOE1bTbvEp-dttZXA,Retkireppu,16067.0,679.0,49.0,"Hobby,Lifestyle_(sociology),Tourism",66.3745719,29.3222341,2023-10-10 11:10:20+00:00,PT18M38S,https://www.youtube.com/watch?v=uB6GQF1CYGY,Oulanka
EDTEPgC0ZDs,Kauhaneva-Pohjankankaan Kansallispuisto | Pikkujoulut | Retkipuudeli | Retkeily 2022 | Vaellus,"Järjestettiin lapsille pienet pikkujoulut erähenkisesti Kauhaneva-Pohjankankaan Kansallispuistossa. Tämä oli lapsille ensimmäinen kerta kotateltassa. Yöt meni tiiviissä tunnelmassa Luxen Octopeak f8e kotateltassa. Viikonloppuun mahtui runsaasti kaikenlaista herkkua sillä kyllähän tuo titaanikamiina hieman soveltamalla taipuu monenlaisen ruoan valmistamiseen. Pikkujoululahjoiksi lapset saivat elämänsä ensimmäiset puukot joiden käyttöä tullaan jatkossa harjoittelemaan metsässä. Päiväseltään käytiin katsastamassa Katikankanjoni sekä valtava suoalue :)


#vaellus #retkeily #kotateltta #hottent #hiking #outdoors #finland #suomi",UChBPAnbOE1bTbvEp-dttZXA,Retkireppu,8773.0,732.0,58.0,"Hobby,Lifestyle_(sociology),Tourism",62.195846,22.4502732,2022-12-01 10:52:47+00:00,PT19M48S,https://www.youtube.com/watch?v=EDTEPgC0ZDs,Kauhaneva-Pohjankangas
FHhntJtdMx0,2018 Melontaa Hossan Kansallispuistossa,Löytyi tietokoneen syövereistä vanha melontavideo jonka kuvasin juuri ennen kuin Reissukarjut oli perustettu :) Laitan sen siis tänne teidänkin iloksi nyt kun talvi tulee ja materiaalia muutenkin tulee hieman harvemmalla tahdilla :),UChBPAnbOE1bTbvEp-dttZXA,Retkireppu,3218.0,85.0,7.0,"Hobby,Lifestyle_(sociology),Tourism",,,2020-12-12 07:42:48+00:00,PT9M52S,https://www.youtube.com/watch?v=FHhntJtdMx0,Hossa
6UlqP6HeHWs,Vaellus Hirvaan Kierroksella 58km | Salamajärven Kansallispuisto 2022,"Salamajärven Kansallispuisto on minulle entuudestaan tuttu vain pieneltä osin. Hirvaan Kierros 58km on ollut mielessä jo useamman vuoden. Nyt päätin lähteä kiertämään sen ja kannatti. Reitti oli erittäin vaihteleva ja katseltavaa kyllä riitti. Maasto oli paikoitellen hyvinkin vaativaa kivikkoisuuden takia. Alueella onkin suurimmat pirunpellot, joita olen koskaan nähnyt. Erityisesti jäi mieleen muutamat karttoihin merkitsemättömät nuotiopaikat (kuten Talviaho), jotka oli kyllä todella hienoja omassa askeettisuudessaan. Eikä sovi unohtaa niitä valtavia soita jotka halkoo aluetta siellä täällä. Kyllä sinne täytyy vielä kunnon kalareissu tehdä joskus. Hyvää Juhannusta kaikille!",UChBPAnbOE1bTbvEp-dttZXA,Retkireppu,26407.0,1127.0,139.0,"Hobby,Lifestyle_(sociology),Tourism",63.2357871,24.8229325,2022-06-22 11:44:33+00:00,PT46M55S,https://www.youtube.com/watch?v=6UlqP6HeHWs,Salamajärvi
2UupSHJvbWs,Ruskavaellus | UKK | Tuntemattomilla poluilla | 2023,"Kävin syyskuun ensimmäisellä viikolla viettämässä Urho Kekkosen Kansallispuistossa viisi päivää. Ideana tällä reissulla oli käydä vain sellaisissa paikoissa joissa en aiemmin ole käynyt. Hieman ongelmia vaelluksella aiheutti normaalia korkeammalla olleet vedet jotka pakotti muuttamaan reittiä radikaalisti. 

Oli hienoa kulkea syrjäisimpiä polkuja sekä kulkea paljon poluttomassa maastossa. Leiriytyä paikkoihin polkujen ulkopuolelle ja tehdä tulet tervaksesta. Koko vaelluksen aikana en törmännyt kuin yhteen kulkijaan.

Maukkaat Ranskalaiset retkiruoat osoitteesta https://retkiruoat.fi/
Koodilla ""RETKIREPPU10"" saat 10% alennusta normaalihintaisista tuotteista.

Retkeilyvarusteita osoitteesta https://luonterra.fi/
Koodilla ""RETKIREPPU -10"" saat 10% alennusta kaikista tuotteista.

Liittymällä kanavan jäseneksi, tuet Retkireppu kanavan toimintaa ja olet edistämässä aktiivista sisällön tuottoa kanavalle.
https://www.youtube.com/channel/UChBPAnbOE1bTbvEp-dttZXA/join

#Vaellus #Retkeily #UKK #ukk #Lappi",UChBPAnbOE1bTbvEp-dttZXA,Retkireppu,31094.0,1083.0,122.0,"Hobby,Lifestyle_(sociology),Tourism",68.1666667,28.25,2023-09-23 08:09:37+00:00,PT44M53S,https://www.youtube.com/watch?v=2UupSHJvbWs,Urho Kekkonen
J12Ra5qox88,Vaellus Hiidenportin Kansallispuistossa,"Vietin kesäkuun alussa kaksi upeaa vuorokautta Hiidenportin Kansallispuistossa. Tämä oli minulle uusi kansallispuisto ja käynti siellä osoittautui elämykseksi. Ihastuin vanhaan metsään jota Hiidenportti tarjosi yllin kyllin. Kuljin koko puiston päästä päähän Käärmesärkältä Palolammelle ja takaisin. Paljon jäi vielä nähtävää ja ehdottomasti aion palata uudelleen. :)


Reissukarjut FB: https://www.facebook.com/Reissukarjut-108033070579883",UChBPAnbOE1bTbvEp-dttZXA,Retkireppu,14352.0,396.0,36.0,"Hobby,Lifestyle_(sociology),Tourism",63.8741974,29.0562377,2020-06-09 04:50:30+00:00,PT23M32S,https://www.youtube.com/watch?v=J12Ra5qox88,Hiidenportti
ClGWoR4tovA,Kotatelttailua Repovedellä (Uusi Kamera),"Kävin Vegesaken kanssa fiilistelemässä syksyisessä Repoveden Kansallispuistossa. Oli paljon hyvää ruokaa ja riittävästi. Olen myös hankkinut uuden kameran ja tämä video onkin uudella kuvattu lukuunottamatta muutamia klippejä. Erittäin tyytyväinen olen ostokseen :)


Vegesaken kanava: https://www.youtube.com/channel/UC-qkeYYA0tyORf3sKB-DSzg",UChBPAnbOE1bTbvEp-dttZXA,Retkireppu,7316.0,337.0,33.0,"Hobby,Lifestyle_(sociology),Tourism",,,2021-01-12 10:29:59+00:00,PT17M41S,https://www.youtube.com/watch?v=ClGWoR4tovA,Repovesi
KQk-5zTspG8,Talviretki Seitsemiseen | Vastaillaan katsojien kysymyksiin | Q&A | Retkipuudeli,"Käytiin Hannan ja Retkipuudelin, Topin kanssa Seitsemisen Kansallispuistossa tekemässä yön yli retki ahkioita vedellen viime viikonloppuna. (2.-3.12.2023) Säät oli hienot, mutta kirpakka viidentoista asteen pakkanen joka oli jo siinä rajoilla, että Retkipuudelin kanssa voi retkelle lähteä. Topin mukana olon vuoksi majoitteeksi valikoitui kotateltta titaanikamiinalla. Tehtiin samalla Q&A osio kotateltassa jossa käytiin läpi kaikki kysymykset mitä somessa meille oli esitetty. 

Polarcraft.fi on kertonut halukkuudestaan tarjota seuraajilleni 15% alennus tuotteista koodilla ""RETKIREPPU15"". Koodia käytetään suoraan tilauksen lisätietokentässä tai sähköpostilla kun tilaa yksilöityä tuotetta.

Maukkaat retkiruoat osoitteesta retkiruoat.fi. -10% Koodilla ""RETKIREPPU10"".

Reissu alkaa 00:00
Kotateltta pystyyn 02:16
Polarcraft Puukko 03:37
Hyvää sapuskaa 05:38
Q&A alkaa 06:37
Kolme hyvää puolta toisissanne? 06:51
Kuinka kauan yhdessä? 08:19
Mistä idea Youtube videoiden tekoon? 08:29
Vieläkö ABB ajoilta kuvia tallessa? 09:23
Kuvauskalusto? 09:59
Käytätkö mikrofoneja? 12:22
Paljonko rinkka painaa? 12:55
Mikä kamera aloittelevalle kuvaajalle? 14:31
Valmistautuuko topi vaelluksille? 16:32
Tarkeneeko Puudeli talvella? 17:00
Hammastunturin Riekkokämpän vieraskirja? 17:46
Lidä live? 18:18
Teknologian kehitys ja sosiaalinen media? 19:25
Teet musiikkia? 20:22
Miten olette varautunueet karhukohtaamisiin? 21:25
Vaarallisin tilanne joka vaelluksella käynyt? 22:34
Lempi retkiruoka? 24:30
Miten eniten tilaajia omasta mielestä? 26:18
Mikä ollut vaikeinta kanavan kasvattamisessa? 27:04
Tuleeko pilalle menneitä klippejä? 27:50
Mieleenpainuvin paikka maisemallisesti? 28:48
Mieleenpainuvin hetki vaelluksella? 30:19
Vieläkö tekemisissä videoilla ennen näkyneiden kavereiden kanssa? 32:06
Mitä kotatelttaa ja kamiinaa suosittelet? 33:10
Mikä sai vaihtamaan bodauksen retkeilyyn? 34:56
Tunnelmallisin sauna ja missä? 35:40
Neuvoja aloittelevalle retkeilijälle? 36:44
Elämän tarkoitus? 40:34
Seuraava aamu 43:16
Voyager retkiruokaa 43:35
Teltan purku ja reissun lopetus 45:15

Liittymällä kanavan jäseneksi, tuet Retkireppu kanavan toimintaa ja olet edistämässä aktiivista sisällön tuottoa kanavalle.
https://www.youtube.com/channel/UChBPAnbOE1bTbvEp-dttZXA/join",UChBPAnbOE1bTbvEp-dttZXA,Retkireppu,18162.0,602.0,98.0,"Hobby,Lifestyle_(sociology),Tourism",61.969428,23.3613429,2023-12-08 15:51:59+00:00,PT47M13S,https://www.youtube.com/watch?v=KQk-5zTspG8,Seitseminen
K_WB_GudQ4I,Lemmenjoki | Kultareitti | Vaellus 2021,"Lähdin kulkemaan Juhannuksena 2021 Lemmenjoen Kansallispuiston Kultareitin Muurahaislammelta. Räkkä oli vasta aluillaan, mutta paikoitellen itikkaa oli ihan kiitettävästi. Reitti kulkee pääosin kangasmetsissä ja vasta etelämpänä nousee tunturiin ja takaisin. Kävin katsastamassa Morgam-Viipuksen (puiston korkein huippu 601m), Ravadaskönkään ja Joenkielisen. Tervetuloa mukaan! :)


https://www.facebook.com/Retkireppu",UChBPAnbOE1bTbvEp-dttZXA,Retkireppu,28903.0,1099.0,76.0,"Hobby,Lifestyle_(sociology),Tourism",68.6388189,25.5985362,2021-07-11 12:00:27+00:00,PT26M12S,https://www.youtube.com/watch?v=K_WB_GudQ4I,Lemmenjoki
KRfuQM5QmyE,Repoveden Kansallispuisto Toukokuu 2019,Kipasin Repoveden Kansallispuistossa pari yötä. Hieno paikka ja hienoja maisemia :),UChBPAnbOE1bTbvEp-dttZXA,Retkireppu,6382.0,155.0,7.0,"Hobby,Lifestyle_(sociology),Tourism",,,2019-06-06 13:36:42+00:00,PT23M24S,https://www.youtube.com/watch?v=KRfuQM5QmyE,Repovesi
8FO8VXRxIPc,Patvinsuo Vaellus 2021,Kävin parin yön vaelluksen Patvinsuon Kansallispuistossa Toukokuun lopulla 2021. Kiersin suoalueen ympäri. On upea paikka retkeilyyn. Runsaasti upeaa suoluontoa. Retkireppu suosittelee! :),UChBPAnbOE1bTbvEp-dttZXA,Retkireppu,15285.0,621.0,70.0,"Hobby,Lifestyle_(sociology),Tourism",63.1131218,30.7011862,2021-06-08 09:19:42+00:00,PT22M30S,https://www.youtube.com/watch?v=8FO8VXRxIPc,Patvinsuo
BkhDllO_C0E,Isojärven Kansallispuistossa Kesäkuussa 2018,Neljän yön vaellus Isojärven Kansallispuistossa Kesäkuussa 2018. Terrvetuloa matkalle mukaan :),UChBPAnbOE1bTbvEp-dttZXA,Retkireppu,3572.0,117.0,11.0,"Hobby,Lifestyle_(sociology),Tourism",,,2019-06-05 20:08:24+00:00,PT16M46S,https://www.youtube.com/watch?v=BkhDllO_C0E,Isojärvi
-hQn7FbAXSM,Saaristomeren Kansallispuisto 2019 (Jurmo),"Minä ja Mikko käytiin viettämässä heinäkuun puolivälissä viikonloppu Jurmossa joka osittain kuuluu saaristomeren kansallispuistoon. Kelit oli komeat ja nahkakin paloi.
--------------
Me and Mikko spent weekend on the island of Jurmo. The island partially belongs to the Archipelago National Park, Finland.",UChBPAnbOE1bTbvEp-dttZXA,Retkireppu,4080.0,77.0,2.0,"Hobby,Lifestyle_(sociology),Tourism",,,2019-08-12 20:15:50+00:00,PT15M9S,https://www.youtube.com/watch?v=-hQn7FbAXSM,Archipelago
U0Ek1XUtWpI,Vaellus Lasten Kanssa | Repovesi 2022,"Kävimme koko porukan voimin Repoveden Kansallispuistossa vaellluksella. Matkassa oli retkipuudeli, Topi sekä Hannan lapset Maisa ja Minja. Mistä on hyvät vaellukset tehty? Lasten mielestä tällä Repoveden reissulla ainakin nuotioruuasta, vaahtokarkkien paahtamisesta ja makkaranpaistosta, telttaöistä “omassa” teltassa ilman aikuisia, vetolossin vetämisestä ihan itse,
kärrynpyöristä, hienoista maisemista, vesileikeistä ja vaatteet päällä uimisesta,
näkötornista, seikkailuista leirissä, korkeista kallioista, kiipeilystä ja
korvapuustipuurosta. 

Repovesi on minulle tuttu paikka jo vuosien takaa, mutta Olhavan jylhyys ei jätä koskaan kylmäksi. Tällä kertaa myös oli hieman kalaonneakin matkassa. Saatiin nauttia hienoista maisemista, hyvistä eväistä ja juuri heränneiden mäkäräistenkin lystikkäästä seurasta.",UChBPAnbOE1bTbvEp-dttZXA,Retkireppu,13634.0,611.0,70.0,"Hobby,Lifestyle_(sociology),Tourism",61.1879953,26.9023636,2022-06-02 13:21:22+00:00,PT29M9S,https://www.youtube.com/watch?v=U0Ek1XUtWpI,Repovesi
8Tx5hcNjAwk,Hillasoilla 2020,"Hillareissu Syötteen kansallispuiston vaaramaisemiin. Rinnesoita, komeita maisemia, luonnonrauhaa. Kumpu-raatevaaran pohjoispäässä. 2020 oli huippu hillauosi lähes kautta maan, missä hilloja vain kohtuuella essiintyy.",UChfJAvr2wZiyDbtsGVcKOsA,J.kummala,8430.0,148.0,28.0,Lifestyle_(sociology),,,2020-12-28 15:13:27+00:00,PT11M58S,https://www.youtube.com/watch?v=8Tx5hcNjAwk,Syöte
v9TrgMLYQlc,Kuumottava kisarata? Alamäkipyöräilykilpailut Nuuksiossa,"Viikonloppuna ajettiin SuomiDH alamäkipyöräilyn SM-cupin toinen osakilpailu helteisen tomuisessa Nuuksio Bike Parkissa. Lyhyt mutta pippurinen rata tarjoili monipuolista tekemista: isoa hyppyriä, terävää kivikkoa, liukkaita mutkia ja jyrkkiä kalliorolleja.

Kansikuva: Petri Ollanketo
Lisävideoita: Elina Ruoppa, Anssi Teittinen

Jätä tykkäys 👍🏻 ja muista tilata kanava! ​🤘🏻⚡

Kauppa: https://pelkkaa-alamakea.com/shop
Instagram: https://instagram.com/pelkkaa_alamakea
Facebook: https://fb.me/pelkkaa.alamakea
Yhteydenotot: pelkkaa.alamakea@gmail.com

Videon musiikit: https://www.epidemicsound.com/referral/1qa5ah/

#mtb #mountainbiking #maastopyöräily #alamäkipyöräily #bikepark #downhillmtb",UChqBVvX3faw5Saf_6aBmDnQ,Pelkkää Alamäkeä,4023.0,147.0,14.0,"Hobby,Lifestyle_(sociology)",,,2023-06-19 17:39:41+00:00,PT20M29S,https://www.youtube.com/watch?v=v9TrgMLYQlc,Nuuksio
Ju3VDRwZ5-s,Minilla ajaa alamäkeä kilpaa! MTBRally Gravity Cup Meri-Teijo Bike Park,"Viikonloppuna ajettiin tomuisen hikisessä Meri-Teijo Bike Parkissa MTBRallyn eteläsuomen Gravity Cupin ensimmäinen osakilpailu. Tällä kertaa itseni lisäksi kameran rintaansa sai Minilla ""Mimmi"" Tikkakoski. Pääsette näkemään miten me pärjäsimme 12 kisalaskua haastavissa olosuhteissa.

Tulokset: https://s3.eu-north-1.amazonaws.com/results.mtbrally.com/2023/1106/index.html

Kansikuva: Mikko Olki (IG: @mikkolki )

Jätä tykkäys 👍🏻 ja muista tilata kanava! ​🤘🏻⚡

Kauppa: https://pelkkaa-alamakea.com/shop
Instagram: https://instagram.com/pelkkaa_alamakea
Facebook: https://fb.me/pelkkaa.alamakea
Yhteydenotot: pelkkaa.alamakea@gmail.com

Videon musiikit: https://www.epidemicsound.com/referral/1qa5ah/

#mtb #mountainbiking #maastopyöräily #alamäkipyöräily #bikepark #downhillmtb",UChqBVvX3faw5Saf_6aBmDnQ,Pelkkää Alamäkeä,3390.0,108.0,14.0,"Lifestyle_(sociology),Vehicle",,,2023-06-13 08:39:23+00:00,PT22M35S,https://www.youtube.com/watch?v=Ju3VDRwZ5-s,Teijo
d47CyDPWDzw,Aloittelija versus Tubettaja! 8 rataa speksattuna ja kisattuna!,"Tässä melkein puolen tunnin pläjäyksessä speksataan ja sitten kisataan läpi jokainen Nuuksio Bike Parkin rata läpi! 

Miten selviää toista kertaa bike parkkiin saapunut Teemu Nuuksion mustista rinteistä? Paljonko syntyy nopeuseroja aloittelijan ja tubettajan välille vai syntyykö?

Jätä tykkäys, jos pidit videosta!  👍🏻 Ja muista tilata kanava! ​🤘🏻⚡

Kauppa: https://pelkkaa-alamakea.myspreadshop.fi
Instagram: https://instagram.com/pelkkaa_alamakea
Facebook: https://fb.me/pelkkaa.alamakea
Yhteydenotot: pelkkaa.alamakea@gmail.com

Videon musiikit: https://www.epidemicsound.com/referral/1qa5ah/

#mtb #mountainbiking #maastopyöräily #alamäkipyöräil",UChqBVvX3faw5Saf_6aBmDnQ,Pelkkää Alamäkeä,4192.0,102.0,20.0,"Hobby,Lifestyle_(sociology)",,,2022-08-12 16:48:11+00:00,PT32M1S,https://www.youtube.com/watch?v=d47CyDPWDzw,Nuuksio
_4ZyiTYh2-Y,Huiman kaunis Syötteenkierros | Maastopyöräily | Iso-Syöte,"Jos päätyy Iso-Syötteelle, kannattaa ehdottomasti pyöräillä 19 kilometrin Syötteenkierros. Se on yksi kauneimpia maastopyöräreittejä jota olen ajanut.

** Video tehty kaupallisessa yhteistyössä Iso-Syötteen kanssa **
https://hotellikide.fi/
https://julkaisut.metsa.fi/assets/pdf/lp/Esitteet/syote-syotteenkierros-mtb.pdf

Jätä tykkäys, jos pidit videosta!  👍🏻 Ja muista tilata kanava! ​🤘🏻⚡

Kauppa: https://pelkkaa-alamakea.myspreadshop.fi
Instagram: https://instagram.com/pelkkaa_alamakea
Facebook: https://fb.me/pelkkaa.alamakea
Yhteydenotot: pelkkaa.alamakea@gmail.com

Videon musiikit: https://www.epidemicsound.com/referral/1qa5ah/

#mtb #mountainbiking #maastopyöräily #alamäkipyöräil",UChqBVvX3faw5Saf_6aBmDnQ,Pelkkää Alamäkeä,8417.0,158.0,18.0,Lifestyle_(sociology),,,2022-07-17 15:42:20+00:00,PT8M29S,https://www.youtube.com/watch?v=_4ZyiTYh2-Y,Syöte
EENoSgZe-Xw,"Hybridin puuhyppyri, Meri-Teijo Bike Park #mtb #bikepark #shorts","Jätä tykkäys, jos pidit videosta!  👍🏻 Ja muista tilata kanava! ​🤘🏻⚡

Kauppa: https://pelkkaa-alamakea.myspreadshop.fi
Instagram: https://instagram.com/pelkkaa_alamakea
Facebook: https://fb.me/pelkkaa.alamakea
Yhteydenotot: pelkkaa.alamakea@gmail.com

Videon musiikit: https://www.epidemicsound.com/referral/1qa5ah/

#mtb #mountainbiking #maastopyöräily #alamäkipyöräily",UChqBVvX3faw5Saf_6aBmDnQ,Pelkkää Alamäkeä,1911.0,43.0,0.0,"Lifestyle_(sociology),Vehicle",,,2022-11-05 13:00:10+00:00,PT16S,https://www.youtube.com/watch?v=EENoSgZe-Xw,Teijo
ZZUKpl-hHeE,Shockwizziä ja kineesioteippiä Meri-Teijo Bike Parkissa,"Tässä jaksossa haetaan DH-pyörän keulaan asetuksia mainiossa Meri-Teijon Bike Parkissa.

Shockwiz on kiinnostava laite. Se on myös melko arvokas mutta moni pyöräliike, pyöräilyseura ja yksityinen kuski vuokraa sitä muutamalla kympillä.

Jätä tykkäys, jos pidit videosta!  👍🏻 Ja muista tilata kanava! ​🤘🏻⚡

Kauppa: https://pelkkaa-alamakea.myspreadshop.fi
Instagram: https://instagram.com/pelkkaa_alamakea
Facebook: https://fb.me/pelkkaa.alamakea
Yhteydenotot: pelkkaa.alamakea@gmail.com

Videon musiikit: https://www.epidemicsound.com/referral/1qa5ah/

#mtb #mountainbiking #maastopyöräily #alamäkipyöräil",UChqBVvX3faw5Saf_6aBmDnQ,Pelkkää Alamäkeä,3113.0,88.0,12.0,Lifestyle_(sociology),,,2022-07-30 07:39:18+00:00,PT13M32S,https://www.youtube.com/watch?v=ZZUKpl-hHeE,Teijo
J_9rNE5GoU0,Esittelyssä Iso-Syöte Bike Park,"Lappi roadtrip päättyi alamäkipyöräilyyn mainiossa Iso-Syöte Bike Parkissa. Paikasta löytyi DH reittiä, flowbaanaa, erinomaista enduroreittiä ja harvinainen herkku: pitkä hyppylinja!

** Video on tehty kaupallisessa yhteistyössä Iso-Syötteen kanssa **

Jätä tykkäys, jos pidit videosta!  👍🏻 Ja muista tilata kanava! ​🤘🏻⚡

Kauppa: https://pelkkaa-alamakea.myspreadshop.fi
Instagram: https://instagram.com/pelkkaa_alamakea
Facebook: https://fb.me/pelkkaa.alamakea
Yhteydenotot: pelkkaa.alamakea@gmail.com

Videon musiikit: https://www.epidemicsound.com/referral/1qa5ah/

#mtb #mountainbiking #maastopyöräily #alamäkipyöräily #bikepark",UChqBVvX3faw5Saf_6aBmDnQ,Pelkkää Alamäkeä,8066.0,149.0,17.0,Lifestyle_(sociology),,,2022-07-18 15:28:15+00:00,PT17M,https://www.youtube.com/watch?v=J_9rNE5GoU0,Syöte
jQDqtlofS_o,Kuivaa paikkaa etsimässä | Nuuksio Bike Park | Alamäkipyöräily,"Kelit kylmenee ja jäinen mutavelli on tavallinen kaveri niissä bike parkeissa jotka vielä ovat auki. Aurinkoinen perjantai sai kuitenkin minut toiveikkaana suuntaamaan Nuuksioon etsimään viimeisiä kuivia reittejä ajettavaksi. Uusimmassa jaksossa selviää löytyikö sellaisia?

Liity kanavan kannattajajäseneksi:
https://www.youtube.com/channel/UChqBVvX3faw5Saf_6aBmDnQ/join

Jätä tykkäys 👍🏻 ja muista tilata kanava! ​🤘🏻⚡

Kauppa: https://pelkkaa-alamakea.com/shop
Instagram: https://instagram.com/pelkkaa_alamakea
Facebook: https://fb.me/pelkkaa.alamakea
Yhteydenotot: pelkkaa.alamakea@gmail.com

Videon musiikit: https://www.epidemicsound.com/referral/1qa5ah/

#mtb #mountainbiking #maastopyöräily #alamäkipyöräily #bikepark #downhillmtb",UChqBVvX3faw5Saf_6aBmDnQ,Pelkkää Alamäkeä,2335.0,73.0,6.0,Lifestyle_(sociology),,,2023-10-22 04:54:58+00:00,PT11M25S,https://www.youtube.com/watch?v=jQDqtlofS_o,Nuuksio
J--ywPSBJOs,"Mordor ja Keisari, Nuuksio Bike Parkin uudet mustat","Tässä jaksossa testataan Nuuksio Bike Parkin kaksi uusinta mustaa rataa: Mordor ja Keisari DH. Mordor valmistui viime kauden päätteeksi ja Keisari rakennettiin SuomiDH kisoja varten ja se valmistui vasta muutama viikko sitten.

Jarnon kanava: https://www.youtube.com/channel/UCC7DWL72hZphXH5M1ibgP-A

Jätä tykkäys, jos pidit videosta!  👍🏻 Ja muista tilata kanava! ​🤘🏻⚡

Kauppa: https://pelkkaa-alamakea.myspreadshop.fi
Instagram: https://instagram.com/pelkkaa_alamakea
Facebook: https://fb.me/pelkkaa.alamakea
Yhteydenotot: pelkkaa.alamakea@gmail.com

Videon musiikit: https://www.epidemicsound.com/referral/1qa5ah/

#mtb #mountainbiking #maastopyöräily #alamäkipyöräily",UChqBVvX3faw5Saf_6aBmDnQ,Pelkkää Alamäkeä,3409.0,101.0,18.0,Lifestyle_(sociology),,,2022-07-20 10:48:30+00:00,PT7M43S,https://www.youtube.com/watch?v=J--ywPSBJOs,Nuuksio
7VJ2UnR88vo,Ekaa kertaa Funduroa! | Funduro Cup Nuuksio Bike Park,"Kisareportaasia ensikertalaiselta Nuuksion Bike Parkissa järjestetystä Funduro Cupin osakilpailusta. 

Vaikka kyseessä onkin kilpailu, Funduro Cup:ssa keskitytään pitämään hauskaa ja nauttimaan maastopyöräilystä hyvässä seurassa vanhojen ja uusien kavereiden kanssa. Tavoitteen asetat itse: jarrut auki palkintopallille kaahaten, oman mukavuusalueen rajoja koetellen tai vain uusista ajopaikoista nautiskellen.

Minulla oli laskuvälineenä sähkömaastopyörä YT Decoy.

Jätä tykkäys, jos pidit videosta!  👍🏻

Tilaa kanava: https://bit.ly/33388r7 🤘🏻⚡

Instagram: https://instagram.com/pelkkaa_alamakea
Facebook: https://fb.me/pelkkaa.alamakea

#mtb #mountainbiking #maastopyöräily #enduro #funduro",UChqBVvX3faw5Saf_6aBmDnQ,Pelkkää Alamäkeä,4663.0,57.0,4.0,"Lifestyle_(sociology),Motorsport",,,2020-07-13 15:34:12+00:00,PT22M9S,https://www.youtube.com/watch?v=7VJ2UnR88vo,Nuuksio
j0ABgJLFzE8,Näkövammaiset bike parkissa?,"Pääsin seuraamaan jotain varsin harvinaista mutta inspiroivaa kun kourallinen näkövammaisia saapui Nuuksio Bike Parkkiin kokeilemaan alamäkipyöräilyä! Miten homma toimii ja kuinka kaverit pärjäsivät, se selviää tässä jaksossa.

Kysymyksiä voi laittaa jaksossa esiintyneelle Nooralle osoitteeseen noora.talvala@hotmail.com . Käy myös kurkkaamassa näkövammaisten urheiluseuran Aistin kotisivut: https://aistisport.com/

Jätä tykkäys, jos pidit videosta!  👍🏻 Ja muista tilata kanava! ​🤘🏻⚡

Kauppa: https://pelkkaa-alamakea.myspreadshop.fi
Instagram: https://instagram.com/pelkkaa_alamakea
Facebook: https://fb.me/pelkkaa.alamakea
Yhteydenotot: pelkkaa.alamakea@gmail.com

Videon musiikit: https://www.epidemicsound.com/referral/1qa5ah/

#mtb #mountainbiking #maastopyöräily #alamäkipyöräil",UChqBVvX3faw5Saf_6aBmDnQ,Pelkkää Alamäkeä,2693.0,171.0,25.0,Lifestyle_(sociology),,,2022-08-02 07:29:44+00:00,PT13M24S,https://www.youtube.com/watch?v=j0ABgJLFzE8,Nuuksio
C1ppiVU7sF0,Agenttilinjoja Meri-Teijo Bike Parkissa!,"Meri-Teijo bike parkista löytyi kokonaan uusi rata Rölli ja toinen joka valmistuu ihan lähi päivinä tulevia SuomiDH kisoja varten. Näiden lisäksi testasin muutamia agenttilinjoja ja nautiskelin Hangerin tarjoilemasta lentämisestä.

Liity kanavan kannattajajäseneksi:
https://www.youtube.com/channel/UChqBVvX3faw5Saf_6aBmDnQ/join

Jätä tykkäys 👍🏻 ja muista tilata kanava! ​🤘🏻⚡

Kansikuva: Mikko Olki / MTBRally.com
Kauppa: https://pelkkaa-alamakea.com/shop
Instagram: https://instagram.com/pelkkaa_alamakea
Facebook: https://fb.me/pelkkaa.alamakea
Yhteydenotot: pelkkaa.alamakea@gmail.com

Videon musiikit: https://www.epidemicsound.com/referral/1qa5ah/

#mtb #mountainbiking #maastopyöräily #alamäkipyöräily #bikepark #downhillmtb",UChqBVvX3faw5Saf_6aBmDnQ,Pelkkää Alamäkeä,2263.0,93.0,12.0,Lifestyle_(sociology),,,2023-08-22 13:54:34+00:00,PT20M2S,https://www.youtube.com/watch?v=C1ppiVU7sF0,Teijo
SpAZLSwoRrQ,Mikä ihmeen MTBP? | Meri-Teijo Bike Park | Alamäkipyöräily,"Tässä jaksossa käydään tutustumassa Meri-Teijo Bike Parkkiin. MTBP on auki vasta toista kauttaan mutta tarjoili meille loistavia reittejä ja kiitettävästi haasteita.

Jätä tykkäys, jos pidit videosta!  👍🏻
Tilaa kanava: https://youtube.com/c/pelkkaaalamakea 🤘🏻⚡

Kauppa: https://pelkkaa-alamakea.myspreadshop.fi
Instagram: https://instagram.com/pelkkaa_alamakea
Facebook: https://fb.me/pelkkaa.alamakea
Yhteydenotot: pelkkaa.alamakea@gmail.com

Videon musiikit: https://www.epidemicsound.com/referral/1qa5ah/

#mtb #mountainbiking #maastopyöräily #alamäkipyöräily",UChqBVvX3faw5Saf_6aBmDnQ,Pelkkää Alamäkeä,8825.0,269.0,31.0,Lifestyle_(sociology),,,2021-07-05 10:33:42+00:00,PT18M3S,https://www.youtube.com/watch?v=SpAZLSwoRrQ,Teijo
h8pFjz38YSE,Freeride rata Hanger läpi? | Meri-Teijo Bike Park,"Kona Freeride Cuppia varten Meri-Teijo Bike Parkkiin rakennettiin hurja musta freeride rata joka kantaa nimeä Hanger. Miten kävi vanhalle miehelle kun sunnuntaina otin tavoitteeksi radan läpi pääsemisen?

Jätä tykkäys, jos pidit videosta!  👍🏻 Ja muista tilata kanava! ​🤘🏻⚡

Lisävideoita: Tuike Järvi, Juho Sallinen
Kauppa: https://pelkkaa-alamakea.myspreadshop.fi
Instagram: https://instagram.com/pelkkaa_alamakea
Facebook: https://fb.me/pelkkaa.alamakea
Yhteydenotot: pelkkaa.alamakea@gmail.com

Videon musiikit: https://www.epidemicsound.com/referral/1qa5ah/

#mtb #mountainbiking #maastopyöräily #alamäkipyöräil",UChqBVvX3faw5Saf_6aBmDnQ,Pelkkää Alamäkeä,7231.0,174.0,36.0,"Hobby,Lifestyle_(sociology)",,,2022-09-05 13:57:25+00:00,PT10M36S,https://www.youtube.com/watch?v=h8pFjz38YSE,Teijo
H56YuWztnNw,Ensikertalaisen kanssa Nuuksio Bike Parkissa,"Tällä kertaa käymme alamäkipyöräilemässä Nuuksio Bike Parkissa. Mukaan lähtee Elina, jolla ei aikaisempaa kokemusta alamäkipyöräilystä ole ja maastopyöräilystäkin vain hitunen. Miten Elina pärjää ja onko hänellä kivaa?

Jätä tykkäys, jos pidit videosta!  👍🏻
Tilaa kanava: https://bit.ly/33388r7 🤘🏻⚡

Instagram: https://instagram.com/pelkkaa_alamakea
Facebook: https://fb.me/pelkkaa.alamakea

#mtb #mountainbiking #maastopyöräily #alamäkipyöräily",UChqBVvX3faw5Saf_6aBmDnQ,Pelkkää Alamäkeä,9688.0,83.0,8.0,Lifestyle_(sociology),,,2020-06-27 13:01:05+00:00,PT8M16S,https://www.youtube.com/watch?v=H56YuWztnNw,Nuuksio
j_LDOgh_Xdc,SuomiDH tutuksi: Meri-Teijon osakilpailu | Alamäkipyöräily | Meri-Teijo Bike Park,"Viikonloppuna kisattiin SuomiDH cupin toinen osakilpailu Meri-Teijo Bike Parkissa. 

Monipuolisen ja vauhdikkaan radan haastavuutta lisäsi kiitettävästi pitkään jatkuneet helteet, syvää hiekkaa ja irto tomua riitti koko kylälle.

Iso kiitos järjestäjille ja MTBP:n trailcrewlla mahtavista kisoista! Kiitos kanssa kisaajille, yleisölle, matkaseuralle! Kiitos päätuomarille joka salli minun nauhoittaa tämän finaalilaskuni! Kiitos BikeWorx ja Hi5Bikes, pyörä ja ajokamat toimi just niin ku pitääkin.

Vitsi että oli siistiä, vielä himassakin tuntuu että pärisee kisa adrenaliinit!

SUOMIDH TUTUKSI videosarjaani ja seikkailujani näissä kilpailuissa lähti sponsoroimaan BikeWorx, Leatt ja Hi5Bikes. Valtavan suuri kiitos heille tuesta!

Jätä tykkäys, jos pidit videosta!  👍🏻

Tilaa kanava: https://youtube.com/c/pelkkaaalamakea 🤘🏻⚡

Pyörä: Canyon Sender 6 AL 2020
Kamera: GoPro Hero 9, GoPro Hero 8 Black, DJI Mavic Mini 2
Tunnari: Under Influence  - Big Mean Woman
Musiikki: https://www.epidemicsound.com/referral/1qa5ah/
Thumbnail valokuva: Tiia Nyholm @tiianyholm
Lisävideoita kuvasi: Kosti Simula, Joonatan Briegert

Shop: https://shop.spreadshirt.fi/pelkkaa-alamakea
Instagram: https://instagram.com/pelkkaa_alamakea
Facebook: https://fb.me/pelkkaa.alamakea
Yhteydenotot: pelkkaa.alamakea@gmail.com

#suomidh #maastopyöräily #alamäkipyöräily",UChqBVvX3faw5Saf_6aBmDnQ,Pelkkää Alamäkeä,3520.0,135.0,25.0,Lifestyle_(sociology),,,2021-07-20 13:47:52+00:00,PT24M17S,https://www.youtube.com/watch?v=j_LDOgh_Xdc,Teijo
W26A4ikaXNk,Hyppyreitä Nuuksiossa?,"Liity kanavan kannattajajäseneksi:
https://www.youtube.com/channel/UChqBVvX3faw5Saf_6aBmDnQ/join

Tänään avataan Nuuksio bike parkin uusi Jumpstreet. Minä sain kutsun tutustumaan rataan muutaman päivän etukäteen. Nuuksion mäellä on myllerretty oikein isolla kädellä. Mitä tarjoilee pitkä vihreä Green Mile ja miten toimii juuri avattu Nuuksio Jumpstreet?

Dronekuvaus: @DrooniMedia 

Jätä tykkäys 👍🏻 ja muista tilata kanava! ​🤘🏻⚡

Kauppa: https://pelkkaa-alamakea.com/shop
Instagram: https://instagram.com/pelkkaa_alamakea
Facebook: https://fb.me/pelkkaa.alamakea
Yhteydenotot: pelkkaa.alamakea@gmail.com

Videon musiikit: https://www.epidemicsound.com/referral/1qa5ah/

#mtb #mountainbiking #maastopyöräily #alamäkipyöräily #bikepark #downhillmtb",UChqBVvX3faw5Saf_6aBmDnQ,Pelkkää Alamäkeä,4082.0,104.0,21.0,Lifestyle_(sociology),,,2023-07-29 13:06:05+00:00,PT9M58S,https://www.youtube.com/watch?v=W26A4ikaXNk,Nuuksio
63mPu2cMqqo,Suomen pehmein droppi? Parannuksia Nuuksio Bike Parkissa,"Tässä jaksossa piipahdetaan Nuuksio bike parkin kesäkauden avajaisissa ja lasketaan trail crewin Jarnon kanssa läpi kaikki muutoksia saaneet radat.

PELKKÄÄ ALAMÄKEÄ 4000 JAMIT
4.6.2023, klo 12-16, Nuuksio Bike Parkissa
Tapahtuman sivu: https://www.facebook.com/events/1211494022844257

Jätä tykkäys 👍🏻 ja muista tilata kanava! ​🤘🏻⚡

Kauppa: https://pelkkaa-alamakea.com/shop
Instagram: https://instagram.com/pelkkaa_alamakea
Facebook: https://fb.me/pelkkaa.alamakea
Yhteydenotot: pelkkaa.alamakea@gmail.com

Videon musiikit: https://www.epidemicsound.com/referral/1qa5ah/

#mtb #mountainbiking #maastopyöräily #alamäkipyöräily #bikepark #downhillmtb",UChqBVvX3faw5Saf_6aBmDnQ,Pelkkää Alamäkeä,4632.0,141.0,34.0,Lifestyle_(sociology),,,2023-05-18 16:29:31+00:00,PT14M52S,https://www.youtube.com/watch?v=63mPu2cMqqo,Nuuksio
bfo8fUmqyvY,Järjestin tapahtuman!,"Järjestin maastopyörätapahtuman yhdessä Nuuksio bike parkin ja kanavan sponsorien kanssa. Paikalle saatiin monenlaista ohjelmaa ja vesisateetkin peruttiin. Enää tarvitsi jännittää, tuleeko kukaan paikalle?

Jätä tykkäys 👍🏻 ja muista tilata kanava! ​🤘🏻⚡

Kansikuva: Petri Ollanketo

Kauppa: https://pelkkaa-alamakea.myspreadshop.fi
Instagram: https://instagram.com/pelkkaa_alamakea
Facebook: https://fb.me/pelkkaa.alamakea
Yhteydenotot: pelkkaa.alamakea@gmail.com

Videon musiikit: https://www.epidemicsound.com/referral/1qa5ah/

#mtb #mountainbiking #maastopyöräily #alamäkipyöräily #bikepark #downhillmtb",UChqBVvX3faw5Saf_6aBmDnQ,Pelkkää Alamäkeä,3707.0,171.0,34.0,Lifestyle_(sociology),,,2023-06-06 12:05:14+00:00,PT15M10S,https://www.youtube.com/watch?v=bfo8fUmqyvY,Nuuksio
rOjqUmybLC8,11-vuotias hurjapäinen aloittelija Nuuksio Bike Parkissa,"Tässä jaksossa seikkaillaan Nuuksio Bike Parkissa hurjapäisen aloittelijan ja hänen äitinsä kanssa. Miten pärjää 11 vuotias mustilla rinteillä?

Jätä tykkäys, jos pidit videosta!  👍🏻 Ja muista tilata kanava! ​🤘🏻⚡

Kauppa: https://pelkkaa-alamakea.myspreadshop.fi
Instagram: https://instagram.com/pelkkaa_alamakea
Facebook: https://fb.me/pelkkaa.alamakea
Yhteydenotot: pelkkaa.alamakea@gmail.com

Videon musiikit: https://www.epidemicsound.com/referral/1qa5ah/

#mtb #mountainbiking #maastopyöräily #alamäkipyöräil",UChqBVvX3faw5Saf_6aBmDnQ,Pelkkää Alamäkeä,4228.0,124.0,26.0,Lifestyle_(sociology),,,2022-07-02 09:09:56+00:00,PT14M41S,https://www.youtube.com/watch?v=rOjqUmybLC8,Nuuksio
IRBF4DruzkM,Janne ulos radalta? MTBRally Gravity Cup 3/4: Meri-Teijo Bike Park,"Tässä jaksossa ajan BikeWorxin Jarmon kanssa MTBRally Gravity Cupin kolmannen osakilpailun hikisessä ja hiekkaisessa Meri-Teijo Bike Parkissa. Haastattelen myös Lottaa, jolle nämä olivat hänen ensimmäiset maastopyöräilykisansa. Miten sujuivat kisat minulla ja Jarmolla? Entäs ensikertalaisella?

Jätä tykkäys, jos pidit videosta!  👍🏻 Ja muista tilata kanava! ​🤘🏻⚡

Kansikuva: Mikko Olki (IG: @mikkolki)
Kauppa: https://pelkkaa-alamakea.myspreadshop.fi
Instagram: https://instagram.com/pelkkaa_alamakea
Facebook: https://fb.me/pelkkaa.alamakea
Yhteydenotot: pelkkaa.alamakea@gmail.com

Videon musiikit: https://www.epidemicsound.com/referral/1qa5ah/

#mtb #mountainbiking #maastopyöräily #alamäkipyöräil",UChqBVvX3faw5Saf_6aBmDnQ,Pelkkää Alamäkeä,3192.0,92.0,11.0,"Hobby,Lifestyle_(sociology)",,,2022-08-21 13:09:00+00:00,PT19M6S,https://www.youtube.com/watch?v=IRBF4DruzkM,Teijo
XNkZZ5tnW6A,Läskipyöräilyä Hossassa | Harjujen Huikonen,"Kesällä otimme läskipyörät alle ja kävimme polkemassa Harjujen Huikonen -nimisen reitin Hossan mahtavissa maisemissa.

Mökki -ja läskipyörävuokraukset Hossan suunnilla: www.siirtolankelomokit.fi

Löydät meidät:
instagram.com/dragonflyeravideot
Facebook.com/dragonflyeravideot

Yhteistyökumppanimme:
www.ht-era.fi
www.sasta.fi",UCiBacuBfpXWx1kS2KeKV3HQ,Dragonfly Erävideot,4342.0,48.0,9.0,"Hobby,Lifestyle_(sociology)",,,2019-02-17 13:56:21+00:00,PT10M28S,https://www.youtube.com/watch?v=XNkZZ5tnW6A,Hossa
59JAYUwb_fU,REISSU HILTUSEN AUTIOTUVALLE | Syötteen Kansallispuisto,"Talvinen reissu hiihtämällä Syötteen Kansallispuistossa sijaitsevaan Hiltusen autiotuvalle yhden yön ajaksi. Videolla tunnelmia ja fiiliksiä reissusta, sekä hieman esittelyä mm. kämpästä ja Larin suksista.

Mukana matkassa videolla Allanin lisäksi ensimmäistä kertaa Lari! :)

Löydymme myös:
www.dragonflyeravideot.fi
www.facebook.com/dragonflyeravideot
www.instagram.com/dragonflyeravideot",UCiBacuBfpXWx1kS2KeKV3HQ,Dragonfly Erävideot,2962.0,45.0,11.0,"Hobby,Lifestyle_(sociology),Tourism",,,2018-03-01 20:31:12+00:00,PT24M54S,https://www.youtube.com/watch?v=59JAYUwb_fU,Syöte
52sSnLKKx7I,Perhokalastusta Hossan Kuikankoskella,"Kesä parhaimmillaan ja kalaan piti päästä. Kohteeksi valikoitui Hossanjoki, ja tarkemmin Kuikankoski. Tavoitteena oli saada mukava 60cm pituinen taimen, mutta miten kävikään?

Laita kanava tilaukseen, kerro kommenteissa mitä pidit videosta ja klikkaa tykkää -nappia. Kaikki edellämainitut toiminnot tukevat meitä! :)

Leikkauspöydällä on jonoa ja kovia tavoitteita on myös kuvausrintamalla. Hyvältä näyttää, pysykää kuulolla!",UCiBacuBfpXWx1kS2KeKV3HQ,Dragonfly Erävideot,8395.0,61.0,6.0,"Hobby,Lifestyle_(sociology),Pet",,,2018-08-08 11:48:54+00:00,PT10M50S,https://www.youtube.com/watch?v=52sSnLKKx7I,Hossa
Yz9FQ9bxqmM,RYTIVAARAN REISSU | Eräretkeilyä Kansallispuistossa,"Toukokuussa kävimme Larin kanssa eräretkeilemässä Syötteen Kansallispuiston maisemissa. Tutustuimme Rytivaarassa kruunumetsätorpan alueeseen ja yövyimme Raatetuvalla.

Pitkästä aikaa uutta materiaalia kanavalle. Jatkossa olemme aktiivisempia ja videolla hieman kerrontaa tulevista suunnitelmista.

Seuraa meitä myös:
https://www.instagram.com/dragonflyeravideot/
https://www.facebook.com/dragonflyeravideot",UCiBacuBfpXWx1kS2KeKV3HQ,Dragonfly Erävideot,3964.0,43.0,9.0,"Hobby,Lifestyle_(sociology),Tourism",,,2018-07-10 17:24:04+00:00,PT16M,https://www.youtube.com/watch?v=Yz9FQ9bxqmM,Syöte
t8gaQnbcB3c,TORASLAMMEN AUTIOTUPA | Syötteen kansallispuisto | Ft. Eetun Völjyssä,"Reissu Syötteen Kansallispuistoon kummituksista tunnetulle Toraslammen autiotuvalle. Videolla vieraana aiemmasta kansallispuistovideosta tuttu Lari, sekä loistavaa eräsisältöä omalle kanavalle tuottava Eetu. 

Lohimestarina tunnettu Eetu tempasi meille ruhtinaallisen illallisen valmistamalla loimulohta. Valitettavasti allekirjoittanut onnistui videoklippien siirtelemisen lomassa kyseisen tapahtuman kaikki klipit hukkaamaan. Meillä täytyy kutsua Eetu uudestaan mukaan matkaan, että saadaan lohenvalmistus myös kanavalle asti, vai mitä? ;)

Käy myös tutustumassa ja tilaamassa Eetun Völjyssä kanava: https://www.youtube.com/user/Pernarieska",UCiBacuBfpXWx1kS2KeKV3HQ,Dragonfly Erävideot,24361.0,178.0,16.0,"Hobby,Lifestyle_(sociology),Tourism",,,2018-04-11 10:09:06+00:00,PT11M23S,https://www.youtube.com/watch?v=t8gaQnbcB3c,Syöte
GEwn3XktZus,Venäläistä sissiruokaa! - Nuuksiossa,"Tällä kertaa otin hyvin erikoiset eväät metsäreissulle, nimittäin Venäjän armeijan hätäruokapakkauksen. :D Tuo pakkaus oli ns. MRE-pakkaus (Meal, Ready-to-Eat) ja sieltä löytyi paljon jännittäviä ruokia. Nuuksio oli oikein kiva paikka!

Messissä myös Jesse Braun!
https://www.youtube.com/watch?v=LfK16nl53eI

SEURAA SOMESSA:
Twitter: https://twitter.com/KankareVille
Instagram: http://instagram.com/kankareville
Twitch: http://twitch.tv/vinkare
Snapchat: Vinkare
Facebook: https://www.facebook.com/Krouppi",UCieggFQROU2nu5fXmevY21A,Vinkare,156497.0,3015.0,377.0,"Hobby,Lifestyle_(sociology),Tourism",,,2018-04-26 11:30:00+00:00,PT15M51S,https://www.youtube.com/watch?v=GEwn3XktZus,Nuuksio
VMl05zh9zKo,Luolapaikka ja traaginen tarina sadan vuoden takaa,"Retki Helvetinjärven kansallispuistossa alkaa aurinkoisilta kallioilta, mutta päättyy luolalle josta perimätietona muistetaan traaginen tarina 1900-luvun alkupuolelta. Tarina on säilynyt alueella vaikuttavien ihmisten tiedossa.",UCjifOn2M5T8IQ2ZHzAEL_pw,Ali Leiniö,72847.0,1854.0,145.0,"Hobby,Lifestyle_(sociology)",,,2020-04-03 12:17:49+00:00,PT13M41S,https://www.youtube.com/watch?v=VMl05zh9zKo,Helvetinjärvi
3_jVZG1dTiw,Kevättä vastassa | Yhden yön reissu Kurjenrahkaan,"Retkikertomus yhden yön reissulta Kurjenrahkan kansallispuistoon. Eletään kevään ensimmäisiä lämpimiä päiviä. Vieraillaan Kurjenpesällä ja ikivanhalla Kuhankuonon rajakivellä. Matka jatkuu Lakjärvelle, jossa yövytään riippumatossa. Tehdään ruokaa nuotiolla. Paluumatkalla kuljetaan Paltanvuoren, Pukkipalon aarnimetsän ja Takaniitunvuoren kautta.

Kartta: Maanmittauslaitos 4/2018",UCjifOn2M5T8IQ2ZHzAEL_pw,Ali Leiniö,62796.0,1236.0,103.0,"Hobby,Lifestyle_(sociology),Tourism",,,2018-04-17 11:46:58+00:00,PT16M53S,https://www.youtube.com/watch?v=3_jVZG1dTiw,Kurjenrahka
Efq0e64HA_k,Lapissa kesällä 2018 - viikon vaellus UKK:ssa,"Tämä on retkikertomus viikon mittaisesta vaelluksesta Urho Kekkosen kansallispuistossa kesäkuussa 2018.

Retkeily, vaellus, lappi, lapin vaellus, ukk, urho kekkosen kansallispuisto, koilliskaira, paratiisikuru, pirunportti, suomujoki, muorravaarakkajoki, lankojärvi, sarvioja, muorravaarakka, jyrkkävaara, siikavuopaja.

Muut Lappi-videoni:
https://www.youtube.com/watch?v=gS0yJe2KV98
https://www.youtube.com/watch?v=xzXLzbcAtkE
https://www.youtube.com/watch?v=8BGkyFScZTk
https://www.youtube.com/watch?v=2a27YuU6hjo

esittäjän Audionautix kappale Running Waters Full Band on suojattu lisenssillä Creative Commons Attribution (https://creativecommons.org/licenses/by/4.0/)
Artisti: http://audionautix.com/",UCjifOn2M5T8IQ2ZHzAEL_pw,Ali Leiniö,403058.0,4278.0,308.0,"Hobby,Lifestyle_(sociology),Tourism",,,2018-06-25 18:01:56+00:00,PT46M42S,https://www.youtube.com/watch?v=Efq0e64HA_k,Urho Kekkonen
ED-0LZS0rzY,Hiihtovaellus erämaakämpälle - Lapissa kaamoksen aikaan 2019,"Talvista vaellustarinaa Urho Kekkosen kansallispuistosta. Viiden päivän hiihtovaellus alkaa Kiilopäältä ja suuntaa Tammakkolammen kämpälle, jossa vietetään pari yötä. Nuoskalumi hidastaa menoa oikein urakalla, ja reissun aikana miltei kaikki suunnitelmat muuttuvat jollain tapaa. Luminen erämaa on tavattoman kaunis, ja aika kuluu mukavasti vastoinkäymisistä huolimatta. Puhun videolla ristiin rastiin Kopsusjärvestä ja Tammakkolammesta tarkoittaen sitä aluetta yleisesti :-)",UCjifOn2M5T8IQ2ZHzAEL_pw,Ali Leiniö,344618.0,4545.0,393.0,"Hobby,Lifestyle_(sociology),Tourism",,,2019-12-24 08:25:49+00:00,PT39M25S,https://www.youtube.com/watch?v=ED-0LZS0rzY,Urho Kekkonen
UgiHv6nYLGI,Metsänpeitossa - Seitseminen ja Pirkan Taival,Reissukertomus yhden yön retkestä toukokuussa 2020. Kuljemme Seitsemisen ikimetsien läpi tutkimaan Latoveden laavupaikkaa Pirkan Taival -reitin varrella.,UCjifOn2M5T8IQ2ZHzAEL_pw,Ali Leiniö,95574.0,2274.0,211.0,"Hobby,Lifestyle_(sociology),Tourism",,,2020-05-17 07:52:19+00:00,PT23M30S,https://www.youtube.com/watch?v=UgiHv6nYLGI,Seitseminen
glkDBCsOdbg,Yöretki luolalle - Helvetinjärven kansallispuisto,"Helvetinjärven kansallispuiston lähistöllä on luolakohde, ´Vuorisen luola´. Lähdin tutkimaan minkälainen paikka on kyseessä, ja tutkin samalla kaksi muuta läheistä, kartan perusteella kiinnostavaa luontopaikkaa. Yötä varten ripustin riippumattoni luolan viereen.

Kartat: Maanmittauslaitos 6/22 ja Maastokartat-sovellus

Tue työtäni liittymällä kanavan jäseneksi:
https://www.youtube.com/channel/UCjifOn2M5T8IQ2ZHzAEL_pw/join",UCjifOn2M5T8IQ2ZHzAEL_pw,Ali Leiniö,84570.0,2683.0,204.0,"Hobby,Lifestyle_(sociology),Tourism",,,2022-06-18 06:30:09+00:00,PT21M20S,https://www.youtube.com/watch?v=glkDBCsOdbg,Helvetinjärvi
apw2iVt62UQ,Talviyö Helvetinjärvellä,"Helmikuun alku 2020. Lähdin viettämään pakkaspäivää ja -yötä Helvetinjärven kansallispuistoon. Otin mukaan lumikengät ja muut retkivarusteet. Pitkän, pimeän keskitalven jälkeen auringonpaiste näyttää ja tuntuu mahtavalta.

Kuvattu Panasonic G9:llä ja editoitu DaVinci Resolvella.

Kartta: Maanmittauslaitos 2/2020

Esittäjän Audionautix kappale Namaste on suojattu lisenssillä Creative Commons Attribution (https://creativecommons.org/licenses/by/4.0/)
Artisti: http://audionautix.com/",UCjifOn2M5T8IQ2ZHzAEL_pw,Ali Leiniö,92174.0,2159.0,228.0,"Hobby,Lifestyle_(sociology),Tourism",,,2020-02-14 06:16:35+00:00,PT19M15S,https://www.youtube.com/watch?v=apw2iVt62UQ,Helvetinjärvi
CDL2th23bWs,Laiskoja päiviä Lemmenjoella - jokilaakso ja tunturit,"Reissukertomus Lemmenjoen vaelluksesta elokuussa 2020. Matka alkaa Njurgalahden kylältä ja kulkee Joenkielisen tunturin yli Lemmenjoen jokivarteen, jatkuen edelleen Ravadasjärven autiotuvan ja Ravadaskönkään vesiputouksen kautta Kultahaminan autiotuvalle ja Morgam-Viipus -tunturin huipulle. Lyhyet päivämatkat antoivat reilusti aikaa kalastelulle ja maisemien fiilistelylle.

Music by audionautix.com",UCjifOn2M5T8IQ2ZHzAEL_pw,Ali Leiniö,216441.0,3476.0,320.0,"Hobby,Lifestyle_(sociology),Tourism",,,2020-08-24 11:26:43+00:00,PT51M2S,https://www.youtube.com/watch?v=CDL2th23bWs,Lemmenjoki
jmpGT--TGdY,Metsäsuksilla Helvetinjärvellä | Yö ulkona -15°C,"Yhden yön hiihtoretki Helvetinjärven kansallispuiston korpimaille.

Music by bensound.com",UCjifOn2M5T8IQ2ZHzAEL_pw,Ali Leiniö,180801.0,2825.0,331.0,"Hobby,Lifestyle_(sociology),Tourism",,,2019-01-28 07:16:04+00:00,PT17M34S,https://www.youtube.com/watch?v=jmpGT--TGdY,Helvetinjärvi
FJTC_mEEZ1A,Helvetinjärven voimapaikka,"Päiväretkellä Helvetinjärven kansallispuistossa. Retkeilijänä sitä toivoo tietysti että luonnosta löytyisi lisävoimaa, kun on vaikea elämäntilanne menossa. En tiedä löytyikö, mutta rotkojärven kallioilla on aina hieno käydä.

Tue työtäni liittymällä kanavan jäseneksi:
https://www.youtube.com/channel/UCjifOn2M5T8IQ2ZHzAEL_pw/join",UCjifOn2M5T8IQ2ZHzAEL_pw,Ali Leiniö,109313.0,4156.0,499.0,"Lifestyle_(sociology),Tourism",,,2021-11-02 12:30:02+00:00,PT10M29S,https://www.youtube.com/watch?v=FJTC_mEEZ1A,Helvetinjärvi
hX393Gdo47c,Lumen ja valon valtakunta - Hiihtovaellus Lapissa,"Kuuden päivän hiihtovaellus Urho Kekkosen kansallispuistossa. Reitti kulkee Orposen laavulta Luirojärven kautta Kiilopäälle. Kevättalvi näyttää parhaita puoliaan. Yöt vietetään kaminateltassa ja puiston autiotuvissa.
 
Tue työtäni liittymällä kanavan jäseneksi:
https://www.youtube.com/channel/UCjifOn2M5T8IQ2ZHzAEL_pw/join

Kartat: Maanmittauslaitos 3/2021

Musiikki: bensound.com

Kuvattu Panasonic G9 ja Osmo action -kameroilla, editoitu Davinci Resolvella.",UCjifOn2M5T8IQ2ZHzAEL_pw,Ali Leiniö,173252.0,4193.0,330.0,"Hobby,Lifestyle_(sociology),Tourism",,,2021-03-20 11:53:02+00:00,PT40M55S,https://www.youtube.com/watch?v=hX393Gdo47c,Urho Kekkonen
Yl5dXnhHGO4,Vaellus Lemmenjoen erämaassa kesällä 2019,"Retkikertomus 10-päiväisestä vaellusreissusta Lappiin keskikesällä 2019. Kohteena on Lemmenjoen kansallispuisto ja etenkin sen erämaaosa.

Kuvattu Panasonic G9:llä ja Leica DG 12-60mm f2.8-4 objektiivilla. Editoitu DaVinci Resolvella.

Esittäjän Audionautix kappale Namaste on suojattu lisenssillä Creative Commons Attribution (https://creativecommons.org/licenses/by/4.0/)
Artisti: http://audionautix.com/",UCjifOn2M5T8IQ2ZHzAEL_pw,Ali Leiniö,567250.0,5365.0,457.0,"Hobby,Lifestyle_(sociology),Tourism",,,2019-06-30 06:26:38+00:00,PT1H2S,https://www.youtube.com/watch?v=Yl5dXnhHGO4,Lemmenjoki
-mc7x8II9ak,Hiihtovaellus kansallispuiston läpi - Lapissa talvella 2022,"Hiihtovaellus Urho Kekkosen kansallispuiston läpi helmikuussa 2022.

Kartat: Maanmittauslaitos 3/2022

Tue työtäni liittymällä kanavan jäseneksi:
https://www.youtube.com/channel/UCjifOn2M5T8IQ2ZHzAEL_pw/join",UCjifOn2M5T8IQ2ZHzAEL_pw,Ali Leiniö,316464.0,6126.0,489.0,"Hobby,Lifestyle_(sociology),Tourism",,,2022-03-11 17:28:56+00:00,PT59M59S,https://www.youtube.com/watch?v=-mc7x8II9ak,Urho Kekkonen
z1iXLfYzUS0,Kahden yön leiri saaressa - Hyviä retkiruokia - Talven loppu!,"Huhtikuu 2021. Kotipuolessa järvet jäässä, etelämpänä jo huomattavasti kesäisempää. Lähdin Teijon kansallispuistoon retkelle pariksi päiväksi. Melotaan lautalla saareen, johon ei vielä ole avattu kesäkauden yhteyksiä. Tutkitaan kalliojyrkännettä järven rannalla ja koskea järven päässä. Kokkaillaan maistuvaa retkiruokaa. Kokeillaan kalaonnea. Nautitaan kevääseen heräävästä luonnosta. Tervetuloa mukaan reissuun!

Kuvattu Panasonic G9 kameralla, Leica DG 12-60mm f2.8 sekä Laowa 7.5mm f2 objektiiveilla.

Android-puhelimen karttasovellus: Maastokartat

Tue työtäni liittymällä kanavan jäseneksi:
https://www.youtube.com/channel/UCjifOn2M5T8IQ2ZHzAEL_pw/join",UCjifOn2M5T8IQ2ZHzAEL_pw,Ali Leiniö,144805.0,3452.0,263.0,"Hobby,Lifestyle_(sociology),Tourism",,,2021-04-22 14:57:11+00:00,PT33M19S,https://www.youtube.com/watch?v=z1iXLfYzUS0,Teijo
8l22rXsQALs,Helteinen patikkareissu Patvinsuolle,"Tämä on retkikertomus neljän päivän ja kolmen yön vaelluksesta Patvinsuon kansallispuistossa heinäkuussa 2018. Kuumaa on!

Retkeily, vaellus, metsäretkeily, patikointi, luonto, metsä, järvi, tulenteko, leiriytyminen, riippumatto, yöpyminen ulkona, Patvinsuo, Patvinsuon kansallispuisto, Suomunjärvi

Music: Staring at the valley, Silent Partner, YouTube Music Library

Varuste- ja vaatetuslistaa:
Savotta Satulareppu 323
Haglöfs LIM makuupussi
Amazonas Moskito-Traveller riippumatto
DDHammocks Tree Huggers
DDHammocks Whoopie Slings
Varusteleka Särmä duunarihousut
Varusteleka Särmä hyppymaiharit
Stetson hattu
Swedteam flanellipaita
Savotta Happy Stove risukeitin
Tatonka H2O Pot
Tatonka Sherpa 1l kattila",UCjifOn2M5T8IQ2ZHzAEL_pw,Ali Leiniö,145739.0,2142.0,183.0,"Hobby,Lifestyle_(sociology),Tourism",,,2018-08-05 17:02:41+00:00,PT26M33S,https://www.youtube.com/watch?v=8l22rXsQALs,Patvinsuo
we5WdxjalA4,Vaellus Lapissa syksyllä 2018,"Tämä on retkikertomus viikon mittaisesta vaelluksesta Urho Kekkosen kansallispuistossa elo-syyskuussa 2018.

Music ""Tattoo"" by audionautix.com

Varustelista / Gear list:
Savotta 906 rinkka (backpack)
Dutchware Chameleon riippumatto (hammock)
UKHammocks Argon 90 aluspeitto (underquilt)
DDHammocks Superlight Tarp
Marmot Plasma 15 makuupussi (sleeping bag)
Helle Temagami puukko (camping knife)
Tatonka kahvipannu ja kattila (pots)
Fjällräven Canada paita (shirt)
Fjällräven Vidda Pro Long housut (trousers)
Sasta Peski anorakki / anorak
Sievi Light Boot Black boots
UKK-puiston kestokartta 1:100000 (Karttakeskus) (the map)
Suunto A30 kompassi (compass)

Kuvausvälineet / Camera gear:
Panasonic DC-G9
Leica 12-60mm f2.8-4
Rode VideoMicro mikrofoni (mic)
Sirui T-025X jalusta (tripod)

Editoitu Vegas Pro:lla (Edited using Vegas Pro)

Kanavan logo: Eemeli Nieminen

Vaellus, retkeily, luonto, Urho Kekkosen kansallispuisto, riippumatto, riippumattoretkeily, Lappi, vaellus Lapissa, Lapin vaellus

A knife is used in this video for basic camping purposes only.",UCjifOn2M5T8IQ2ZHzAEL_pw,Ali Leiniö,201099.0,2559.0,249.0,"Hobby,Lifestyle_(sociology),Tourism",,,2018-09-14 16:40:18+00:00,PT36M46S,https://www.youtube.com/watch?v=we5WdxjalA4,Urho Kekkonen
uoUG1XG7c6A,Rotko metsän keskellä | Retkellä Hiidenportin kansallispuistossa,"Kolmen yön retkellä Hiidenportin kansallispuistossa Kainuussa. Kuljin hienoissa vanhoissa metsissä, kävin Hiidenportin rotkolla ja sain järvestä hyvän ruokakalan. Tämä reissu jätti monta hyvää muistoa.

Video on kuvattu Panasonic G9:llä sekä Leica DG 15mm f1.7 ja Leica DG 25mm f1.4 objektiiveilla.

Music by bensound.com",UCjifOn2M5T8IQ2ZHzAEL_pw,Ali Leiniö,116071.0,2344.0,184.0,"Hobby,Lifestyle_(sociology),Tourism",,,2019-10-05 12:16:43+00:00,PT24M44S,https://www.youtube.com/watch?v=uoUG1XG7c6A,Hiidenportti
wUqOpa-xRVs,Luonnon rytmissä | Retki Teijon kansallispuistoon,"Pääsiäinen 2019. Talvi on hellittänyt otteensa. Etelärannikolla Teijon kansallispuistossa on jo kesän tunnelmaa. Hieno keli kruunaa jo muutenkin upean Teijon järvi- ja metsäluonnon. Lähde mukaan luontoseikkailuun, kahden yön retkelle Teijon kansallispuistoon!

Tällä videolla käytetty kuvauskalusto:
Panasonic Lumix G9
Leica DG 12-60mm f2.8-4

Editoitu Premiere Pro CC:llä

Music ´Green Leaves´ by audionautix.com

Videolla nähtyjä varusteita:
Exped Lightning 60 reppu
Dutchware Chameleon riippumatto
Hammock Gear Incubator 20 aluspeitto
Hammock Gear Dyneema Tarp Camo
Helle Mandra puukko
Bushbox XL Ti risukeitin
Primus Gourmet Pan paistinpannu",UCjifOn2M5T8IQ2ZHzAEL_pw,Ali Leiniö,91594.0,2000.0,177.0,"Hobby,Lifestyle_(sociology),Tourism",,,2019-04-28 04:29:58+00:00,PT19M51S,https://www.youtube.com/watch?v=wUqOpa-xRVs,Teijo
3skLZlWzLkY,The coldest day of the winter for freeriding adventure in Ylläs-Pallas national park | Arctic Lines,"Episode 4 is here and it’s time for the first traverse of the project! 

Pallas-Ylläs is the third largest and most popular national park in Finland. 
For a long time I’ve wanted to experience the sun'a first rays of the winter there while traversing over the four fells in the southern part of the national park. Finally, it was time to attempt the traverse together with local skier and all-around outdoors man Antte Lauhamaa. Fingers got cold and some struggles were faced in the beautiful January light. Enjoy!

ANTTI AUTTI
IG https://www.instagram.com/anttiautti​
FB: https://www.facebook.com/AnttiAutti2​

ANTTE LAUHAMAA
IG: https://www.instagram.com/anttelauhamaa/

ARCTIC LINES WEBSITE
https://arcticlines.com​

FILMMAKERS:
Jaakko Posti: https://www.instagram.com/postinjaakko​

Joonas Mattila: https://www.instagram.com/joonasmattila​

Mikko-Pekka Karlin: https://www.instagram.com/mpkarlin​

SPONSORS:

The best watches for adventures:
SUUNTO - https://www.suunto.com/en-gb/suunto-c​...

Outstanding and highest-quality clothing for backcountry adventures:
HAGLÖFS - https://www.haglofs.com/fi/fi-fi/stor​...

Unlock a new world of human powered freeriding:
JONES SNOWBOARDS https://www.jonessnowboards.com/148-m​...

The lightest and highest performing splitboard bindings in the world
SPARK R&D https://www.sparkrandd.com​

GO VHS TO HD with SHRED https://shredoptics.com​

Brighten the uncharted:
MOONLIGHT MOUNTAIN GEAR
https://moonlightmountaingear.com/col...​",UCkCMSYw068Fb8tcnA5dblzA,Antti Autti,20590.0,443.0,49.0,"Hobby,Lifestyle_(sociology),Tourism",,,2021-03-02 17:28:22+00:00,PT13M1S,https://www.youtube.com/watch?v=3skLZlWzLkY,Pallas-Yllästunturi
SbPJy7ogFic,Turning back home l Arctic Lines -lyhytelokuva,"Arctic Lines -lyhytelokuva - Turning back home - kertoo vapaalaskija Antti Autin talvesta Pyhätunturilla. Pyhä tunnetaan monipuolisesta maastosta ja mahdollisuuksista jyrkempiin laskuihin. Koko ajan muuttuvat olosuhteet ohjaavat päiviä tuntureilla, kun Antti ystäviensä kanssa yrittää toteuttaa unelmiensa freeride-seikkailua aivan kotinsa vieressä.

Turning back home syntyi alun perin AVEK in (Suomalaisen audiovisuaalisen kulttuurin keskus) kanssa pilottituotantona Arctic Lines - nettisarjallee ja sitä on tukenut Pyhätunturi, Suomen upein vapaalasku hiihtokeskus.

Arctic Lines on nettisarja, joka esittelee monipuolisia vapaalaskumahdollisuuksia Napapiirillä. Projekti seuraa Antti Auttia kuvausryhmän ja muiden laskijoiden rinnalla, kun he yrittävät täydentää Anttin henkilökohtaista ¨Arctic Lines¨ - listaa, joka koostuu 30 freeride-seikkailusta arktisella alueella.

https://arcticlines.com

Laske itsesi vapaaksi @ Pyhä Ski resort- https://pyha.fi

AVEK - https://www.kopiosto.fi/en/frontpage/

Lumilautailu ja vapaahiihto
Antti Autti
Teemu Kuisma
Olli Oilinki
Jani Johansen

Kuvaus
Joonas Mattila
Jaakko Posti
Mikko-Pekka Karlin

Editointi
Mikko-Pekka Karlin

Tuotanto
Antti Autti
Katariina Imporanta

Käännös
Olli Oilinki

Kansikuva
Teemu Kuisma",UCkCMSYw068Fb8tcnA5dblzA,Antti Autti,22288.0,402.0,16.0,"Hobby,Lifestyle_(sociology),Tourism",67.0138889,27.1494444,2022-02-06 17:00:13+00:00,PT22M33S,https://www.youtube.com/watch?v=SbPJy7ogFic,Pyhä-Luosto
V7LEDCsp7ZM,Puskaparkkeilua Tammisaaressa ja Lappohjassa,"Ihailemassa Tammisaaren kauniita maisemia lämpimässä kesä illassa ja vietimme täällä myös yhden yön. Aamulla herättiin kovaan vesisateeseen ja vaihdettiin paikkaa Lappohjan virkistysalueelle, jossa on ihan mahtava hiekkaranta. Valmistimme lounaaksi myös herkullisen ja nopean lämpimän perunasalaatin.",UCkNYkqZmtZp7ZnPAhdC-9tQ,Kultaistapakuelämää,1558.0,73.0,7.0,"Lifestyle_(sociology),Tourism",,,2023-08-03 13:00:32+00:00,PT28M1S,https://www.youtube.com/watch?v=V7LEDCsp7ZM,Ekenäs Archipelago
3iZ3YAm8TJQ,Uuden vuoden viikonloppureissu Helvetinportin kansallispuistoon.,"Vietettiin ensimmäistä kertaa uusi vuosi reissussa matkailuautolla. Olimme viikonlopun Helvetinjärven kansallispuistossa, Helvetinportin matkaparkissa.  Ulkoiltiin, nautittiin hyvästä ruuasta ja käytiin saunassa sekä paljussa.",UCkNYkqZmtZp7ZnPAhdC-9tQ,Kultaistapakuelämää,2591.0,107.0,2.0,"Lifestyle_(sociology),Tourism",,,2023-01-06 08:15:02+00:00,PT20M31S,https://www.youtube.com/watch?v=3iZ3YAm8TJQ,Helvetinjärvi
6RzqGhwBl70,Seitsemisen kansallispuisto - Kovero Osa 1/2,"Lähdimme viettämään pidennettyä viikonloppua ja päädyimme Seitsemisen kansallispuistoon Koveron parkkipaikalle. Vietimme rentouttavan päivän patikoiden Torpparin Taival -reitillä, jossa grillailimme makkarat mukavalla paikalla lammen rannalla. 
Kiitos kanavallamme on nyt tullut täyteen 1000 -tilaajaa. Suuri kiitos siitä.",UCkNYkqZmtZp7ZnPAhdC-9tQ,Kultaistapakuelämää,1652.0,93.0,16.0,"Lifestyle_(sociology),Tourism",61.969428,23.3613429,2023-11-26 06:00:03+00:00,PT24M10S,https://www.youtube.com/watch?v=6RzqGhwBl70,Seitseminen
UqIkY3yqCgw,Viikonloppu Teijon kansallispuistossa,Vietettiin tammikuinen viikonloppu Teijon kansallispuistossa Salossa retkeilyn ja grillauksen merkeissä.,UCkNYkqZmtZp7ZnPAhdC-9tQ,Kultaistapakuelämää,2823.0,83.0,16.0,"Hobby,Lifestyle_(sociology),Tourism",60.2099945,22.9378166,2023-01-29 14:01:27+00:00,PT25M27S,https://www.youtube.com/watch?v=UqIkY3yqCgw,Teijo
bCgODozsBhE,Liesjärven kansallispuisto -   Matkailuautossa ongelmia veden kanssa,"Joulukuussa vietimme viikonlopun Liesjärven kansallispuistossa. Meillä ilmeni ongelmia auton vedentulon kanssa ja sitä yritettiin selvittää. 
Kävimme ulkoilemassa ja grillasimme makkarat. 
Illalla valmistamme tortilla, jossa käytetään Kivikylän pullet porkia. Saatiin tämä hyvä vinkki @Ekivaanari n videolta 😊
Tervetuloa mukaan :)",UCkNYkqZmtZp7ZnPAhdC-9tQ,Kultaistapakuelämää,1878.0,117.0,22.0,"Hobby,Lifestyle_(sociology),Tourism",60.6535892,23.8977183,2023-12-29 14:00:21+00:00,PT20M1S,https://www.youtube.com/watch?v=bCgODozsBhE,Liesjärvi
yoTeNb2N3k8,Seitsemisen kansallispuisto ja BestPark Ikaalinen osa 2/2,"Pidennetty viikonloppu jatkuu Seitsemisen kansallispuistossa Saari-Soljasella, jossa nautimme luonnosta ja grillataan mukavassa keittokatoksessa. Illalla vielä valmistamme sienirisoton ja aamulla maukkaat leivät. Pienen lammenkierroksen jälkeen matka jatkuu Ikaalisiin. Käymme Kylpylässä ja yövymme BestParkin matkaparkissa aivan kylpylän vieressä. Matkaparkissa tosin ilmenee yllätys, johon ei osattu varautua. 
Tervetuloa mukaan seikkailuun.",UCkNYkqZmtZp7ZnPAhdC-9tQ,Kultaistapakuelämää,1771.0,114.0,12.0,"Food,Lifestyle_(sociology)",61.969428,23.3613429,2023-12-22 14:00:41+00:00,PT35M10S,https://www.youtube.com/watch?v=yoTeNb2N3k8,Seitseminen
HMOgYpDIf5w,"YOTTO - A Very Cold DJ Set - Lapland, Finland","Listen to YOTTO’s Odd One Out - New Releases: www.oddone.info/bestofooo 
Odd One Out - a record label by YOTTO: oddoneoutlabel.com/ 
Subscribe on Youtube: www.oddone.info/Youtube 

---

Odd One Outside. 

A technical marvel of biblical DIY proportions. A group of wild finns climbed uphill with a generator, dj gear and cases filled with sensitive equipment designed for a less daring environment. Reaching the moderate summit, they dug a hole in the snow for Yotto to play a dj set in. Frozen fingers, technical difficulties and lost drones did not slow down the brave expedition. Includes a wild amount of unreleased music from Yotto and his label Odd One Out. 

Filmed by Tuukka Ervasti.

---

Follow YOTTO 
Spotify: www.oddone.info/Spotify 
Youtube: www.oddone.info/Youtube 
Instagram: instagram.com/yottomusic 
Facebook: www.facebook.com/yottomusic 
Beatport: www.oddone.info/beatport
Twitter: twitter.com/yottomusic 
SoundCloud: https://soundcloud.com/yotto

#yotto #oddoneout #melodictechno #melodichouse #deephouse #electronicmusic",UCkUBhVRG7sWo7EgFD7dADyA,YOTTO's Odd One Out,2173295.0,43701.0,2554.0,"Electronic_music,Music",66.25,28.5,2021-03-06 19:00:16+00:00,PT1H24M18S,https://www.youtube.com/watch?v=HMOgYpDIf5w,Riisitunturi
pCnkps0HXRQ,Hiihtovaellus Luirojärvelle [Kairojen kairamiehet] (English subtitles),"Perusretki Urho Kekkosen puistoon tammikuussa 2018.

Kiilopää- Suomunruoktu- Tuiskukuru- Luirojärvi- Lankojärvi- Kiilopää.

Ja biisit

Art of Silence - Dramatic / Cinematic [No copyright, Royalty free]
https://www.youtube.com/watch?v=3V-pYCGx0C4&t=1s&index=3&list=PLr6HdC2Sd3Toi0mHoEekAGV5ePSnsZVIT

Tomorrow - Bensound (No Copyright Music)
Music by BENSOUND http://www.bensound.com/royalty-free-...
Creative Commons — Attribution 3.0 Unported— CC BY 3.0 
http://creativecommons.org/licenses/b...
Music promoted by Audio Library https://youtu.be/osg9PmkfTB0

Going Higher - Bensound (No Copyright Music)
Music by BENSOUND http://www.bensound.com/royalty-free-...
Creative Commons — Attribution 3.0 Unported— CC BY 3.0 
http://creativecommons.org/licenses/b...
Music promoted by Audio Library https://youtu.be/odCWcV6Jv90",UCkb1Oplb-s4zKul_tLdh3hg,Raaka - Janne,24422.0,252.0,28.0,"Hobby,Lifestyle_(sociology),Tourism",,,2018-02-15 10:26:36+00:00,PT36M43S,https://www.youtube.com/watch?v=pCnkps0HXRQ,Urho Kekkonen
QOn06CJ8Wuc,Katastamassa Leivonmäen mehtiä (4K),Leivonmäen kansallispuisto 15.-16.6.2019. Yö näyttää eittämättä kovin yöttömältä jo näillä leveyspiireillä. Käy kelkkaan.,UCkb1Oplb-s4zKul_tLdh3hg,Raaka - Janne,7082.0,156.0,13.0,"Hobby,Lifestyle_(sociology),Tourism",,,2019-06-25 09:28:54+00:00,PT24M18S,https://www.youtube.com/watch?v=QOn06CJ8Wuc,Leivonmäki
_Agzh8vJtj8,Mies kävelee taas! Ei muutako korpeen,Päiväreissu Sipoonkorven kansallispuistoon.,UCkb1Oplb-s4zKul_tLdh3hg,Raaka - Janne,11899.0,187.0,18.0,"Hobby,Lifestyle_(sociology),Tourism",,,2020-02-14 03:00:04+00:00,PT19M42S,https://www.youtube.com/watch?v=_Agzh8vJtj8,Sipoonkorpi
hYQaLnsu8Is,Pako Nuuksioon | Helposti retkeilemään (English subtitles),"Yhden yön reissu viilenevään metsään. Tulistelua, palastelua, suunnistelua.

Kamera
GoPro Hero 6 Black",UCkb1Oplb-s4zKul_tLdh3hg,Raaka - Janne,9246.0,178.0,18.0,"Hobby,Lifestyle_(sociology),Tourism",,,2018-11-26 15:53:05+00:00,PT19M50S,https://www.youtube.com/watch?v=hYQaLnsu8Is,Nuuksio
NMeUDI6b3dc,"HETTA–PALLAS: RUSKAA, EI ROSKAA – Syksyinen vaellus Hetasta Pallakselle","Pallas-Yllästunturin kansallispuisto on Suomen suosituin kansallispuisto ja Hetasta Pallakselle kulkee yksi Suomen komeimmista vaellusreiteistä. Ruska-aika on myös yksi hienoimmista ajankohdista kokea Pallaksen tunturit. Meidän kaikkien kulkijoiden vastuulla on myös, että reitti pysyisi siistinä ja puhtaasta luonnosta pääsisi nauttimaan tulevinakin vuosina. Kaikkien retkeilijöiden tuttu velvollisuus onkin tuoda ne omat roskat pois.

Jos sinulla on hyviä vinkkejä, olivat ne kuinka pieniä tahansa, miten retkeillä ekologisemmin ja vähentää syntyvän jätteen määrää, niin jätä vinkkisi kommenttikenttään. Silloin me kaikki voimme saada niistä uusia ideoita omille reissuillemme.

Tämä video on tehty yhteistyössä Metsähallituksen Luontopalveluiden kanssa.

Jos haluat nähdä videon siitä myrskyisämmästä Hetta–Pallas vaelluksesta, niin se löytyy täältä: https://www.youtube.com/watch?v=lfIa5iffP7E

Halutessasi näet ja kuulet lisää Mehtämikon tarinoita alla olevista linkeistä:
http://instagram.com/mehtamikko
http://facebook.com/mehtamikko
https://www.youtube.com/channel/UCky2kJgj_iLvQPH0jyIcfTQ/join
https://www.storytel.com/fi/podcasts/meht%C3%A4mikon-kalastusvaellukset-93404
https://linktr.ee/mehtamikko

#vaellus #Lappi #roskatonretkeily #ruskaretki",UCky2kJgj_iLvQPH0jyIcfTQ,Mehtamikko,32631.0,815.0,99.0,"Hobby,Lifestyle_(sociology),Tourism",67.9666667,24.1333333,2023-04-02 06:00:09+00:00,PT21M35S,https://www.youtube.com/watch?v=NMeUDI6b3dc,Pallas-Yllästunturi
11eASQPv-kk,LUIROJÄRVEN KUTSU – Talvivaellus Urho Kekkosen kansallispuistossa,"Luirojärvellä, Urho Kekkosen kansallispuistossa sijaitsee yksi maailman parhaista erämaasaunoista. Luiro onkin erinomainen kohde vajaan viikon hiihtovaellukselle. Mikäpä maistuisikaan paremmalta talvipakkasella kuin kunnon löyly? Ehkä makkaraperunat? No tuskin edes ne.

English subtitles included.

Jos jostakin syystä tuntuu, että haluat tukea tällä kanavalla säheltämistä, niin helpoin ja ilmaisin tapa siihen on tilata Mehtämikko. Ja se onnistuu vaikkapa tällä linkillä: https://www.youtube.com/Mehtamikko?sub_confirmation=1

Lisää tarinoita näet seuraamalla Instagramissa: http://instagram.com/mehtamikko
sekä Facebookissa: http://facebook.com/mehtamikko
https://linktr.ee/mehtamikko

#talvivaellus #hiihtovaellus #vaellus #Lappi #UKK",UCky2kJgj_iLvQPH0jyIcfTQ,Mehtamikko,27719.0,710.0,142.0,"Hobby,Lifestyle_(sociology),Tourism",68.1666667,28.25,2021-04-08 16:00:15+00:00,PT25M24S,https://www.youtube.com/watch?v=11eASQPv-kk,Urho Kekkonen
dYHpDxit2y0,LÄPI KOILLISKAIRAN – Kaamosvaellus Urho Kekkosen kansallispuistossa,"Kaamoksen pimeydessä lähtee uskalias seurueemme, Mikko, Mari ja Aino, hiihtämään läpi Urho Kekkosen kansallispuiston. Uuden vuoden ennuste sisältääkin siispä umpihankia ja mukavan kirpakoita pakkasia.

English subtitles included.

Facebook: http://facebook.com/mehtamikko
Instagram: http://instagram.com/mehtamikko
https://linktr.ee/mehtamikko

#talvivaellus #hiihtovaellus #vaellus #Lappi #UKK",UCky2kJgj_iLvQPH0jyIcfTQ,Mehtamikko,20657.0,389.0,36.0,"Hobby,Lifestyle_(sociology),Tourism",68.1666667,28.25,2019-04-04 10:06:33+00:00,PT17M3S,https://www.youtube.com/watch?v=dYHpDxit2y0,Urho Kekkonen
0RlIeKTe9ss,HETASTA HANKEEN: Talvivaellus Pallas-Yllästunturin kansallispuistossa,"On aika jo 11. peräkkäiselle uudenvuoden kaamosvaellukselle. Suunta on tällä kertaa viikoksi Ounastunturien maastoon ahkiota kiskomaan. Tiedossa on siis sopiva sekoitus lunta, pakkasta ja viileää puhuria. Vaellus alkaa yksin, mutta puolimatkassa lyöttäydytään tuttujen seuraan kokeilemaan pitkästä aikaa porukassa vaeltamista.

Muista, että tulenteko vaatii aina maanomistajan luvan!

Jos haluat tukea tätä tolskaamista erämaassa, ja saada ilmoitukset seuraavista seikkailuista, niin vaivattomin ja ilmaisin tapa on tilata Mehtämikko. Ja se onnistuu vaikkapa tällä linkillä: https://www.youtube.com/Mehtamikko?sub_confirmation=1

Halutessasi näet ja kuulet lisää tarinoita alla olevista linkeistä:
http://instagram.com/mehtamikko
http://facebook.com/mehtamikko
https://www.youtube.com/channel/UCky2kJgj_iLvQPH0jyIcfTQ/join
https://linktr.ee/mehtamikko

#vaellus #hiihtovaellus #talvivaellus #Lappi",UCky2kJgj_iLvQPH0jyIcfTQ,Mehtamikko,35803.0,1027.0,150.0,"Hobby,Lifestyle_(sociology),Tourism",67.9666667,24.1333333,2022-04-29 14:00:12+00:00,PT32M54S,https://www.youtube.com/watch?v=0RlIeKTe9ss,Pallas-Yllästunturi
XmWMedJShAo,NUORTTIJOKI: MELONTASEIKKAILU ITÄRAJALLE – Kolmen yön melontavaellus kanootilla ja packrafteilla,"Mitä tapahtuu, kun maakrapu lähtee Kesäloma Kairassa Juhon matkaan Nuorttijoelle, ja ensimmäistä kertaa kunnolla koskia laskemaan? Kolme yötä, kaksi kaverusta, kaksi packraftia, yksi kanootti ja päämääränä itäraja. Nappaako kala? Pysyykö packraftit yhtenä kappaleena Nuortin kuohuissa vai kippaako Banaanipaatti Mikon uimasilleen? Tästä reissusta ei tule vauhtia puuttumaan.

Juhon pitkää melontaseikkailua pääset seuraamaan Kesäloma Kairassa kanavalla: https://www.youtube.com/@KesalomaKairassa
Ja Juhohan on myös säveltänyt mm. tuon mun uuden tunnarin.

Halutessasi näet ja kuulet lisää tarinoita alla olevista linkeistä:
http://instagram.com/mehtamikko
http://facebook.com/mehtamikko
https://www.tiktok.com/@mehtamikko
https://linktr.ee/mehtamikko
Tervetuloa rautuneuvokseksi: https://www.youtube.com/channel/UCky2kJgj_iLvQPH0jyIcfTQ/join

#vaellus #Lappi #packraft #melonta #kanootti #kalastus #Nuorttijoki #melontavaellus",UCky2kJgj_iLvQPH0jyIcfTQ,Mehtamikko,30347.0,747.0,107.0,"Hobby,Lifestyle_(sociology),Tourism",68.1666667,28.25,2023-08-18 13:00:11+00:00,PT36M23S,https://www.youtube.com/watch?v=XmWMedJShAo,Urho Kekkonen
IRQMcSlGA9I,PARATIISIA ETSIMÄSSÄ – Syysvaellus Urho Kekkosen kansallispuistoon,"Urho Kekkosen kansallispuiston sydämessä sijaitsee syrjäisä paikka nimeltä Paratiisikuru. Minkälainen on tuo Koilliskairan helmi? Entä kuinka taittuu syksyinen matka sinne? Sole ko lompsia.

English subtitles included.

Facebook: http://facebook.com/mehtamikko
Instagram: http://instagram.com/mehtamikko
Blogi: https://mikkokarjalainen.kuvat.fi/blog/60/
https://linktr.ee/mehtamikko

#vaellus #Lappi #UKK #Paratiisikuru",UCky2kJgj_iLvQPH0jyIcfTQ,Mehtamikko,35228.0,545.0,89.0,"Hobby,Lifestyle_(sociology),Tourism",68.1666667,28.25,2018-04-23 11:12:02+00:00,PT11M48S,https://www.youtube.com/watch?v=IRQMcSlGA9I,Urho Kekkonen
2PoCGTa3Vho,Freezing Cold And Beautiful Bike Ride In Lapland (-13C/8F),"This time I take you along the coastline of the Bothnian Bay on a freezing cold day. The temperature stayed at -13C/8F during most of the ride. The sunset during this day was at 1:45 PM. How crazy is that?


It's not really a problem staying warm even though it's really cold. As long as you are properly dressed and keep moving you're fine. The problem is when you stand still. Then the cold starts creeping up on you instantly.",UClhTpH14hALl_c6HXFhttew,Bike Touring Mike,1883.0,260.0,55.0,"Hobby,Lifestyle_(sociology)",,,2021-01-07 08:00:02+00:00,PT6M49S,https://www.youtube.com/watch?v=2PoCGTa3Vho,Bothnian Bay
jYpiAlthF1c,Teijon kansallispuisto by bike - kypärä on hyvä kun vetää tangon yli,Mahtavia maisemia Teijon kansallispuistossa!,UCncpxTSd0zkLng1g0QAoewg,Heikki Makes,1020.0,14.0,8.0,"Hobby,Lifestyle_(sociology)",,,2022-06-22 14:00:20+00:00,PT29M14S,https://www.youtube.com/watch?v=jYpiAlthF1c,Teijo
t1W-Y5oFOO4,Bikeurlaub in FINNLAND? | Taivalkoski & Syöte MTB Trails,"Werbung * Für 4 Tage Biken ging es das erste Mal für mich nach Finnland in die nördliche Region Lappland. Ich habe euch dieses Video aus 3 Tagen zusammengefasst und das etwas andere Mountainbiken in Finnland versucht näher zu bringen. Obwohl es in Lappland keine richtigen Berge so wie wir es von den Alpen kennen gibt, ist das Mountainbiken dort dennoch ein Erlebnis! Mehr dazu im Video, viel Spaß dabei!

* Dieses Video ist in Kooperation mit Visit Syöte, Visit Taivalkoski, Naturpolis OY und PING Helsinki entstanden!

Saija Lodge - Husky Farm & Outdoor Act.: https://www.saija.fi/de/
Hotel Kide: https://hotellikide.fi/
Hotel Iso-Syöte: https://hotelli-isosyote.fi/en/
Kari Packrafting Guide: https://kj-experience.com/
Pekka Iso-Syöte MTB Guide: https://www.instagram.com/ptahkola/

🛡️ Meine MTB Protektoren & Equipment:
Knieschützer: https://bit.ly/2SySH7r
Ellenbogenschützer: https://bit.ly/2SySYY1
Bikeschuhe: https://bit.ly/3uy298r
Handschuhe: https://bit.ly/3hXEwn8
Rucksack: https://bit.ly/3p3vjLF
Hüfttasche: https://bit.ly/3LoZF62
Protektorenjacke: https://bit.ly/Pda3fic
Goggle: https://bit.ly/3c4ymO7
Fahrradbrille: https://bit.ly/3fTlLyD
Enduro Helm: https://bit.ly/2XqL1
Downhill Helm: https://bit.ly/2tPwz

🛠️ Bike Pflege & Wartung:
Bio Fahrradreiniger: https://amzn.to/2NeXo3H
Bio Kettenöl: https://amzn.to/3p10MNK
Fahrwerks-Service: https://bit.ly/f1krvi3
Montageständer: https://amzn.to/3qn8p18
Werkzeugtasche: https://bit.ly/3fSgyqN
Drehmomentschlüssel: https://amzn.to/2dJp5iC

❤️ Persönliche Empfehlung:

Superleichte Dämpfer-Stahlfeder: https://bit.ly/HR-Feder
Werkzeugtasche Tool Wrap: https://amzn.to/3RyY2rP
MTB Fahrtechnikkurse: https://bit.ly/2LafjEv
Kabelschlauch: https://amzn.to/2V4vvwk
Rahmenschutz: https://bit.ly/3c2N2gM
Griffe: https://amzn.to/2GkeoPO
Pedale: https://amzn.to/3ZHVQj7
Lenker: https://bit.ly/vi2b6rc
Laufräder: https://amzn.to/3EgpCAa

📽️ Film Equipment:
Videoschnittprogramm: https://amzn.to/2EevRHh
Helm-Mount: https://amzn.to/2HtYCRc
Actionkamera: https://amzn.to/3ElRtPz
Vlog Kamera: https://amzn.to/3mhBPhQ

📸 Social Media:
Instagram: https://www.instagram.com/leo.kast
Facebook: https://www.facebook.com/leokast84

Die Musiktitel in meinem Video nutze ich von https://www.epidemicsound.com/

#NorthernBiking #visittaivalkoski #visitsyöte #syöteofficial #finnland #mountainbiking #packrafting #specialized",UCoPDxZ-Nq_v8l1ktU98SzEQ,Leo Kast,17706.0,917.0,100.0,"Hobby,Lifestyle_(sociology),Tourism",,,2021-09-05 06:00:12+00:00,PT22M5S,https://www.youtube.com/watch?v=t1W-Y5oFOO4,Syöte
dmSPGbWrUmU,Enduro & Downhill Trails in Finnland | BIKPEARK Iso-Syöte 2021,"Werbung * Der Bikepark Iso-Syöte ist mit 11 Strecken einer der größten Bikeparks in Finnland. Viele der Strecken sind erst vor wenigen Monaten entstanden und ich checke sie zusammen mit euch ab. Wenn ihr Bikeurlaub in Lappland plant, braucht ihr nicht euer eigenes Bike mitzunehmen, denn im Bikeshop des Bikeparks könnt ihr Bikes von den Marken Specialized und Trek ausleihen. Von Specialized gibt es unten an der Liftstation das Stumpjumper und Status, sowie oben am Hilltop Hotel auch das Levo Turbo in ausreichender Menge. Viel Spaß mit dem Video!

*Dieses Video ist in Kooperation mit Visit Syöte, Visit Taivalkoski, Naturpolis OY und PING Helsinki entstanden!

Hotel Kide: https://hotellikide.fi/
Hotel Iso-Syöte: https://hotelli-isosyote.fi/en/

🛡️ Meine MTB Protektoren & Equipment:
Knieschützer: https://bit.ly/2SySH7r
Ellenbogenschützer: https://bit.ly/2SySYY1
Bikeschuhe: https://bit.ly/3uy298r
Handschuhe: https://bit.ly/3hXEwn8
Rucksack: https://bit.ly/3p3vjLF
Hüfttasche: https://bit.ly/3LoZF62
Protektorenjacke: https://bit.ly/Pda3fic
Goggle: https://bit.ly/3c4ymO7
Fahrradbrille: https://bit.ly/3fTlLyD
Enduro Helm: https://bit.ly/2XqL1
Downhill Helm: https://bit.ly/2tPwz

🛠️ Bike Pflege & Wartung:
Bio Fahrradreiniger: https://amzn.to/2NeXo3H
Bio Kettenöl: https://amzn.to/3p10MNK
Fahrwerks-Service: https://bit.ly/f1krvi3
Montageständer: https://amzn.to/3qn8p18
Werkzeugtasche: https://bit.ly/3fSgyqN
Drehmomentschlüssel: https://amzn.to/2dJp5iC

❤️ Sonstige Empfehlungen:

Superleichte Dämpfer-Stahlfeder: https://bit.ly/HR-Feder
Werkzeugtasche Tool Wrap: https://amzn.to/3RyY2rP
Navigationsgerät: https://bit.ly/3rb1bmm
Fahrrad-Trainings-Computer: https://amzn.to/3r8ErUp
Fahrradbeleuchtung: https://amzn.to/3NzCSpQ
Geruchsneutralisierer: https://amzn.to/3saozyr
MTB Fahrtechnikkurse: https://bit.ly/2LafjEv
Superleichte Dämpfer-Stahlfeder: https://bit.ly/HR-Feder
Werkzeugtasche Tool Wrap: https://amzn.to/3RyY2rP
MTB Fahrtechnikkurse: https://bit.ly/2LafjEv
Kabelschlauch: https://amzn.to/2V4vvwk
Rahmenschutz: https://bit.ly/3c2N2gM
Griffe: https://amzn.to/2GkeoPO
Pedale: https://amzn.to/3ZHVQj7
Lenker: https://bit.ly/vi2b6rc
Laufräder: https://amzn.to/3EgpCAa

📽️ Film Equipment:
Videoschnittprogramm: https://amzn.to/2EevRHh
Helm-Mount: https://amzn.to/2HtYCRc
Actionkamera: https://amzn.to/3ElRtPz
Vlog Kamera: https://amzn.to/3mhBPhQ

📸 Social Media:
Instagram: https://www.instagram.com/leo.kast
Facebook: https://www.facebook.com/leokast84

Die Musiktitel in meinem Video nutze ich von https://www.epidemicsound.com/

#bikepark #NorthernBiking #visitsyöte #syöteofficial #leokast #downhill #enduro #specialized",UCoPDxZ-Nq_v8l1ktU98SzEQ,Leo Kast,17047.0,783.0,37.0,Lifestyle_(sociology),,,2021-09-12 06:00:10+00:00,PT19M35S,https://www.youtube.com/watch?v=dmSPGbWrUmU,Syöte
0pn_gSxdUnA,Gold prospecting in Finland,"A quick overview of stuff this channel contains. Subscribe to the channel if you are interested in gold panning, gold propsecting or the general life style of Finnish gold miner.

Keywords: #gold #prospecting #goldpanning #nugget #nuggets #outdoors #Finland #mining #lemmenjoki #goldfever",UCoPZwpTSuPHzvJjKnkSF99Q,Kullanhuuhtoja Jomsa,3200.0,21.0,9.0,Lifestyle_(sociology),68.6388189,25.5985362,2020-11-09 13:37:32+00:00,PT1M56S,https://www.youtube.com/watch?v=0pn_gSxdUnA,Lemmenjoki
ee4NyrTK0V0,Kullanhuuhtojien elämää Lapissa,"Kullanhuuhdontaa Lemmenjoelta ja Naruskalta kahdelta eri valtaukselta. Lemmenjoen Kaarreojalta ja Naruskan Tuonelasta ystäväni Jannen valtaukselta.

Jatkamme imuruoppausta uuden renki Villen kanssa samalla kun Janne aloittelee omaa kauttaan Naruskalla pystyttäen leirin ja pesten edellisen kesän rikasteita.

Piditkö tästä sisällöstä? Tilaa kanava:
https://www.youtube.com/@jomsa?sub_confirmation=1

Tue toimintaani tilaamalla kanavan jäsenyys:
https://www.youtube.com/@jomsa/join

---
WEB: https://www.jomsa.fi
FB : https://www.facebook.com/jomsatube
Instagram: https://www.instagram.com/kullanhuuhtoja_jomsa/

Tagit: #kullanhuuhdonta #lappi #finland",UCoPZwpTSuPHzvJjKnkSF99Q,Kullanhuuhtoja Jomsa,3014.0,107.0,12.0,Lifestyle_(sociology),,,2022-12-03 08:30:24+00:00,PT8M5S,https://www.youtube.com/watch?v=ee4NyrTK0V0,Lemmenjoki
n5WOxym0gIs,Näinkö makkaraa paistetaan? #makkaraa #kynsitulet #lappi,Makkaranpaiston esimerkki Kultamiehen mökiltä Lemmenjoella. Pistä kanava tilaukseen jos haluat nähdä lisää!,UCoPZwpTSuPHzvJjKnkSF99Q,Kullanhuuhtoja Jomsa,5374.0,53.0,0.0,"Food,Lifestyle_(sociology)",68.6388189,25.5985362,2023-06-13 08:05:05+00:00,PT6S,https://www.youtube.com/watch?v=n5WOxym0gIs,Lemmenjoki
ND4cySwsUWU,Piles of Gold near my Cabin,"This is the first half of my second gold mining trip to Kaarreoja during 2019. Kaarreoja is a gold bearing creek at Lemmenjoki national park. We continue with our mining and as usual i check the bottoms of the digs for gold nuggets with my metal detector and found this nice 0.3 Gram nugget. Be sure to check out the part 2 from here : https://www.youtube.com/watch?v=ND4cySwsUWU

Do note, that i keep saying ""october"" in the video, when i actually mean august. Sorry about that.

Some highlights:
0:00 Intro
2:26 First look at sluice
3:21 Chunk of iron
4:26 Fine tuning sluice
6:10 First gold nugget
7:30 Dark horizon
8:27 Another look at the nugget
9:34 Loads of fine gold
11:15 Reading bedrock
12:30 Nice nugget with metal detector
14:13 Breaking bedrock?
16:27 Next pit
18:55 And another one
20:08 Disappointed miner
21:22 Raising a pile
24:09 Teaser

More about behind the scenes stuff and other things related on ym FB page at : https://www.facebook.com/jomsatube/

Keywords : #gold #prospecting #metaldetecting #Lemmenjoki #Inari #sluicing #goldpanning",UCoPZwpTSuPHzvJjKnkSF99Q,Kullanhuuhtoja Jomsa,3833.0,43.0,8.0,"Hobby,Lifestyle_(sociology)",,,2019-09-07 00:11:57+00:00,PT24M7S,https://www.youtube.com/watch?v=ND4cySwsUWU,Lemmenjoki
WpuxmL3F8kE,Moottorimarssi Lapin Kultamaille,"Pääsemme Aloittelemaan Kullanhuuhdonta Lemmenjoella kesälle, mutta Ensiksi täytyy kuitenkin matkata Rovaniemeltä Lemmenjoelle ja jokea ylös aina kultamaille. Tämä on se matka. Terve tuloa mukaan!

Piditkö tästä sisällöstä? Tilaa kanava:
https://www.youtube.com/@jomsa?sub_confirmation=1

Tue toimintaani tilaamalla kanavan jäsenyys:
https://www.youtube.com/@jomsa/join

---
WEB: https://www.jomsa.fi
FB : https://www.facebook.com/sjomppanen
Instagram: https://www.instagram.com/kullanhuuhtoja_jomsa/",UCoPZwpTSuPHzvJjKnkSF99Q,Kullanhuuhtoja Jomsa,2293.0,139.0,20.0,"Hobby,Lifestyle_(sociology),Tourism,Vehicle",68.6388189,25.5985362,2023-10-21 08:38:08+00:00,PT16M26S,https://www.youtube.com/watch?v=WpuxmL3F8kE,Lemmenjoki
TIbr7BUrxss,Should We Dig Deeper for Gold?,"We continue our season by doing some more test holes. Some deeper ones also.

I prospect gold in Lemmenjoki national park, Lapland, Finland. Here are the stories about summer 2021 season at Kaarreoja, the creek where my mine is located.

Tilaa kanava: https://www.youtube.com/@jomsa?sub_confirmation=1
Tule jäseneksi: https://www.youtube.com/@jomsa/join

---
WEB: https://www.jomsa.fi
FB : https://www.facebook.com/sjomppanen
Instagram: https://www.instagram.com/kullanhuuhtoja_jomsa/",UCoPZwpTSuPHzvJjKnkSF99Q,Kullanhuuhtoja Jomsa,1681.0,29.0,29.0,"Hobby,Lifestyle_(sociology)",,,2021-08-22 14:00:18+00:00,PT21M52S,https://www.youtube.com/watch?v=TIbr7BUrxss,Lemmenjoki
MMohofiiZEA,Metal Detecting Relics From the Gold Rush,"We take a day of gold mining, and do some metal detecting with my Minelab X-terra 705 at nearby bush that holds old reindeer herding site from about the same time gold rush started in Lemmenjoki. It has not been use in decades, maybe even in a half a century or so. Wanted to see what my forefathers have left there if anything.

I prospect gold in Lemmenjoki national park, Lapland, Finland. Here are the stories about summer 2021 season at Kaarreoja, the creek where my claim is located.

Tilaa kanava: https://www.youtube.com/@jomsa?sub_confirmation=1
Tule jäseneksi: https://www.youtube.com/@jomsa/join

---
WEB: https://www.jomsa.fi
FB : https://www.facebook.com/sjomppanen
Instagram: https://www.instagram.com/kullanhuuhtoja_jomsa/",UCoPZwpTSuPHzvJjKnkSF99Q,Kullanhuuhtoja Jomsa,1997.0,30.0,20.0,"Hobby,Lifestyle_(sociology)",68.6388189,25.5985362,2021-11-20 11:58:02+00:00,PT19M4S,https://www.youtube.com/watch?v=MMohofiiZEA,Lemmenjoki
niIJrJwq-ag,Prospecting a Flood Gulley for Gold,"So since we are running thin on gold we try to clutch for some straws. We prospect one of the last untested parts of my claim. An upper part of a gulley known as Rossinoja.

I prospect gold in Lemmenjoki national park, Lapland, Finland. Here are the stories about summer 2021 season at Kaarreoja, the creek where my claim is located.

Tilaa kanava: https://www.youtube.com/@jomsa?sub_confirmation=1
Tule jäseneksi: https://www.youtube.com/@jomsa/join

---
WEB: https://www.jomsa.fi
FB : https://www.facebook.com/sjomppanen
Instagram: https://www.instagram.com/kullanhuuhtoja_jomsa/",UCoPZwpTSuPHzvJjKnkSF99Q,Kullanhuuhtoja Jomsa,1164.0,19.0,7.0,Lifestyle_(sociology),68.6388189,25.5985362,2021-11-14 16:54:30+00:00,PT4M57S,https://www.youtube.com/watch?v=niIJrJwq-ag,Lemmenjoki
w-TfaGHag_k,Kullanhuuhdonta rännin syöttöä Lemmenjoella  #kullanhuuhdonta #lappi #lemmenjoki,"Tältä näyttää lyhykäisesti kullanhuuhdonta vuonna 2023 Lemmenjoella. Kullankaivaja lapio kultapitoista soraa kullanhuuhdonta ränniin josta se loppurikastetaan sitten myöhemmin vaskaamalla.

Piditkö tästä sisällöstä? Tilaa kanava:
https://www.youtube.com/@jomsa?sub_confirmation=1

Tue toimintaani tilaamalla kanavan jäsenyys:
https://www.youtube.com/@jomsa/join

---
WEB: https://www.jomsa.fi
FB : https://www.facebook.com/sjomppanen
Instagram: https://www.instagram.com/kullanhuuhtoja_jomsa/",UCoPZwpTSuPHzvJjKnkSF99Q,Kullanhuuhtoja Jomsa,9001.0,49.0,0.0,Lifestyle_(sociology),,,2023-11-26 18:55:06+00:00,PT10S,https://www.youtube.com/watch?v=w-TfaGHag_k,Lemmenjoki
GSj1_nulLOc,Gold Panning Adventure to Lemmenjoki National Park in 2020,"In this first part we first travel from Rovaniemi , go past #Tankavaara and finally head up Lemmenjoki river to the gold fields of Lemmenjoki National Park. After long hike we finally get down to the business.

This is series of four videos about that trip. It was me with one of my friends and later a guest star. This time with actual sluicing operations.",UCoPZwpTSuPHzvJjKnkSF99Q,Kullanhuuhtoja Jomsa,3282.0,50.0,17.0,"Hobby,Lifestyle_(sociology),Tourism",68.8208617,26.3415345,2020-10-05 14:00:04+00:00,PT29M36S,https://www.youtube.com/watch?v=GSj1_nulLOc,Lemmenjoki
h5CmtEz52kE,0.63g of GOLD Make us Move our Sluice box,"Our lackluster gold haul from the lower gold pit and pressing schedule forces us to move our sluice box to a new place in the hopes of more gold rich ground and strike some good paydirt. We head up the hill to the upper gold bank to see if we can pan more gold out of it.

I prospect gold in Lemmenjoki national park, Lapland, Finland. Here are the stories about summer 2021 season at Kaarreoja, the creek where my claim is located.

Tilaa kanava: https://www.youtube.com/@jomsa?sub_confirmation=1
Tule jäseneksi: https://www.youtube.com/@jomsa/join

---
WEB: https://www.jomsa.fi
FB : https://www.facebook.com/sjomppanen
Instagram: https://www.instagram.com/kullanhuuhtoja_jomsa/",UCoPZwpTSuPHzvJjKnkSF99Q,Kullanhuuhtoja Jomsa,1051.0,28.0,4.0,Lifestyle_(sociology),68.6388189,25.5985362,2021-11-27 11:07:18+00:00,PT6M56S,https://www.youtube.com/watch?v=h5CmtEz52kE,Lemmenjoki
Y6fr3rsQkFs,Odottamaton KULTA Vesikanavassa,"Kaivuut jatkuvat ja saavutamme vesirajan. Viimein kultahitusia alkaa löytyä, mutta vesi täyttää montun. Joudumme kaivamaan veden poistokanavan ja siinä ohessa sitten löydämmekin kultaa huuhdotusta kultamaasta jonka olemme kullanhuuhdonta ränniin laittaneet.

Piditkö tästä sisällöstä? Tilaa kanava:
https://www.youtube.com/@jomsa?sub_confirmation=1

Tue toimintaani tilaamalla kanavan jäsenyys:
https://www.youtube.com/@jomsa/join

---
WEB: https://www.jomsa.fi
FB : https://www.facebook.com/sjomppanen
Instagram: https://www.instagram.com/kullanhuuhtoja_jomsa/",UCoPZwpTSuPHzvJjKnkSF99Q,Kullanhuuhtoja Jomsa,3954.0,97.0,21.0,Lifestyle_(sociology),68.6388189,25.5985362,2023-11-25 08:00:29+00:00,PT5M50S,https://www.youtube.com/watch?v=Y6fr3rsQkFs,Lemmenjoki
EM_3kYRQgjg,Kullan koevaskausta Lemmenjoella Lapissa  #kullanhuuhdonta #lappi #lemmenjoki,"Rengit halusivat hieman koevaskailla joten mikäs siinä. Antaa poikien vaskailla.

Piditkö tästä sisällöstä? Tilaa kanava:
https://www.youtube.com/@jomsa?sub_confirmation=1

Tue toimintaani tilaamalla kanavan jäsenyys:
https://www.youtube.com/@jomsa/join

---
WEB: https://www.jomsa.fi
FB : https://www.facebook.com/sjomppanen
Instagram: https://www.instagram.com/kullanhuuhtoja_jomsa/",UCoPZwpTSuPHzvJjKnkSF99Q,Kullanhuuhtoja Jomsa,2234.0,45.0,2.0,Lifestyle_(sociology),68.6388189,25.5985362,2023-11-06 08:00:07+00:00,PT7S,https://www.youtube.com/watch?v=EM_3kYRQgjg,Lemmenjoki
xeg6DZV2ST4,Kullanhuuhtomon Turvallisuustekijä - Sinkkiämpäri #kullanhuuhdonta #lappi #lemmenjoki,"Joskus pitää olla luova kun kullanhuuhdontatyömaalla suojellaan työvälineitä, henkilöitä ja kalustoa.

Piditkö tästä sisällöstä? Tilaa kanava:
https://www.youtube.com/@jomsa?sub_confirmation=1

Tue toimintaani tilaamalla kanavan jäsenyys:
https://www.youtube.com/@jomsa/join

---
WEB: https://www.jomsa.fi
FB : https://www.facebook.com/sjomppanen
Instagram: https://www.instagram.com/kullanhuuhtoja_jomsa/",UCoPZwpTSuPHzvJjKnkSF99Q,Kullanhuuhtoja Jomsa,2311.0,21.0,0.0,,,,2023-12-23 13:11:12+00:00,PT17S,https://www.youtube.com/watch?v=xeg6DZV2ST4,Lemmenjoki
tS6bCqHT53A,Kullanhuuhdonta seikkailu Lemmenjoella Alkaa Tästä 2022,"Kesän 2022 kullanhuuhdonta reissu Lemmenjoen kansallispuistoon alkaa tästä. Vaellan 11km matkan Hämylään ja alan purkamaan talviteloilta tarpeita kesän hektisiin kaivuu tuokioihin. Hieman pohditaan myös menneitä ja tulevia.

Piditkö tästä sisällöstä? Tilaa kanava:
https://www.youtube.com/channel/UCoPZwpTSuPHzvJjKnkSF99Q?sub_confirmation=1

---
WEB: https://www.jomsa.fi
FB : https://www.facebook.com/jomsatube
Instagram: https://www.instagram.com/kullanhuuhtoja_jomsa/

Tageja:
#kullanhuuhdonta #kansallispuisto #lappi",UCoPZwpTSuPHzvJjKnkSF99Q,Kullanhuuhtoja Jomsa,3048.0,100.0,18.0,Lifestyle_(sociology),68.6388189,25.5985362,2022-10-01 06:30:10+00:00,PT8M52S,https://www.youtube.com/watch?v=tS6bCqHT53A,Lemmenjoki
IRpdSPZV3zs,Kultaa savesta #kullanhuuhdonta #kulta #aarremaanalla,"Päivän päätteeksi kullanhuuhdonnassa rännillä monesti puhdistetaan rännin ensimmäin kulta-ansa. Tässä on päivän tulos.

Piditkö tästä sisällöstä? Tilaa kanava:
https://www.youtube.com/@jomsa?sub_confirmation=1

---
WEB: https://www.jomsa.fi
FB : https://www.facebook.com/sjomppanen
Instagram: https://www.instagram.com/kullanhuuhtoja_jomsa/",UCoPZwpTSuPHzvJjKnkSF99Q,Kullanhuuhtoja Jomsa,4038.0,32.0,0.0,,68.6388189,25.5985362,2023-12-10 17:01:41+00:00,PT11S,https://www.youtube.com/watch?v=IRpdSPZV3zs,Lemmenjoki
t0BUM6IjGlI,Kultamiehen ensimmäinen kultalöytö  #kullanhuuhdonta #lappi #aarre,"Kyllä naama on messingillä kun löytää ensimmäistä kertaa kultaa Lapista ikinä.

Piditkö tästä sisällöstä? Tilaa kanava:
https://www.youtube.com/@jomsa?sub_confirmation=1

Tue toimintaani tilaamalla kanavan jäsenyys:
https://www.youtube.com/@jomsa/join

---
WEB: https://www.jomsa.fi
FB : https://www.facebook.com/sjomppanen
Instagram: https://www.instagram.com/kullanhuuhtoja_jomsa/",UCoPZwpTSuPHzvJjKnkSF99Q,Kullanhuuhtoja Jomsa,1673.0,38.0,0.0,Lifestyle_(sociology),68.6388189,25.5985362,2023-11-09 08:00:24+00:00,PT10S,https://www.youtube.com/watch?v=t0BUM6IjGlI,Lemmenjoki
6F3EagnQu6U,Kultakivien pesua Lapissa  #kullanhuuhdonta #lappi #lemmenjoki,"Kullanhuuhdonnassa rännityksen yhteydessä pestään paljon kiviä. Tarkoituksena on saada kivistä irti kultahituset jotka ovat mahdollisesti niihin tarttuneet.

Piditkö tästä sisällöstä? Tilaa kanava:
https://www.youtube.com/@jomsa?sub_confirmation=1

Tue toimintaani tilaamalla kanavan jäsenyys:
https://www.youtube.com/@jomsa/join

---
WEB: https://www.jomsa.fi
FB : https://www.facebook.com/sjomppanen
Instagram: https://www.instagram.com/kullanhuuhtoja_jomsa/",UCoPZwpTSuPHzvJjKnkSF99Q,Kullanhuuhtoja Jomsa,7744.0,50.0,0.0,Lifestyle_(sociology),,,2023-12-17 08:00:04+00:00,PT10S,https://www.youtube.com/watch?v=6F3EagnQu6U,Lemmenjoki
FS9zC-cYo-o,Vettä Tunturipurosta ja Kadonnut bensatankki,"Järjestellään työmaatupaa valmiiksi tulevaa Kullanhuuhdontakautta varten. Pistetään ruokakomeroa, saunaa ja vähän muutenkin varastotiloja ojennukseen, jotta kesällä mukavempi tulla sitten kaivelemaan. Tulehan mukaan touhuamaan!

Piditkö tästä sisällöstä? Tilaa kanava:
https://www.youtube.com/@jomsa?sub_confirmation=1

Tue toimintaani tilaamalla kanavan jäsenyys:
https://www.youtube.com/@jomsa/join

---
WEB: https://www.jomsa.fi
FB : https://www.facebook.com/jomsatube
Instagram: https://www.instagram.com/kullanhuuhtoja_jomsa/",UCoPZwpTSuPHzvJjKnkSF99Q,Kullanhuuhtoja Jomsa,1605.0,90.0,20.0,Lifestyle_(sociology),68.6388189,25.5985362,2023-06-03 06:46:06+00:00,PT11M58S,https://www.youtube.com/watch?v=FS9zC-cYo-o,Lemmenjoki
qi5v2ZWmGKU,Partasuiset Miehet Huuhtovat Kultaa Lemmenjoella #kullanhuuhdonta #lappi #parta,Kullanhuuhdontaa Lemmenjoen kansallispuistossa kesällä 2022. Lisää tätä voi katsoa täältä : https://www.youtube.com/playlist?list=PLC0L9nyCDtBm9GivVKUAg0K4vOScMJo7u,UCoPZwpTSuPHzvJjKnkSF99Q,Kullanhuuhtoja Jomsa,4338.0,95.0,4.0,Lifestyle_(sociology),68.6388189,25.5985362,2023-03-22 14:23:23+00:00,PT44S,https://www.youtube.com/watch?v=qi5v2ZWmGKU,Lemmenjoki
lWntuQ6iR2M,Terveiset Lemmenjoen kultamailta keväthuoltoajo hommista #kullanhuuhdonta #lappi,,UCoPZwpTSuPHzvJjKnkSF99Q,Kullanhuuhtoja Jomsa,1197.0,32.0,0.0,Lifestyle_(sociology),,,2023-04-04 13:17:39+00:00,PT14S,https://www.youtube.com/watch?v=lWntuQ6iR2M,Lemmenjoki
wVEe5mRRQ4M,Kultamiehen välipala #arjenjalostaja #metsäruoka #nötkötti,"Pikaista välipalaa kultatyömaalla.

Nötkötit tarjosi Jalostaja - https://www.jalostaja.fi",UCoPZwpTSuPHzvJjKnkSF99Q,Kullanhuuhtoja Jomsa,2305.0,44.0,8.0,"Food,Lifestyle_(sociology)",68.6388189,25.5985362,2023-06-07 13:34:52+00:00,PT28S,https://www.youtube.com/watch?v=wVEe5mRRQ4M,Lemmenjoki
HFmki-vFHfY,Paljonko KULTAA on Savessa Pohjakallion päällä?,"Sanotaan, ettei kivettömässä maassa ole kultaa. Ehkä, mutta Lemmenjoen kansallispuistossa, Kaarreojalla jatkamme kaivuita kohti pohjakalliota ja alamme löytää kiintoisia merkkejä kullasta kuten kiintoisan savipatjan sekä itse pohjakallion. Löysimmekö kultaa? No löysimme.

Piditkö tästä sisällöstä? Tilaa kanava:
https://www.youtube.com/@jomsa?sub_confirmation=1

Tue toimintaani tilaamalla kanavan jäsenyys:
https://www.youtube.com/@jomsa/join

---
WEB: https://www.jomsa.fi
FB : https://www.facebook.com/jomsatube
Instagram: https://www.instagram.com/kullanhuuhtoja_jomsa/

Tagit: #kullanhuuhdonta #lappi #finland",UCoPZwpTSuPHzvJjKnkSF99Q,Kullanhuuhtoja Jomsa,4343.0,134.0,18.0,Lifestyle_(sociology),,,2023-02-25 08:00:06+00:00,PT5M55S,https://www.youtube.com/watch?v=HFmki-vFHfY,Lemmenjoki
uzv1EY6GqIo,Löytääkö Kaupunki Pojat Kultaa?,"Lemmenjoen kullanhuuhdonta hommat alkavat kesälle 2023 kun paikalle saapuu kaksi Lahtelaista vahvistusta kaivamaan kultaa. Kaarreojan legendaarisista sorista lähdetään etsimään kullan murusia, mutta tekniset haasteet tuovat oman jännityksensä tähänkin seikkailuun.

Piditkö tästä sisällöstä? Tilaa kanava:
https://www.youtube.com/@jomsa?sub_confirmation=1

Tue toimintaani tilaamalla kanavan jäsenyys:
https://www.youtube.com/@jomsa/join

---
WEB: https://www.jomsa.fi
FB : https://www.facebook.com/sjomppanen
Instagram: https://www.instagram.com/kullanhuuhtoja_jomsa/",UCoPZwpTSuPHzvJjKnkSF99Q,Kullanhuuhtoja Jomsa,2614.0,126.0,25.0,Lifestyle_(sociology),68.6388189,25.5985362,2023-11-04 08:00:09+00:00,PT9M15S,https://www.youtube.com/watch?v=uzv1EY6GqIo,Lemmenjoki
e2TLCtWaJi4,Finding some Gold before the End of Season,"Time has come to scoop up the final pieces of gold. Pack away your gold pans and sluice boxes. Not forgetting tools of course. But just before that we still try to save this dismal season by digging down to bedrock at the hill gulley pit.

I prospect gold in Lemmenjoki national park, Lapland, Finland. Here are the stories about summer 2021 season at Kaarreoja, the creek where my claim is located.

Tilaa kanava: https://www.youtube.com/@jomsa?sub_confirmation=1
Tule jäseneksi: https://www.youtube.com/@jomsa/join

---
WEB: https://www.jomsa.fi
FB : https://www.facebook.com/sjomppanen
Instagram: https://www.instagram.com/kullanhuuhtoja_jomsa/",UCoPZwpTSuPHzvJjKnkSF99Q,Kullanhuuhtoja Jomsa,1640.0,32.0,29.0,"Hobby,Lifestyle_(sociology)",68.6388189,25.5985362,2021-12-04 11:15:01+00:00,PT16M30S,https://www.youtube.com/watch?v=e2TLCtWaJi4,Lemmenjoki
erzbQ1C8LNw,Upeita maisemia Sallassa  #lappi #salla #naruska,"Oli muuten komiat maisemat tuolta Sallan yhteismetsän kiepin ikkunasta Naruskajoelle.

Piditkö tästä sisällöstä? Tilaa kanava:
https://www.youtube.com/@jomsa?sub_confirmation=1

Tue toimintaani tilaamalla kanavan jäsenyys:
https://www.youtube.com/@jomsa/join

---
WEB: https://www.jomsa.fi
FB : https://www.facebook.com/jomsatube
Instagram: https://www.instagram.com/kullanhuuhtoja_jomsa/",UCoPZwpTSuPHzvJjKnkSF99Q,Kullanhuuhtoja Jomsa,2045.0,50.0,2.0,"Lifestyle_(sociology),Tourism",,,2023-09-25 14:01:02+00:00,PT13S,https://www.youtube.com/watch?v=erzbQ1C8LNw,Salla
KworbAg4LzI,Kultaa ja Jalokivia Suuren Kiven alta - Kullanhuuhdontaa kesältä 2010,"Kerron hieman tarinoita Lemmenjoen kullanhuuhdonta historiasta minun osaltani. Palaamme ajassa vuoteen 2010 ja katselemme mitä silloin tapahtui kullanhuuhdonnassa Kaarreojalla, Hämylässä. Kultaa alkoikin löytyä viimein hyvin ja lopulta kesästä muodostuikin todellinen kultainen kesä.

Piditkö tästä sisällöstä? Tilaa kanava:
https://www.youtube.com/@jomsa?sub_confirmation=1

Tue toimintaani tilaamalla kanavan jäsenyys:
https://www.youtube.com/@jomsa/join

---
WEB: https://www.jomsa.fi
FB : https://www.facebook.com/jomsatube
Instagram: https://www.instagram.com/kullanhuuhtoja_jomsa/

Tagit: #kullanhuuhdonta #lappi #finland",UCoPZwpTSuPHzvJjKnkSF99Q,Kullanhuuhtoja Jomsa,4072.0,105.0,14.0,"Food,Hobby,Lifestyle_(sociology)",,,2023-01-29 09:15:10+00:00,PT18M5S,https://www.youtube.com/watch?v=KworbAg4LzI,Lemmenjoki
OnMlyW58ZX0,Kullanhuuhdontaa Lemmenjoella #kullanhuuhdonta #lemmenjoki #kulta,"Kullanhuuhdonta työmaa lapiomiehineen, kulta ränneineen ja muine tilkkeineen. BONUS pisteitä jos huomaat lapiomiehen virheen.

Piditkö tästä sisällöstä? Tilaa kanava:
https://www.youtube.com/@jomsa?sub_confirmation=1

Tue toimintaani tilaamalla kanavan jäsenyys:
https://www.youtube.com/@jomsa/join

---
WEB: https://www.jomsa.fi
FB : https://www.facebook.com/sjomppanen
Instagram: https://www.instagram.com/kullanhuuhtoja_jomsa/",UCoPZwpTSuPHzvJjKnkSF99Q,Kullanhuuhtoja Jomsa,1357.0,18.0,0.0,Lifestyle_(sociology),,,2023-12-05 14:11:46+00:00,PT12S,https://www.youtube.com/watch?v=OnMlyW58ZX0,Lemmenjoki
AsDkqim8wiI,"Gold Panning Adventure in Lemmenjoki, Finland  - 2018","This is an overview of how classical placer gold mining happens in modern day Finnish Lapland at Lemmenjoki . Shot in a style of sort of diary on my own claim. Me and my friend do some digging for few weeks and manage to find some nice gold.

Keywords : #prospecting #gold #lemmenjoki #finland #mining #panning #goldfever",UCoPZwpTSuPHzvJjKnkSF99Q,Kullanhuuhtoja Jomsa,4553.0,44.0,5.0,"Hobby,Lifestyle_(sociology)",,,2018-08-09 16:25:25+00:00,PT21M26S,https://www.youtube.com/watch?v=AsDkqim8wiI,Lemmenjoki
ftjFmxvlcPA,Kullankaivajan kämppä Lapin tunturissa,"Järjestellään työmaatupaa valmiiksi tulevaa Kullanhuuhdontakautta varten. Pistetään ruokakomeroa, saunaa ja vähän muutenkin varastotiloja ojennukseen, jotta kesällä mukavempi tulla sitten kaivelemaan. Tulehan mukaan touhuamaan!

VALITETTAVASTI RENGINPAIKAT OVAT TÄYNÄ KAUDELLE 2023.
Mikäli haluat kumminkin yrittää onneasti, kannattaa käydä vaikka pistämässä viestiä www.jomsa.fi kautta.

Piditkö tästä sisällöstä? Tilaa kanava:
https://www.youtube.com/@jomsa?sub_confirmation=1

Tue toimintaani tilaamalla kanavan jäsenyys:
https://www.youtube.com/@jomsa/join

---
WEB: https://www.jomsa.fi
FB : https://www.facebook.com/jomsatube
Instagram: https://www.instagram.com/kullanhuuhtoja_jomsa/",UCoPZwpTSuPHzvJjKnkSF99Q,Kullanhuuhtoja Jomsa,6709.0,202.0,10.0,Lifestyle_(sociology),68.6388189,25.5985362,2023-05-27 09:03:23+00:00,PT9M6S,https://www.youtube.com/watch?v=ftjFmxvlcPA,Lemmenjoki
N3D5nfG6O-4,Näin löysin KULTAA yllättävästä Paikasta,"Huuhdotaan kultaa Lemmenjoen kansallispuiston alueella Kaarreojan varrella. Kesän ensimmäinen reissu alkoi pienellä koekaivuulla josta paljastuikin valtaisan rikas #kultaesiintymä jonka äärellä loppu kesä sitten menikin. Montuilla kävi myös vieraita kokeilemassa kullan rännittämistä ja vaskaamista. Lopussa kuitenkin sää alkoi hidastaa ja estämään kaivuita.

Piditkö tästä sisällöstä? Tilaa kanava:
https://www.youtube.com/channel/UCoPZwpTSuPHzvJjKnkSF99Q?sub_confirmation=1

Tue toimintaani tilaamalla kanavan jäsenyys:
https://www.youtube.com/channel/UCoPZwpTSuPHzvJjKnkSF99Q/join

---
WEB: https://www.jomsa.fi
FB : https://www.facebook.com/jomsatube
Instagram: https://www.instagram.com/kullanhuuhtoja_jomsa/

Avainsanoja: #kullanhuuhdonta #suomi #lappi #kulta #Lemmenjoki #kullankaivuu #tekstitetty

Keskustelua ja kameran takana tapahtuvia asoita voi seurata FB sivullani : https://www.facebook.com/jomsatube/",UCoPZwpTSuPHzvJjKnkSF99Q,Kullanhuuhtoja Jomsa,13990.0,88.0,33.0,Lifestyle_(sociology),,,2019-06-24 21:30:21+00:00,PT36M55S,https://www.youtube.com/watch?v=N3D5nfG6O-4,Lemmenjoki
VtxytGzqbyY,Kullanhuuhdonta rännin virittelyä #kullanhuuhdonta #lappi #goldminer,"Viritellään kullanhuuhdonta ränniä

Piditkö tästä sisällöstä? Tilaa kanava:
https://www.youtube.com/@jomsa?sub_confirmation=1

Tue toimintaani tilaamalla kanavan jäsenyys:
https://www.youtube.com/@jomsa/join

---
WEB: https://www.jomsa.fi
FB : https://www.facebook.com/sjomppanen
Instagram: https://www.instagram.com/kullanhuuhtoja_jomsa/",UCoPZwpTSuPHzvJjKnkSF99Q,Kullanhuuhtoja Jomsa,10742.0,123.0,0.0,,68.6388189,25.5985362,2023-11-05 08:30:09+00:00,PT14S,https://www.youtube.com/watch?v=VtxytGzqbyY,Lemmenjoki
YdTAe2HJDDg,FINLANDIA ERASMUS 4 | Bertapim,"Viaje a Oulanka National Park, La Ponia. Improvisado.
Espero que os guste.
QUEREOS MUCHO 



Canción: Cocoon
Artista: Milky Chance
Álbum: Blossom - Deluxe
Con licencia cedida a YouTube por UMG (en nombre de Vertigo Berlin); CMRRA, ASCAP, UBEM, SODRAC, Sony ATV Publishing y 13 sociedades de derechos musicales",UCoiAETJrmBEnVhIeL6EsU8g,Berta Pim,4404.0,166.0,6.0,"Lifestyle_(sociology),Tourism",,,2018-10-28 21:48:11+00:00,PT8M56S,https://www.youtube.com/watch?v=YdTAe2HJDDg,Oulanka
ZPy9BL391ls,TRAILERI | Gold Rush Run 2021 koiravaljakkokilpailut,"Koko video kanavalla keskiviikkona 7.4. klo 18:00

Kilpailujen nettisivut: http://www.goldrushrunsleddograce.com/etusivu/

👉🏼Jari Mäki Oy -15% alekoodi: PAULIINA15
https://www.jarimaki.fi/

👉🏼Baoshop -10% alekoodi: PAULIINABAO10
https://baoshop.fi/fi/category/bulls-all-out-lisaravinteet/17679

🎙Unelmaelämää Lapissa PODCAST: https://open.spotify.com/show/7nsPzmnLOxIIDbuFdf10Oo?si=7uDKcK4UTQujZxJFgdUsjQ

Seuraa mua Instagramissa ja pysy ajantasalla meidän jutuissa💛: https://instagram.com/pauliinamaki",UCokkwLDA6d2RFwbm0EpYMfQ,Pauliina Mäki,2444.0,61.0,6.0,"Lifestyle_(sociology),Pet,Physical_fitness",68.2,27.1333333,2021-04-05 15:59:21+00:00,PT31S,https://www.youtube.com/watch?v=ZPy9BL391ls,Urho Kekkonen
3gN3WJM4lkk,Koiravaljakkokilpailut - GOLD RUSH RUN 2021,"KISOJEN TULOKSET: http://www.goldrushrunsleddograce.com/gold-rush-run-md/tulokset-md/
Mun luokka: Sporttiluokka 2x 45km

👉🏼Jari Mäki Oy -15% alekoodi: PAULIINA15
https://www.jarimaki.fi/

👉🏼Baoshop -10% alekoodi: PAULIINABAO10
https://baoshop.fi/fi/category/bulls-all-out-lisaravinteet/17679

🎙Unelmaelämää Lapissa PODCAST: https://open.spotify.com/show/7nsPzmnLOxIIDbuFdf10Oo?si=7uDKcK4UTQujZxJFgdUsjQ

Seuraa mua Instagramissa ja pysy ajantasalla meidän jutuissa💛: https://instagram.com/pauliinamaki",UCokkwLDA6d2RFwbm0EpYMfQ,Pauliina Mäki,13186.0,386.0,17.0,"Lifestyle_(sociology),Pet",68.2,27.1333333,2021-04-07 15:00:04+00:00,PT16M31S,https://www.youtube.com/watch?v=3gN3WJM4lkk,Urho Kekkonen
VoAZGvEK1xE,HELSINKI FINLAND TOUR! HSL Transport & Haltia Nature HIKE through NUUKSIO NATIONAL PARK!,"HELSINKI FINLAND TOUR! HSL Transport & Haltia Nature HIKE through NUUKSIO NATIONAL PARK! 

In this video we use the Helsinki transport app (HSL) and travel by tram, train and bus from our accommodation in the centre of Helsinki out to Nuuksio National Park. 

The nature and fresh air of the trail is beautiful and it’s not long before we’re up to our usual tricks of running into slithery Finnish friends (See previous video where Kirsty managed to almost step on a snake while we explored the island of Vallissari: https://youtu.be/L1-1w1A0z4w). We honestly had no idea we’d see any snakes while in Finland let alone seeing two in the space of a few days! 

Upcoming Videos! 

Join us next time as we re plan our journey to another country that isn’t Sweden which is where we had hoped to visit after Finland but other adventures await us and we board our first flight in almost 7 months since we landed in Vilnius from Moscow, prior to the global pandemic.  

If you can’t wait that long head over to our instagram www.instagram.com/tideknottravellers for daily updates on what we’re currently up to and what’s coming up in our future videos! 

Travel vlog 59 | Helsinki, Finland | Country #5 | Filmed September 2020

We love creating these videos and sharing unique places with you all. Join our Patreon Crew. For upcoming LIVE broadcasts and exclusive content: https://www.patreon.com/TideKnotTravellers 

Follow us on Instagram for behind the scenes content of where we are in the world, so you can see what’s coming up in our future videos: https://www.instagram.com/tideknottravellers

Follow us on Facebook to keep up to date with new video posts: https://www.facebook.com/TideKnotTravellers 

Now we have Twitter too: https://twitter.com/tideknot 

All our Travel Gear: https://www.tideknottravellers.com/shop-our-gear 

Blogs/Website/Contact us: https://www.tideknottravellers.com 

Have you tried Airbnb? Sign up with our link and you’ll get money off your first trip: https://abnb.me/e/2Ev1piWwd8 

Music - All music in this video is from Epidemic Sound: https://www.epidemicsound.com/referral/kev755/

We use SurfShark VPN to keep us safe online, click here for a 30 day free trial: https://surfshark.com/friend 

————————————————
A British couple from just outside London, England. We got married in 2018 and decided instead of a honeymoon we’d travel the world together for a year. We saved money and travel points, quit our jobs, rented our house out and boarded a one way flight. We started this Youtube channel to share our experiences with friends, family and anyone who plans to travel to the places we’re visiting. We leave TKT tips/facts on our vlogs and blogs to give information that we wish we’d had before visiting. We hope you find our content useful :) 

#tideknottravellers #finland #travel  

Extra Footage & Photo’s used here are from:
Video by Victor Varetto from Pexels
Video by Anna Shvets from Pexels
Video by cottonbro from Pexels
Video by German Korb from Pexels
Video by Videvo

By Unknown author - http://vanadasjad.files.wordpress.com/2013/01/7.jpg, Public Domain, https://commons.wikimedia.org/w/index.php?curid=31288263

https://estonianworld.com/technology/a-story-of-the-estonian-song-celebration-arch-you-probably-did-not-know/",UComjNFRctGoz0X0qu7xaneA,Tide Knot Travellers,15990.0,394.0,101.0,"Hobby,Lifestyle_(sociology),Tourism",,,2021-02-12 17:30:14+00:00,PT26M36S,https://www.youtube.com/watch?v=VoAZGvEK1xE,Nuuksio
qPpjY1VRDBE,Love waking up in the nature | NATURE HARMONY | NATURALLY SILENT,"Nukkuminen ulkona on parasta mitä tiedän, sillä aamuisin on ihana herätä luonnosta.
Yhden yön retki Torronsuon kansallispuiston maisemiin (huom, Torron kansallispuistossa ei saa yöpyä, mutta esim. läheisellä Idänpäänkallion laavun tuntumassa on mahdollista telttailla).

Sleeping outside is the best thing I know, because waking up in the nature in the morning is so wonderful.
I had a one night trip around Torronsuo National Park (not in the actual park as it´s forbidden to sleep there).",UCpEpQMTQj85Gbqvdt1gtQEg,Naturally Silent,7509.0,315.0,23.0,"Hobby,Lifestyle_(sociology),Tourism",,,2020-04-24 12:13:46+00:00,PT8M32S,https://www.youtube.com/watch?v=qPpjY1VRDBE,Torronsuo
fu0bMaA7p50,Autumn vibes | NATURE HARMONY | NATURALLY SILENT,"Nuuhkimassa alkavaa syksyä Teijon kansallispuistossa, joka muuten sijaitseekin ihan lähellä ommaa metsämökkiä. Teijosta tulikin paikoitellen melkeenpä erämaamaiset fiilikset kauniin karuilla ja hiljaisilla korpisoilla.
Tuulinen päivä oli niin kuin lopussa näkee.. 

Kiitos kun katsot ja peukutat! Tilaa kanava jos haluat nähdä lisää.


-The beginning of autumn-
Beautiful and colorful  Finnish nature close to my forest cabin.

Thanks for watching and liking.
Please subscribe to my channel if you want to see more.

Love, Nina

IG: @nina_kyllikki",UCpEpQMTQj85Gbqvdt1gtQEg,Naturally Silent,3852.0,197.0,21.0,"Hobby,Lifestyle_(sociology)",,,2020-09-24 14:48:54+00:00,PT9M11S,https://www.youtube.com/watch?v=fu0bMaA7p50,Teijo
dgKYB-lOqtk,Dancing with the Wolves - Night under the stars | WILDLIFE,"Tarkoituksena kuunnella pöllöjen aamuyön huhuilua, lähdin yöretkelle Kurjenrahkan kansallispuistoon. Kuljin polkuja pitkin alueen syrjäisempiin kolkkiin Lakjärven rannalle. 
Ja hyvin linturikasta elämää siellä sainkin nähdä ja kuunnella, mutta todellinen yllätys olikin kun hämärän saavuttua alkoi lammen takaa metsästä kuulumaan toisenlaisia ääniä. Susilauma! Tunnistin heti, ei siitä voinut erehtyä.
Vaikka minua vähän kauhistutti olla siellä yksin tottakai, henkäisin silti ihastuksesta. Sinä yönä, sain kokea jotain todella ainutlaatuista ja ikimuistoista, josta olen syvästi kiitollinen luonnolle.

Kiitos kun katsot ja peukutat. Tilaathan kanavan, jos haluat nähdä lisää.


Spent a night camping and trying to hear owls during the night. But I was so surprised as I got to experience something unique. The area I stayed in is a known territory for a certain wolfpack and I was lucky enough to hear them singing in the silent night. First I was of course afraid a little bit as I was alone there, but eventually I got used to it and was again amazed of the situation. Unfortunately I wasn´t able to record their singing properly enough.

Thanks for watching and liking. Please subscribe to my channel if you want to see more.

Love, Nina",UCpEpQMTQj85Gbqvdt1gtQEg,Naturally Silent,5363.0,405.0,115.0,"Hobby,Lifestyle_(sociology),Tourism",,,2021-04-15 13:29:41+00:00,PT13M40S,https://www.youtube.com/watch?v=dgKYB-lOqtk,Kurjenrahka
Bkbiny03Wl4,Sähköpotkulaudalla Hollolan kotiseutumuseolle & Huhtalan torppa Isojärven kansallispuistossa,"Tuli hommattua sähköpotkulauta millä pääsee näppärästi myös hiekkateillä liikkumaan kuvauskohteille. Tässä videossa lähdetään Hollolan vene rannasta ja käydään matkalla Hollolan keskiaikaisen harmaakivikirkon portilla ja siitä sitten talomuseo alueelle joka ei vielä harmikseni ollut auennut.

Alla olevasta linkistä pääsee metsähallituksen videoon sisätiloista Huhtalan torpassa:
https://youtu.be/zcREiYBUG4A",UCqW5aGynRn1vXX-teTUPDyg,Urbex_Arttu,1881.0,101.0,24.0,Lifestyle_(sociology),,,2022-05-14 18:41:09+00:00,PT20M41S,https://www.youtube.com/watch?v=Bkbiny03Wl4,Isojärvi
iI2Sz9gWmXw,"PERHERETKI REPOVEDEN KANSALLISPUISTOON | MY DAY | RETKIEVÄÄT, VARUSTEET JA VINKIT","Kaupallinen yhteistyö: VisitKouvola | Parhaat retkieväät, varusteet ja vinkit vaellukselle esittelyssä! Lähdimme meidän perheen ensimmäiselle metsäretkelle ja vaellukselle Repoveden kansallispuistoon Kouvolaan! Tällä videolla esittelemme meidän retkieväät ja mukaan pakatut varusteet sekä annamme vinkkejä lapsiperheen vastuulliseen retkeilyyn. Valitsimme Repoveden kansallispuiston reiteistä n. 2km pituisen rauhallisen reitin ( Saarijärvi - Sukeltajanniemi ), joka sopi hyvin meidän perheen taaperolle ja raskaana olevalle äidille. Tervetuloa nauttimaan Repoveden kansallispuistosta meidän my day videon kautta! 

Vastuullisuus metsäretkellä: 
- Tutustu retkeilijän etikettiin ja vastuullisuuteen: https://www.luontoon.fi/retkietiketti
- Tarkista metsäpalovaroitus etukäteen: https://www.ilmatieteenlaitos.fi/varoitukset
- Tutustu poikkeusajan retkeilyohjeisiin: https://www.luontoon.fi/koronavirusohjeet

Lue lisää retkikohteista:
Repoveden kansallispuisto : https://www.repovedenkansallispuisto.fi/
Repoveden kansallispuisto reitit : https://www.luontoon.fi/repovesi/reitit
Kouvolan luonto- ja retkeilykohteet : https://visitkouvola.fi/fi/palveluhakemisto/luonto-ja-retkeily

Laittakaa peukut pystyyn jos tykkäsitte videosta ja jakakaa video myös kavereillenne!

💗:lla Titta, Thomas ja Isla

💗TILAA KANAVA: Tilaa kanavamme täältä (ilmaista) 👉 http://bit.ly/TILAA_IKILOMALLA tai klikkaamalla TILAA nappulaa.
💗 ILMOITUKSET PÄÄLLE: Klikkaa kellon kuvaa (ilmoitukset), jotta saat jatkossa ilmoituksen kun seuraava video julkaistaan.
💗JAA TÄMÄ VIDEO: https://youtu.be/iI2Sz9gWmXw

- - - 

MIKÄ IHMEEN IKILOMALLA?

Ikilomalla on Titan (31v.), Thomaksen (34v.) ja Islan tarina, joka alkoi meidän vanhempien IKILOMALLA -nimisestä maailman matkasta kesällä 2015. Pakkasimme kotimme pahvilaatikoihin, hyvästelimme vakituiset työsuhteemme ja hyppäsimme Trans-Siperia junaan. Ikiloma kuljetti meitä halki Siperian, Mongolian, Kiinan, Intian, Uuden-Seelannin, Australian, Tansanian sekä Etelä-Afrikan.

Lopulta 461 reissupäivän ja 70 000 reissukilometrin jälkeen palasimme takaisin Suomeen toteuttamaan uusia unelmiamme. Perustimme oman yrityksen, menimme naimisiin, ostimme omakotitalon ja saimme ihanan tyttären. Nyt elämme mukavaa perhe-elämää Kotkassa. Ehkäpä lähdemme vielä jonain päivänä uudelle ikuisuuden kestävälle lomamatkalle koko perheen kanssa.

IKILOMA tarkoitti alunperin ikuista lomamatkaa. Nykyään se tarkoittaa meille arkea, josta pyrimme tekemään niin mukavaa, että tuntuisi kuin olisimme kokoajan lomalla. 

Tällä perhevlogi -kanavalla pääset mukaan meidän ikilomailijoiden elämään. Tervetuloa IKILOMALLA perhevlogin pariin!

SEURAA SOMESSA:
💗Instagram: ikilomalla - https://www.instagram.com/ikilomalla/
💗Facebook: ikilomalla - https://www.facebook.com/ikilomalla
💗Twitter: ikilomalla - https://www.twitter.com/Ikilomalla
💗Snapchat: ikilomalla
💗Nettisivut: http://www.ikilomalla.fi

Ota yhteyttä: ikilomalla@gmail.com

#retkieväät #myday #repovesi",UCqj6sY5DiKZDr_SfKTeelqA,IKILOMALLA,44513.0,1243.0,204.0,"Lifestyle_(sociology),Tourism",,,2020-06-14 06:30:02+00:00,PT15M21S,https://www.youtube.com/watch?v=iI2Sz9gWmXw,Repovesi
_asWOhPUuGk,Rautulampi uusi Autio varaus ja päivätupa. Saariselkä Urho Kekkosen Kansallispuisto,"Urho Kekkosen Kansallispuistoon on valmistunut uudet tuvat. Rautulampi uusi Autio varaus ja päivätupa  Saariselkä Urho Kekkosen Kansallispuisto 7.9.2021.
Liity kanavalle ja nauti eduista:
https://www.youtube.com/channel/UCrJygwIZvCQXOgYrwNlkqxA/join",UCrJygwIZvCQXOgYrwNlkqxA,kalliopoika,1996.0,17.0,7.0,Lifestyle_(sociology),,,2021-09-08 15:43:02+00:00,PT3M13S,https://www.youtube.com/watch?v=_asWOhPUuGk,Urho Kekkonen
XgdBC8C8Lgk,Saariselkä Kaunispää maisemat ja pitkä vaativa laskettelu murtomaasuksilla,Saariselkä Kaunispää maisemat ja pitkä vaativa laskettelu murtomaasuksilla 14.2.2021.,UCrJygwIZvCQXOgYrwNlkqxA,kalliopoika,2075.0,24.0,6.0,Lifestyle_(sociology),,,2021-03-17 10:47:47+00:00,PT12M29S,https://www.youtube.com/watch?v=XgdBC8C8Lgk,Urho Kekkonen
AMNVOIRIghM,Paratiisikuru ja Urho Kekkosen Kansallispuisto sekä Lapin maisemat,"Paratiisikuru ja Urho Kekkosen Kansallispuisto sekä Lapin maisemat ja tunturit.

Tilaa tästä Kalliopoika Youtube videokanava. Klikkaamalla kellon kuvaa saat heti katsottavaksi uusimmat luonto ja vaellusvideot. Kanavan tilaaminen on ilmaista. Tilaa kanava tästä linkistä klikkaamalla  https://www.youtube.com/channel/UCrJygwIZvCQXOgYrwNlkqxA?sub_confirmation=1

Kalliopoika instagram https://www.instagram.com/kalliopoika/

Ilmakuvat ja videot https://ilmakuvat.blogspot.com/

Marjis3 Youtube: Koneet ja laitteet https://www.youtube.com/user/marjis3

Matkakertomukset Blogi https://retkeilykertomukset.blogspot.com/

Music: It's Not Hard to Get Lost by Bryan Mathys http://freemusicarchive.org/music/Bryan_Mathys/Wild_Heart/Bryan_Mathys_-_Wild_Heart_-_03_Its_Not_Hard_to_Get_Lost 
Attribution 4.0 International (CC BY 4.0) https://creativecommons.org/licenses/by/4.0/",UCrJygwIZvCQXOgYrwNlkqxA,kalliopoika,1704.0,16.0,17.0,"Hobby,Lifestyle_(sociology)",,,2018-07-13 10:30:36+00:00,PT3M57S,https://www.youtube.com/watch?v=AMNVOIRIghM,Urho Kekkonen
9-lvP4hMnNY,Urho Kekkosen Kansallispuisto vaellus lapissa ruska aikaan,Urho Kekkosen Kansallispuisto vaellus lapissa ruska aikaan,UCrJygwIZvCQXOgYrwNlkqxA,kalliopoika,2158.0,42.0,0.0,Lifestyle_(sociology),,,2023-11-12 17:23:06+00:00,PT10S,https://www.youtube.com/watch?v=9-lvP4hMnNY,Urho Kekkonen
X93PlZ5x0zk,Paratiisikuru Saariselkä  kaunein erämaa ja Lapin maisemat,"Teemme päiväretken Sudenpesältä Paratiisikuruun. Saariselkä näyttää parhaat puolensa. Urho Kekkosen Kansallispuisto ja Paratiisikuru Ukk puiston kaunein erämaa ja Lapin maisemat. 6.7.2018. Paratiisikuru on hieno paikka keskellä erämaata Saariselällä. Saariselkä näytti taas parhaat puolensa vaeltajille tällä Lapin reissulla.
Kohtausvalikko:
00:00 Paratiisikuru Saariselkä  kaunein erämaa ja Lapin maisemat.
00:02 Sudenpesän varauskammin leirillä.
03:08 Sarviojan autiotupa.
05:03 Paratiisikuru Urho Kekkosen Kansallispuisto Saariselkä.
Music: Sovereign Quarter by Kevin MacLeod http://freemusicarchive.org/music/Kevin_MacLeod/Calming/Sovereign_Quarter
Attribution 3.0 Unported (CC BY 3.0) https://creativecommons.org/licenses/by/3.0/
The North by Kevin MacLeod http://freemusicarchive.org/music/Kevin_MacLeod/Thatched_Villagers/The_North
Maanmittauslaitoksen avoimen tietoaineiston lisenssi 16.1.2015 alkaen https://www.maanmittauslaitos.fi/avoindata-lisenssi-cc40
https://www.mapant.fi/about.php     Voit käyttää MapAnt-sivuston tietoja vapaasti Creative Commons-lisenssin mukaisesti.",UCrJygwIZvCQXOgYrwNlkqxA,kalliopoika,9025.0,55.0,19.0,"Hobby,Lifestyle_(sociology),Tourism",,,2018-09-19 19:19:56+00:00,PT11M19S,https://www.youtube.com/watch?v=X93PlZ5x0zk,Urho Kekkonen
63enDCv-ikU,Testissä tarkkuussuunnistus,"Meidät kutsuttiin Nuuksioon testaamaan tarkkuussuunnistusta ja tutustumaan Tempo-kilpailuun. 

https://www.trailo.fi
http://helsinginsuunnistajat.fi

Paina peukkua jos video oli jees! Kommentoi alas sun suunnistuskokemuksia ja mitä urheilulajeja haluaisit meidän testaavan?

Ps. Huomasitteko uuden video-outron? ;)

Ootte parhaita. 

ANNIINA SOMESSA: @ANNIINAJALKANEN

▪️Facebook: http://bit.ly/2rOR4mW
▪️Instagram: http://bit.ly/2qvjyhN
▪️Snapchat: http://bit.ly/2qvlve7
▪️Blogi: http://bit.ly/2s7FdxB
▪️Youtube: http://bit.ly/2r5mkgw
▪️Twitter: http://bit.ly/2v8vg5e

Yhteydenotot: anniinajalkanen@gmail.com

Music: http://www.epidemicsound.com",UCs4N6Uyjqsszr12v6J-W4Iw,Anniina Jalkanen,4391.0,122.0,45.0,Lifestyle_(sociology),,,2018-06-09 07:54:52+00:00,PT9M1S,https://www.youtube.com/watch?v=63enDCv-ikU,Nuuksio
-E79NNw9u-U,CATCH A FISH OR GO HUNRY - Fishing trip at Koli - BMA #shorts #fishing #survival #camping #koli,"Awesomeness lives here!
Smooth sea never made for skilled sailor
- Kaitsu",UCsSIwgydxLs24ei6WxExEBg,Biisonimafia Adventure,7640.0,196.0,1.0,"Hobby,Lifestyle_(sociology),Pet,Tourism",,,2023-07-09 13:00:00+00:00,PT58S,https://www.youtube.com/watch?v=-E79NNw9u-U,Koli
iCuJSWaZiHs,"Pyhä-Luosto National Park, FINLAND (БГ в описанието)","(за БГ език погледни надолу) Luosto Nature Hiking Trail, 17 km, circle trail. Have you ever wondered how Northern Finland's Nature looks like in the autumn? This is a silent story about our two-day trip. I was impressed by the respect to Nature by the park authorities, and the culture of the hikers in the area.

If you're curious about the strange language here and there in the text, this is my mother tongue - Bulgarian.

With gratitude to National Parks, Finland, and the Finnish hiking society.

This channel is kindly supported by the Software Development Company: www.argoventuresdigital.com

Martin

List of my favourite gear: 

GPS: 

Garmin 64s: https://amzn.to/2KxqW7S

Suunto Spartan Ultra: https://amzn.to/2KvRcQa

Video/Photo:

GpPro 7 Black: https://amzn.to/3aCxgWi

Sony FDR-AX53: https://amzn.to/2xWhaJN

Panasonic Lumix DMC-G90MEC-K Camera Kit with F3.5-5.6 12-60mm: https://amzn.to/2VxTsfU

DJI Mavic Pro Drone: https://amzn.to/3at7T9u

Екипировка/Gear:

Раница/Backpack Fjällräven Abisko 65L: https://amzn.to/2Y19Rv7

Слънчеви очила/Sunglasses Julbo: https://amzn.to/2KPqMZQ

For support: https://www.patreon.com/martinstefanov

Thank you!

Martin

В този кратък филм ще ви покажа как изглежда природата на северна Финландия през есента. Това е един мълчалив разказ за прехода ни в един от най-популярните периродни паркове във Финландия - Пюха Луосто, който осъществихме през октомври 2019. 
Силно впечатление по време на двудневния преход ми направи почитта на финландците към Природата и уважението към личността. 
Дървената къщурка, където прекарахме нощта бе на разположение с предварителна заявка. Ключът се взима от най-близкото населено място и съответно там се връща. Къщата се посещава рядко от поддържащия персонал, главно с цел зареждане с дърва за огрев. Културата на финландския турист повелява един обект за обществено ползване да бъде оставен в по-добро състояние, от това, в което е намерен. Това ни затрудни до известна степен. Тъй като мястото бе в перфектно състояние, поддържано единствено от ползвателите, се наложи да бъдем креативни и да прибегнем до подготовка на разпалка за следващия огън и почистване на вече почистени неща. 
Ползването на МПС в пределите на парковете е недопустимо, не само заради закона, но най-вече заради високите етични норми във финландското общество.
Тишина, Природа и отвреме-навреме усмихнат човек, водещ кучето си на каишка. Толкова ли е сложно?",UCsXRDTa-TX6aWNGVNut1s1g,Martin Stefanov,4576.0,214.0,33.0,"Hobby,Lifestyle_(sociology),Tourism",,,2020-04-28 13:30:03+00:00,PT15M18S,https://www.youtube.com/watch?v=iCuJSWaZiHs,Pyhä-Luosto
klOpt14_syw,Riisitunturi National Park day trip,"A hike in Lapland, during the shortest day of the year.

Much of the footage was shot by Nadya, IG: nadin_greenadin

For more films of the Bulgarian guy hiking in Finland, have look at my other videos on this channel. 

If you liked it, please, share :)

✩ Онлайн мърч магазин: https://holvi.com/shop/unlockyourhero/

✩ Martin Stefanov podcast on Spotify:
https://open.spotify.com/show/3DBtGfk9wfsMOpA6u6miom

✩ https://www.facebook.com/martinstefanovfilms

✩ Instagram: https://www.instagram.com/unlock_your_hero/

✩ Instagram sport: https://www.instagram.com/martin._.stefanov/

✩ Nadya's Instagram: https://www.instagram.com/nadin_greenadin/

✩ My job in Finland: https://unlockyourhero.fi/

✩ Strava: https://www.strava.com/athletes/19345475

✩ Patreon: https://www.patreon.com/martinstefanov

Ако ви трябва екипировка: https://www.varriosport.bg/",UCsXRDTa-TX6aWNGVNut1s1g,Martin Stefanov,7083.0,317.0,54.0,"Hobby,Lifestyle_(sociology),Tourism",,,2021-12-25 16:01:46+00:00,PT7M51S,https://www.youtube.com/watch?v=klOpt14_syw,Riisitunturi
7RTOXPi2hZ0,Womo Finnland Rundreise # 5 - ein Highlight am Straßenrand - ⛺️ Camping Hossan Lumo,"Wir fahren heute nur ein kleines Stückchen und erkunden zum zweiten Mal nach 2016 das ""Stille Volk"". Schon gegen Mittag erreichen wir den schön im Wald und am See gelegenen Campingplatz Camping Hossan Lumo. 

►► Kontakt:
Homepage: http://www.FeelFreeOnTour.com
Instagram: https://www.instagram.com/feelfreeontour

►► MUSIK: 
Music from Epidemic Sound (http://www.epidemicsound.com)

►►  Ihr möchtet etwas bei Amazon kaufen? Kauft doch über folgenden Link, kostet euch KEINEN CENT mehr. Euer Produkt wird also NICHT teurer! Damit helft ihr uns zum Beispiel dabei unsere Reisekasse aufzufüllen:
http://www.amazon.de/exec/obidos/redirect-home?tag=feelfreeontou-21&site=home

Hier aufgeführte Produkt-Links die mit einem „*“ gekennzeichnet sind, sind Affiliate-Links.

Technik:
Ortungsgerät: PAJ Power Finder*: https://amzn.to/2KZczYA
Drohne DJI Mavic Pro*: https://amzn.to/2t0EOzt
Kamera Sony Alpha 7s ii*: https://amzn.to/2sZIUb
Objektiv Zeiss Batis 2.8/18 E-Mount*: https://amzn.to/2JV1l7e
Objektiv Sony 16-35 mm, F4*: https://amzn.to/2HVwa9H
Teleobjektiv Sony 70-300 mm, F4.5-5.6*: https://amzn.to/2lfv6VA
Speicherkarte für die Kamera*: https://amzn.to/2M43tddZhiyun Crane 2 3-Achsen-Handheld Gimbal: https://amzn.to/2LS1b0E
Stativ klein Joby*: https://amzn.to/2JXDlDy
Reisestativ groß: https://amzn.to/2JZTwQE
Mikrofon Rode SVMPR Stereo Videomic Pro*: https://amzn.to/2leMny8
Apple MacBook Pro 15“*: https://amzn.to/2MtbBoF
Festplatte: LaCie 4 TB USB-C*: https://amzn.to/2JUimy3
Pacsafe*: https://amzn.to/2M09E23

Wohnmobil:
Stromkabel*: 16A, 3x2,5: https://amzn.to/2HXJSce
Warnleuchte*: https://amzn.to/2HUZSMe
Faltbarer Wasserkessel*: https://amzn.to/2JUBNtY
Faltbarer Kaffeefilter*: https://amzn.to/2lgGhgF

Reiseführer:
Mit dem Wohnmobil nach Irland*: https://amzn.to/2yjZ0kG

Mit dem Wohnmobil nach England*: https://amzn.to/2lgLDIO

Mit dem Wohnmobil nach Schottland*: https://amzn.to/2tlAWYW
Schottland mit dem Wohnmobil*: https://amzn.to/2JRVKlW
Schottland Straßenkarte*: https://amzn.to/2K0wEk3

Reiseatlas Skandinavien*: https://amzn.to/2I0nTkV

Mit dem Wohnmobil nach Nord-Schweden*: https://amzn.to/2t6p8ua
Mit dem Wohnmobil nach Süd-Schweden*: https://amzn.to/2tfaVLV

Mit dem Wohnmobil nach Norwegen*: https://amzn.to/2lhAuYb
Norwegen mit dem Wohnmobil*: https://amzn.to/2M1pABc
Die schönsten Routen zum Nordkap*: https://amzn.to/2JZDFBI

Mit dem Wohnmobil nach Finnland*: https://amzn.to/2teJAbI
Reiseführer Finnland*: https://amzn.to/2MD1RbB

Kinderausrüstung:
Musik-Hörfigur Toniebox*: https://amzn.to/2lcJlKu
Tiptoi Stift*: https://amzn.to/2JYLac8 
Kinderliederbuch für Tiptoi*: https://amzn.to/2leYfjF
Lieblings Bilderlexikon Tiere*: https://amzn.to/2t6YKQY
Lieblingsspiel: Lotti Karotti*: https://amzn.to/2lcyaSi
Kniffel kids*: https://amzn.to/2K0K0wS
Junior Uno*: https://amzn.to/2lgyFe8

Mehr auf unserer Homepage: https://www.feelfreeontour.com",UCsmA7kV6ko9mE__z57sGOBA,FeelFreeOnTour,4648.0,163.0,11.0,"Lifestyle_(sociology),Tourism",,,2018-08-19 10:28:29+00:00,PT13M38S,https://www.youtube.com/watch?v=7RTOXPi2hZ0,Hossa
hUc24Vyt_z8,DAS ist Finnland: Waldparkplatz-Wandern-Natur-Einsamkeit *Finnland Wohnmobil Rundreise #14,"Wir übernachten im Nationalpark Helvetinjärven mitten im Wald. Entspannen am See und wandern einen Teil einer sehr schönen Wanderroute: https://www.komoot.de/tour/42838041?ref=wtd

►► Kontakt:
Homepage: http://www.FeelFreeOnTour.com
Instagram: https://www.instagram.com/feelfreeontour

►► MUSIK: 
Music from Epidemic Sound (http://www.epidemicsound.com)

►►  Ihr möchtet etwas bei Amazon kaufen? Kauft doch über folgenden Link, kostet euch KEINEN CENT mehr. Euer Produkt wird also NICHT teurer! Damit helft ihr uns zum Beispiel dabei unsere Reisekasse aufzufüllen:
http://www.amazon.de/exec/obidos/redirect-home?tag=feelfreeontou-21&site=home

Hier aufgeführte Produkt-Links die mit einem „*“ gekennzeichnet sind, sind Affiliate-Links.

Technik:
Ortungsgerät: PAJ Power Finder*: https://amzn.to/2KZczYA
Drohne DJI Mavic Pro*: https://amzn.to/2t0EOzt
Kamera Sony Alpha 7s ii*: https://amzn.to/2sZIUb
Objektiv Zeiss Batis 2.8/18 E-Mount*: https://amzn.to/2JV1l7e
Objektiv Sony 16-35 mm, F4*: https://amzn.to/2HVwa9H
Teleobjektiv Sony 70-300 mm, F4.5-5.6*: https://amzn.to/2lfv6VA
Speicherkarte für die Kamera*: https://amzn.to/2M43tddZhiyun Crane 2 3-Achsen-Handheld Gimbal: https://amzn.to/2LS1b0E
Stativ klein Joby*: https://amzn.to/2JXDlDy
Reisestativ groß: https://amzn.to/2JZTwQE
Mikrofon Rode SVMPR Stereo Videomic Pro*: https://amzn.to/2leMny8
Apple MacBook Pro 15“*: https://amzn.to/2MtbBoF
Festplatte: LaCie 4 TB USB-C*: https://amzn.to/2JUimy3
Pacsafe*: https://amzn.to/2M09E23

Wohnmobil:
Stromkabel*: 16A, 3x2,5: https://amzn.to/2HXJSce
Warnleuchte*: https://amzn.to/2HUZSMe
Faltbarer Wasserkessel*: https://amzn.to/2JUBNtY
Faltbarer Kaffeefilter*: https://amzn.to/2lgGhgF

Reiseführer:
Mit dem Wohnmobil nach Irland*: https://amzn.to/2yjZ0kG

Mit dem Wohnmobil nach England*: https://amzn.to/2lgLDIO

Mit dem Wohnmobil nach Schottland*: https://amzn.to/2tlAWYW
Schottland mit dem Wohnmobil*: https://amzn.to/2JRVKlW
Schottland Straßenkarte*: https://amzn.to/2K0wEk3

Reiseatlas Skandinavien*: https://amzn.to/2I0nTkV

Mit dem Wohnmobil nach Nord-Schweden*: https://amzn.to/2t6p8ua
Mit dem Wohnmobil nach Süd-Schweden*: https://amzn.to/2tfaVLV

Mit dem Wohnmobil nach Norwegen*: https://amzn.to/2lhAuYb
Norwegen mit dem Wohnmobil*: https://amzn.to/2M1pABc
Die schönsten Routen zum Nordkap*: https://amzn.to/2JZDFBI

Mit dem Wohnmobil nach Finnland*: https://amzn.to/2teJAbI
Reiseführer Finnland*: https://amzn.to/2MD1RbB

Kinderausrüstung:
Musik-Hörfigur Toniebox*: https://amzn.to/2lcJlKu
Tiptoi Stift*: https://amzn.to/2JYLac8 
Kinderliederbuch für Tiptoi*: https://amzn.to/2leYfjF
Lieblings Bilderlexikon Tiere*: https://amzn.to/2t6YKQY
Lieblingsspiel: Lotti Karotti*: https://amzn.to/2lcyaSi
Kniffel kids*: https://amzn.to/2K0K0wS
Junior Uno*: https://amzn.to/2lgyFe8

Mehr auf unserer Homepage: https://www.feelfreeontour.com

#camping #nationalpark #wandern #finnland #wohnmobil #rundreise",UCsmA7kV6ko9mE__z57sGOBA,FeelFreeOnTour,3902.0,143.0,7.0,"Hobby,Lifestyle_(sociology),Tourism",,,2018-09-30 07:24:31+00:00,PT15M32S,https://www.youtube.com/watch?v=hUc24Vyt_z8,Helvetinjärvi
ZhWFIfy-eqc,Saariselkä FINLAND 4K Aerial Scenery *Autumn beauty,"Autumn beauty in Saariselkä FINLAND 4K Aerial Scenery
Suomi ilmasta 4K DRONE videoita https://www.youtube.com/watch?v=Enwez5k3Esw&list=PL1XH2yXL2BnTEKkR6oXBN43hFWUUrEbWU&index=2
fi.  Saariselkä (pohjoissaameksi Suoločielgi, inarinsaameksi Suáluičielgi, kirjaimellisesti Saariselkä) on Inarin, Savukosken ja Sodankylän kunnissa, osittain Urho Kekkosen kansallispuiston alueella sijaitseva tunturijono ja erämaa-alue. Se kuuluu UK-puisto-Sompio-Kemihaara-Natura 2000 -luonnonsuojelualueeseen.

Sen korkein tunturi on Sokosti, joka on korkeimmillaan 718 metriä merenpinnan yläpuolella. Muita Saariselän alueen tuntureita ovat muun muassa Kaunispää, Kiilopää, Ukselmapää sekä Vuomapää. Granuliitti, jota tunturit suurimmaksi osaksi ovat, syntyi noin 2 miljardia vuotta sitten. Tunturit ja jokilaaksot saivat alkunsa lohkoliikuntojen seurauksena vajaa 50 miljoonaa vuotta sitten. Viimeisin jääkausi vetäytyi alueelta 9 500 vuotta sitten.

Saariselän erämaa-alue on suosittu vaelluskohde helppokulkuisuutensa, koskemattomuutensa sekä verrattain tiheän autiomajojen ja varaustupien verkoston ansiosta. Saariselälle suuntautuvia vaelluksia aloitetaan usein esimerkiksi Raja-Joosepista, Kiilopäältä ja Kemihaarasta.

en. Saariselkä (Northern Sami: Suoločielgi, literally islandback) is a village located in a mountainous area in northern Finland. It is a popular tourist destination, providing activities such as skiing, hiking and a spa. It is located in Northern Lapland and belongs to the Inari municipality.

Saariselkä is partly in Urho Kekkonen National Park. Soil in Saariselkä is mostly 2 billion-year-old granulite. The last ice age ended 9500 years ago in Saariselkä. Saariselkä village is about 300 meters above sea level. Kaunispää-fell, next to the village, rises to 438 meters.

#Saariselkä
#FinlandAbove
#Lappi_ilmasta


music: Turning Slowly  Ugonna Onyekwe
https://www.youtube.com/audiolibrary/music


Video © Mraknup",UCt_lg_eX1sI5oqInlkRtj8Q,Mraknup,6978.0,102.0,53.0,Tourism,,,2020-09-23 15:00:08+00:00,PT5M55S,https://www.youtube.com/watch?v=ZhWFIfy-eqc,Urho Kekkonen
Br7UABQKSGg,Yksin erämaassa | Päivä 28: Kaikki hyvä loppuu aikanaan | Luirojärvi - Kiilopää,"Arvonnan ohjeet kuvauksen lopussa! 

Vaelsin elokuussa 2021 yksin lapissa kiertäen pään alueen erämaita ja puistoja. Halusin oppia suunnistamaan, nauttia erämaamaisemista ja rauhasta sekä kerätä itsevarmuutta yksinretkeilyyn. Minulla ei ollut kilometritavoitetta, vaan tavoitteenani oli oppia kuuntelemaan paremmin itseäni sekä olemaan enemmän läsnä. Helppoa se ei ollut ja olen opin tiellä edelleen, mutta toivon, että nämä pienetkin opin muruset välittyvät sinulle matkan edetessä. Tämä video on 28 päiväisen matkani viimeinen ja matkaa kertyi 33.5 km ja yhteensä 652.9 kilometriä.

Koko kuljettu reitti https://caltopo.com/m/TJE8 
Käytetyt varusteet https://lighterpack.com/r/zn8wrk
Instagram-tilini https://www.instagram.com/katskihikes/

Koska tämä on joulukalenterin viimeinen luukku ja haluan kiittää teitä kaikkia ihania katsojia videoiden katsomisesta, arvon kommentoijien kesken retkeilyaiheisen kirjan. Kommentoi siis tämän videon kommenttikenttään mikä jakso jäi mieleesi ja MIKSI. Arvonnan voittaja saa valita seuraavista kirjoista itselleen yhden:

1. Kevytretkeilijän opas (Ossi Määttä)
2. Herkutellen luonnossa (Raija Hentman)
3. Rakkauskirjeitä luonnolle (Petteri Saario, Minna Jakosuo)
4. Suomen autiotuvat ( Joel Ahola, Jouni Laaksonen)
5. Viiden tähden vaellus (Piritta Kantojärvi)
6. Reppuretki kansallispuistoon (Olli Järvenkylä, Tomi Rantanen, ENAKKOTILAUS)

En omista kirjaa etukäteen, vaan ostan sen arvonnan suorittamisen jälkeen, joten toimitusajat saattavat vaihdella. Arvonta suoritetaan Yksin erämaassa -vaellukseni Live Q&A:ssa sunnuntaina 9.1.2022. YouTube ei ole osallinen arvontaan.

Kiitos vielä kaikille ja nähdään 9.1. livessä! (Kysymyksiä otan vastaan erillisessä postauksessa täällä YouTubessa sekä Instagramissa)",UCtuSVlea3mQtl3sL3isC-cQ,Katariina Perkonoja,26581.0,739.0,152.0,"Hobby,Lifestyle_(sociology),Tourism",68.1666667,28.25,2021-12-24 06:15:01+00:00,PT14M5S,https://www.youtube.com/watch?v=Br7UABQKSGg,Urho Kekkonen
YMLozL0mNlg,Yksin erämaassa | Päivä 6: Itsensäkuuntelun taito | Vaskolompolon at - Postijoen at,"Vaelsin elokuussa 2021 yksin lapissa kiertäen pään alueen erämaita ja puistoja. Halusin oppia suunnistamaan, nauttia erämaamaisemista ja rauhasta sekä kerätä itsevarmuutta yksinretkeilyyn. Minulla ei ollut kilometritavoitetta, vaan tavoitteenani oli oppia kuuntelemaan paremmin itseäni sekä olemaan enemmän läsnä. Helppoa se ei ollut ja olen opin tiellä edelleen, mutta toivon, että nämä pienetkin opin muruset välittyvät sinulle matkan edetessä. Tämä video on 28 päiväisen matkani kuudes ja matkaa kertyi 11.5 km.

Julkaisen koko reissun videot joulukalenterin omaisesti jouluaattoon asti ja koska reissuni kesti kauemmin kuin 24 päivää, niin adventtisunnuntaisin sekä jouluaattona tulee tuplajaksot. 

Koko kuljettu reitti https://caltopo.com/m/TJE8 
Käytetyt varusteet https://lighterpack.com/r/zn8wrk
Instagram-tilini https://www.instagram.com/katskihikes/",UCtuSVlea3mQtl3sL3isC-cQ,Katariina Perkonoja,10762.0,265.0,13.0,"Hobby,Lifestyle_(sociology),Tourism",68.6388189,25.5985362,2021-12-05 06:00:18+00:00,PT8M33S,https://www.youtube.com/watch?v=YMLozL0mNlg,Lemmenjoki
IwnCaIzdC0A,Yksin erämaassa | Päivä 5: Ensikertaa suunnistamassa | Naltijärven at - Vaskolompolon at,"Vaelsin elokuussa 2021 yksin lapissa kiertäen pään alueen erämaita ja puistoja. Halusin oppia suunnistamaan, nauttia erämaamaisemista ja rauhasta sekä kerätä itsevarmuutta yksinretkeilyyn. Minulla ei ollut kilometritavoitetta, vaan tavoitteenani oli oppia kuuntelemaan paremmin itseäni sekä olemaan enemmän läsnä. Helppoa se ei ollut ja olen opin tiellä edelleen, mutta toivon, että nämä pienetkin opin muruset välittyvät sinulle matkan edetessä. Tämä video on 28 päiväisen matkani viides ja matkaa kertyi 32 km.

Julkaisen koko reissun videot joulukalenterin omaisesti jouluaattoon asti ja koska reissuni kesti kauemmin kuin 24 päivää, niin adventtisunnuntaisin sekä jouluaattona tulee tuplajaksot. 

Koko kuljettu reitti https://caltopo.com/m/TJE8 
Käytetyt varusteet https://lighterpack.com/r/zn8wrk
Instagram-tilini https://www.instagram.com/katskihikes/",UCtuSVlea3mQtl3sL3isC-cQ,Katariina Perkonoja,13277.0,259.0,13.0,"Hobby,Lifestyle_(sociology),Tourism",68.6388189,25.5985362,2021-12-05 06:00:04+00:00,PT8M32S,https://www.youtube.com/watch?v=IwnCaIzdC0A,Lemmenjoki
l39y2AifgXc,Days 6-11: 600 kilometers of eastern Finland | English subtitles,"[In English below]

Tällä videolla matka jatkuu Patvinsuon kansallispuistosta kohti Otroskosken autiotupaa. Jaksossa päästään kokemaan tunteiden vuoristorataa, kun jatkuva uni- ja energiavaje alkaa tuntua kropan lisäksi myös mielessä. Lisäksi matkalle osuu vieläkin hiljaiseksi vetävä Änäkäisen viivytysasema, jossa koin Arman Alizad -hetkeni. Videolla esiintyy Teemun lisäksi myös Julia, johon törmäsin ensimmäisen kerran jo toisena vaelluspäivänä ja toivon, että tapaamme vielä tulevaisuudessa uudelleen.

Kiitos Ruunaan retkeilykeskus täydennyspaketin vastaanottamisesta sekä hyvästä palvelusta. Lisää retkeilykeskuksesta: https://ruunaa.fi/

In the second episode of my eastern Finland hike, the journey continues from Patvinsuo National Park torwards Otroskoski's wilderness hut. In the episode, the constant lack of sleep and insufficient energy intake take their toll as I start to suffer from serious mood swings. The trail also passes through the old Finnish front line during WW2 at Änäkäinen, and I get overwhelmed how the remnants of the war are still visible. In addition to Teemu, the episode also features Julia, whom I first encountered on the second day of hiking, and I hope to see her again in the future.

Thank you Ruunaa Outdoor Centre for recieving and storing my resupply package and for your good service. More on Outdoor Centre here: https://ruunaa.fi/en/frontpage/

Lisätietoa Änäkäisestä https://www.luontoon.fi/anakainen
Instagram @katskihikes
Teemua Instragram: @teemuofftrail",UCtuSVlea3mQtl3sL3isC-cQ,Katariina Perkonoja,40772.0,485.0,83.0,"Hobby,Lifestyle_(sociology),Tourism",,,2020-07-31 15:00:10+00:00,PT1H10M51S,https://www.youtube.com/watch?v=l39y2AifgXc,Patvinsuo
X-wQ_PKDSTw,Yksin erämaassa | Päivä 8: Takaisin sivistykseen | Kultasatama - Inari,"Vaelsin elokuussa 2021 yksin lapissa kiertäen pään alueen erämaita ja puistoja. Halusin oppia suunnistamaan, nauttia erämaamaisemista ja rauhasta sekä kerätä itsevarmuutta yksinretkeilyyn. Minulla ei ollut kilometritavoitetta, vaan tavoitteenani oli oppia kuuntelemaan paremmin itseäni sekä olemaan enemmän läsnä. Helppoa se ei ollut ja olen opin tiellä edelleen, mutta toivon, että nämä pienetkin opin muruset välittyvät sinulle matkan edetessä. Tämä video on 28 päiväisen matkani kahdeksas ja matkaa kertyi 22.3 km.

Julkaisen koko reissun videot joulukalenterin omaisesti jouluaattoon asti ja koska reissuni kesti kauemmin kuin 24 päivää, niin adventtisunnuntaisin sekä jouluaattona tulee tuplajaksot. 

Koko kuljettu reitti https://caltopo.com/m/TJE8 
Käytetyt varusteet https://lighterpack.com/r/zn8wrk
Instagram-tilini https://www.instagram.com/katskihikes/",UCtuSVlea3mQtl3sL3isC-cQ,Katariina Perkonoja,13417.0,315.0,27.0,"Hobby,Lifestyle_(sociology),Tourism",68.6388189,25.5985362,2021-12-07 06:00:16+00:00,PT14M26S,https://www.youtube.com/watch?v=X-wQ_PKDSTw,Lemmenjoki
KeBCzINNnL4,Yksin erämaassa | Päivä 25: Oivalluksia | Valolompolo - Raja-Jooseppi,"Vaelsin elokuussa 2021 yksin lapissa kiertäen pään alueen erämaita ja puistoja. Halusin oppia suunnistamaan, nauttia erämaamaisemista ja rauhasta sekä kerätä itsevarmuutta yksinretkeilyyn. Minulla ei ollut kilometritavoitetta, vaan tavoitteenani oli oppia kuuntelemaan paremmin itseäni sekä olemaan enemmän läsnä. Helppoa se ei ollut ja olen opin tiellä edelleen, mutta toivon, että nämä pienetkin opin muruset välittyvät sinulle matkan edetessä. Tämä video on 28 päiväisen matkani kahdeskymmenesviides ja matkaa kertyi 27.8 km.

Julkaisen koko reissun videot joulukalenterin omaisesti jouluaattoon asti ja koska reissuni kesti kauemmin kuin 24 päivää, niin adventtisunnuntaisin sekä jouluaattona tulee tuplajaksot. 

Koko kuljettu reitti https://caltopo.com/m/TJE8 
Käytetyt varusteet https://lighterpack.com/r/zn8wrk
Instagram-tilini https://www.instagram.com/katskihikes/",UCtuSVlea3mQtl3sL3isC-cQ,Katariina Perkonoja,13285.0,0.0,0.0,"Hobby,Lifestyle_(sociology),Tourism",68.1666667,28.25,2021-12-22 06:00:16+00:00,PT12M39S,https://www.youtube.com/watch?v=KeBCzINNnL4,Urho Kekkonen
mjIilbrREaQ,Aina ylämäki ‒ Kolin kansallispuisto ja Herajärven kierros,"Retkeilin 13.-15.5.2021 Kolin kansallispuistossa kiertäen pidemmän Herajärven kierroksen vastapäivään. Tarkoituksena oli testata uusia varusteita elokuun pidemmälle vaellukselle sekä sen hetkistä vaelluskuntoa, mutta reissu osoittautuikin yllättävän raskaaksi. Tämän lisäksi olin talven aikana unohtanut jo miten näitä videoita tehdään, joten osa materiaaleista oli jälleen valitettavasti mennyt pilalle. En alunperin halunnut julkaista tätä videota, mutta lopulta ajattelin, että tämähän on sitä mitä haluan teille välittää ‒ aitoja ja rehellisiä kokemuksia omilta reissuiltani, vaikka materiaali ei aina olekaan ihan priimaa.

Video on tehty yhteistyössä Kiias Films:n kanssa: https://kiiasfilms.wordpress.com/ 
Tarkoituksena oli testata miten kuvauksen ja editoinnin erottaminen toisistaan onnistuu toivonmukaan tlähitulevaisuudessa tapahtuvaa Pacific Crest Trail:n vaellusta ajatellen. Antakaa siis vapaasti palautetta videon sisällöstä niin kuvausta kuin editointiakin ajatellen! :)

Löydät mut myös Instagramista https://www.instagram.com/katskihikes/
kuten myös Kiias Films:n https://www.instagram.com/kiiasfilms/",UCtuSVlea3mQtl3sL3isC-cQ,Katariina Perkonoja,30022.0,587.0,46.0,"Hobby,Lifestyle_(sociology),Tourism",,,2021-07-30 21:00:31+00:00,PT38M36S,https://www.youtube.com/watch?v=mjIilbrREaQ,Koli
-OZr1VS4OTU,Yksin erämaassa | Päivä 27: Kiitollisuus | Sarvioja - Luirojärvi,"Vaelsin elokuussa 2021 yksin lapissa kiertäen pään alueen erämaita ja puistoja. Halusin oppia suunnistamaan, nauttia erämaamaisemista ja rauhasta sekä kerätä itsevarmuutta yksinretkeilyyn. Minulla ei ollut kilometritavoitetta, vaan tavoitteenani oli oppia kuuntelemaan paremmin itseäni sekä olemaan enemmän läsnä. Helppoa se ei ollut ja olen opin tiellä edelleen, mutta toivon, että nämä pienetkin opin muruset välittyvät sinulle matkan edetessä. Tämä video on 28 päiväisen matkani kahdeskymmenesseitsemäs ja matkaa kertyi 18 km.

Tämä on vaellusjoulukalenterini toiseksi viimeinen luukku.

Kiitos kuvausavusta nimetön henkilö (unohdin nimesi, pahoittelut, laita viestiä jos näät tämän kommentin) :)

Koko kuljettu reitti https://caltopo.com/m/TJE8 
Käytetyt varusteet https://lighterpack.com/r/zn8wrk
Instagram-tilini https://www.instagram.com/katskihikes/",UCtuSVlea3mQtl3sL3isC-cQ,Katariina Perkonoja,13549.0,0.0,0.0,"Hobby,Lifestyle_(sociology),Tourism",68.1666667,28.25,2021-12-24 06:00:01+00:00,PT16M9S,https://www.youtube.com/watch?v=-OZr1VS4OTU,Urho Kekkonen
SODzx7wva_0,Yksin erämaassa | Päivä 26: Tuttuja | Raja-Jooseppi - Sarvioja,"Vaelsin elokuussa 2021 yksin lapissa kiertäen pään alueen erämaita ja puistoja. Halusin oppia suunnistamaan, nauttia erämaamaisemista ja rauhasta sekä kerätä itsevarmuutta yksinretkeilyyn. Minulla ei ollut kilometritavoitetta, vaan tavoitteenani oli oppia kuuntelemaan paremmin itseäni sekä olemaan enemmän läsnä. Helppoa se ei ollut ja olen opin tiellä edelleen, mutta toivon, että nämä pienetkin opin muruset välittyvät sinulle matkan edetessä. Tämä video on 28 päiväisen matkani kahdeskymmeneskuudes ja matkaa kertyi 28.9 km.

Julkaisen koko reissun videot joulukalenterin omaisesti jouluaattoon asti ja koska reissuni kesti kauemmin kuin 24 päivää, niin adventtisunnuntaisin sekä jouluaattona tulee tuplajaksot. 

Koko kuljettu reitti https://caltopo.com/m/TJE8 
Käytetyt varusteet https://lighterpack.com/r/zn8wrk
Instagram-tilini https://www.instagram.com/katskihikes/",UCtuSVlea3mQtl3sL3isC-cQ,Katariina Perkonoja,18521.0,301.0,27.0,"Hobby,Lifestyle_(sociology),Tourism",68.1666667,28.25,2021-12-23 06:00:06+00:00,PT11M47S,https://www.youtube.com/watch?v=SODzx7wva_0,Urho Kekkonen
lC20LCn_ReA,Days 1-5: 600 kilometers of eastern Finland | English subtitles,"[In English below]

Videolla on Itä-Suomen vaelluksen ensimmäinen etappi Möhkö-Patvinsuo. Varoituksena myös, että video sisältää jonkin verran kiroilua. Pahoittelen etukäteen jo joidenkin pätkien huonoa kuvan- ja äänenlaatua. Kuvauskalusto teki valitettavasti tepposet minkä lisäksi en tullut kuvanneeksi alussa kovin paljoa, joka näkyy myös vähän köyhähkönä sisältönä. Instagramista löytyy myös reissun aikaiset päivitykset. 

Kiitos vielä Suomun luontotuvalle täydennyspaketin vastaanottamisesta sekä ystävällisestä palvelusta.

Seuraa Instagramissa @katskihikes
Seuraa Teemua Instagramissa @teemuofftrail

******************

In the first episode of 600 kilometers of eastern Finland I start my hike from Möhkö and reach Patvinsuo National Park. As a warning, the episode contains some cursing and some of the clips got ruined (poor image and audio quality) due to technical issues. I also forgot to film enough as I was so excited about the hike.

Follow me on Instagram: @katskihikes
Follow Teemu on Instagram: @homemadehikes",UCtuSVlea3mQtl3sL3isC-cQ,Katariina Perkonoja,31984.0,381.0,34.0,"Hobby,Lifestyle_(sociology),Tourism",,,2020-07-24 15:00:12+00:00,PT1H2M7S,https://www.youtube.com/watch?v=lC20LCn_ReA,Patvinsuo
DmxSS1rTEAw,Yksin erämaassa | Päivä 7: Pelko käy toteen | Postijoen at - Kultasatama,"Huom! Jakso sisältää kiroilua, mutta kirosanat on peitetty ääniefektein.

Vaelsin elokuussa 2021 yksin lapissa kiertäen pään alueen erämaita ja puistoja. Halusin oppia suunnistamaan, nauttia erämaamaisemista ja rauhasta sekä kerätä itsevarmuutta yksinretkeilyyn. Minulla ei ollut kilometritavoitetta, vaan tavoitteenani oli oppia kuuntelemaan paremmin itseäni sekä olemaan enemmän läsnä. Helppoa se ei ollut ja olen opin tiellä edelleen, mutta toivon, että nämä pienetkin opin muruset välittyvät sinulle matkan edetessä. Tämä video on 28 päiväisen matkani seitsemäs ja matkaa kertyi 21.8 km.

Julkaisen koko reissun videot joulukalenterin omaisesti jouluaattoon asti ja koska reissuni kesti kauemmin kuin 24 päivää, niin adventtisunnuntaisin sekä jouluaattona tulee tuplajaksot. 

Koko kuljettu reitti https://caltopo.com/m/TJE8 
Käytetyt varusteet https://lighterpack.com/r/zn8wrk
Instagram-tilini https://www.instagram.com/katskihikes/",UCtuSVlea3mQtl3sL3isC-cQ,Katariina Perkonoja,16102.0,305.0,21.0,"Hobby,Lifestyle_(sociology),Tourism",68.6388189,25.5985362,2021-12-06 06:00:03+00:00,PT18M41S,https://www.youtube.com/watch?v=DmxSS1rTEAw,Lemmenjoki
pGsxgeHlk4g,Elämäni ensimmäinen vaellus: Ylläs - Pallas 2019,"Tämä video on kuvattu ja editoitu vuonna 2019. Editoin sen uudestaan 2022, sillä halusin jakaa tämän kokemuksen kanssanne ja näyttää, mistä olen aloittanut. Liian helposti vertaamme itseämme toisiin lisäksi vielä unohtaen, että jostain on aina tarvinnut aloittaa. Olkoon tämä inspiraationa teille, jotka mietitte mahdollisesti jonkun uuden harrastuksen tai asian aloittamista - kukaan ei ole seppä syntyessään!

00:00 - Intro
00:37 - Päivä 1: Kellokas - Äkässaivo
08:30 - Päivä 2: Äkässaivo - Pahtavuoma at
21:56 - Päivä 3: Pahtavuoma at - Mustakero at
33:27 - Päivä 4: Mustakero at - Pallas

Seuraa reissujani Instagramissa: https://www.instagram.com/katskihikes/",UCtuSVlea3mQtl3sL3isC-cQ,Katariina Perkonoja,26421.0,463.0,44.0,"Hobby,Lifestyle_(sociology),Tourism",,,2022-04-10 13:00:20+00:00,PT43M24S,https://www.youtube.com/watch?v=pGsxgeHlk4g,Pallas-Yllästunturi
WqHApzHdMxQ,Taimenen vetouistelua Hossan Umpi-Valkeisella 2021 | 4K | Erämaiden Kulkijat,"Episode 59: Edellisen jakson tapaan suuntasimme uudelleen Hossan kansallispuiston vesille tavoittelemaan taimenta ja ahventa. Kalastusmuotona päätimme keskittyä tällä kertaa vetouisteluun, joka osoittautui tulokselliseksi tällä reissulla. Umpivalkeisella on vuokrattavana luontokeskukselta veneitä, joka myös tällä reissulla oli meillä kalasaalista varmistamassa. Tuulinen ja viileä sää olivat tämän reissun juttu, mutta kalat saivat miehiin mukavasti lämpöä aiheutettua.

Lisätietoa Hossan kalapaikoista:
https://www.eraluvat.fi/kalastus/kalastusmaksut-ja-luvat/vapalupa/alueet/hossa.html

Instagram: https://www.instagram.com/eramaidenkulkijat/

Veneessä käytetty vapateline:
https://www.verkkokauppatukku.fi/product/44/vapateline-soutuvene-rst--3kpl-kaantyva-vapaputki

Kumihavas haavi:
https://www.baits.fi/scandinavian-tackle-woodland-m.html?ewaid=0f4868

https://repoextreme.com/​
-10% Repo Extremen tuotteista koodilla: eramaidenkulkijat1

––––––––––––––––––––––––––––––
Fragments - AERØHEAD https://soundcloud.com/aerohead 
Creative Commons — Attribution-ShareAlike 3.0 Unported — CC BY-SA 3.0 
Free Download / Stream: https://bit.ly/al-fragments
Music promoted by Audio Library https://youtu.be/O7PzeUTESAA
––––––––––––––––––––––––––––––
Hiraeth by Scott Buckley https://soundcloud.com/scottbuckley
Creative Commons — Attribution 3.0 Unported — CC BY 3.0
Free Download / Stream: http://bit.ly/al-hiraeth
Music promoted by Audio Library https://youtu.be/iZdPxAXsd5k
––––––––––––––––––––––––––––––",UCv2Tl3tsS-nnBa-tS2b8cXg,Erämaiden Kulkijat,8069.0,136.0,10.0,"Hobby,Lifestyle_(sociology),Pet",,,2021-09-15 15:00:17+00:00,PT23M36S,https://www.youtube.com/watch?v=WqHApzHdMxQ,Hossa
tSR_xtwMow4,Pilkintää Hossan Umpivalkeisella 2020 | Erämaiden Kulkijat,"Episode 49: Tämän kertaisessa jaksossa olemme vuoden 2020 lopussa pilkillä Hossan kansallispuistossa Umpivalkeisella. Umpivalkeinen on kirkasvetinen harjulampi, jonka tavoitelluimpia kaloja ovat ahven ja taimen, joita myös me lähdimme reissulla hakemaan. Lähde mukaan nauttimaan hienoista maisemista ja tutustumaan paikkaan!

https://www.eraluvat.fi/kalastus/kalastusmaksut-ja-luvat/vapalupa/alueet/hossa.html

https://repoextreme.com/
-10% Repo Extremen tuotteista koodilla: eramaidenkulkijat10

https://www.baits.fi/

Music: Time Stops - Silent Partner https://youtu.be/hSw426OT2Zs",UCv2Tl3tsS-nnBa-tS2b8cXg,Erämaiden Kulkijat,5343.0,93.0,10.0,"Hobby,Lifestyle_(sociology),Pet,Tourism",,,2021-01-05 12:00:12+00:00,PT9M4S,https://www.youtube.com/watch?v=tSR_xtwMow4,Hossa
3H_3JViJbs4,Vapun viettoa Hossan metsälammilla | Erämaiden Kulkijat,"Episode 11: Lähdettiin vapun kunniaksi Hossan metsälammille ahvenen pilkintään. Keli oli erinomainen, mutta tuuli haittasi jonkin verran kuvauksien äänenlaatua. Mutta päätettiin sitten näihin kohtiin tekstityksiä pukata nii saapi Kainuulaisesta möngerryksestäkin selvää :).

Kaweri kevennetyt tasapainopilkit ja muut tuotteet löydät täältä: 

https://www.kaweri.fi

Instagram: https://www.instagram.com/eramaidenkulkijat/?hl=fi

Track Title: Uplifting by AShamaluevMusic. 
Music provided by IBGMusic For Videos. 
Music Link: https://youtu.be/LQU2plvgMtI 

FR:
Musique: Who We Are
Twitter: https://twitter.com/Sasorixxx666",UCv2Tl3tsS-nnBa-tS2b8cXg,Erämaiden Kulkijat,11545.0,67.0,11.0,"Hobby,Lifestyle_(sociology)",,,2018-05-11 12:57:35+00:00,PT19M59S,https://www.youtube.com/watch?v=3H_3JViJbs4,Hossa
w50ddEScm14,Pilkintää Iso-Valkeaisella Hossan kansallispuistossa 2020 | Erämaiden Kulkijat,"Episode 31: Jaksossa eletään kevään loppupuolta Kainuussa. Lähdimme aamuvarhain meille ennestään tuntemattomalle lammelle Hossan kansallispuistoon. Iso-Valkeainen, joka tällä reissulla pilkkikohteena on, tunnetaan kookkaista ahvenista ja isoiksi kasvavista taimenista. Hyppää mukaan kevään 2020 viimeiseen pilkkijaksoon!

Lisätietoa Iso-Valkeaisesta: 
https://www.eraluvat.fi/kalastus/kalastusmaksut-ja-luvat/vapalupa/alueet/hossa.html

https://repoextreme.com/ (-10% Repo Extremen tuotteista koodilla: eramaidenkulkijat10)
https://www.skil.fi/skil-3071-ea-brushless-akkuiskuporakone-cd1e3071ea.html#productimage2
https://www.metsa.fi/
https://www.eraluvat.fi

Listaus videoilla käytetyistä baits.fi tuotteista. Ostamalla tuotteen tuet myös meidän toimintaa.

https://www.baits.fi/vaino-tank-50l-backbag-with-chair.html?ewaid=0f4868
https://www.baits.fi/vaino-black-caviar-mormyska-1kpl-6-bgc-5028.html?ewaid=0f4868
https://www.baits.fi/vmt-sohjokauha-5-vihrea.html?ewaid=0f4868

––––––––––––––––––––––––––––––
Summer Nights by LiQWYD https://soundcloud.com/liqwyd
Creative Commons — Attribution 3.0 Unported  — CC BY 3.0 
Free Download / Stream: https://bit.ly/summer-nights-liqwyd
Music promoted by Audio Library https://youtu.be/6A2mPVrYAxs
––––––––––––––––––––––––––––––
Song: Vlad Gluschenko - Alp
Music provided by Vlog No Copyright Music.
Creative Commons - Attribution 3.0 Unported
Video Link: https://youtu.be/Vt9tMbWavW0
––––––––––––––––––––––––––––––
Song: Vlad Gluschenko - Changes (Vlog No Copyright Music)
Music promoted by Vlog No Copyright Music.
Video Link: https://youtu.be/ujh_7__2of8",UCv2Tl3tsS-nnBa-tS2b8cXg,Erämaiden Kulkijat,10210.0,103.0,27.0,"Hobby,Lifestyle_(sociology)",,,2020-05-09 13:00:36+00:00,PT16M7S,https://www.youtube.com/watch?v=w50ddEScm14,Hossa
3mISRiGNWP4,Kevätpäivän viettoa Hossan kansallispuistossa 2020 | Erämaiden Kulkijat,"Episode 30: Tällä kertaa ollaan pilkillä Hossan kansallispuiston vesissä. Päivä aloitetaan jo ennestään tutulla lammella, josta siirrytään kartoittamaan uutta vesistoä. Onko ahven purullaan huuhtikuisena kevätpäivänä?

https://www.instagram.com/eramaidenkulkijat/?hl=fi

https://repoextreme.com/
💰 -10% Repo Extremen tuotteista koodilla: erämaidenkulkijat10

Kaweri kevennetyt tasapainot: https://kaweri.vilkasstore.com/

https://www.baits.fi/ 

Väinö pilkkireppu: https://www.baits.fi/vaino-tank-50l-backbag-with-chair.html?ewaid=0f4868

Väinö mormuska lajitelma: https://www.baits.fi/vaino-drop-5-lajitelma-5kpl-perusvarit.html?ewaid=0f4868

Väinö Haapo 50mm pilkkivapa: https://www.baits.fi/vaino-haapo-50mm.html?ewaid=0f4868

Väinö kaviaari mormyska: https://www.baits.fi/vaino-black-caviar-mormyska-1kpl.html?ewaid=0f4868

Sohjokauha: https://www.baits.fi/vmt-sohjokauha-5-vihrea.html?ewaid=0f4868

Short Trip by Roa https://soundcloud.com/roa_music1031 
Creative Commons — Attribution 3.0 Unported — CC BY 3.0 
Free Download / Stream: https://bit.ly/roa-music-short-trip 
Music promoted by Audio Library https://youtu.be/J4x_Gj4LoCU

––––––––––––––––––––––––––––––
Track: Odessa — LiQWYD & Scandinavianz [Audio Library Release]
Music provided by Audio Library Plus
Watch:   

 • Odessa — LiQWYD & Scandinavianz | Fre...  
Free Download / Stream: https://alplus.io/odessa
––––––––––––––––––––––––––––––",UCv2Tl3tsS-nnBa-tS2b8cXg,Erämaiden Kulkijat,2883.0,54.0,17.0,"Hobby,Lifestyle_(sociology)",,,2020-04-29 12:06:01+00:00,PT12M43S,https://www.youtube.com/watch?v=3mISRiGNWP4,Hossa
DbCpcpmikdU,Ahvenen kalastusta Hossan kalavesillä 2019 | Erämaiden Kulkijat,"Episode 18: Ahvenen kalastusteema jatkuu edellisen jakson tapaan Suomussalmella sijaitsevassa Hossassa. Tällä reissulla etsimme Hossasta uusia ahvenpaikkoja sekä kierretään muutama jo ennestään tuttu lampi.

Instagram: https://www.instagram.com/eramaidenkulkijat

Skyrocket by Day 7: https://soundcloud.com/day7official/s...
Attribution-NoDerivs 3.0 Unported (CC BY-ND 3.0)
https://creativecommons.org/licenses/...
Music provided by Free Vibes: https://goo.gl/NkGhTg",UCv2Tl3tsS-nnBa-tS2b8cXg,Erämaiden Kulkijat,15745.0,171.0,12.0,"Hobby,Lifestyle_(sociology),Pet",,,2019-09-03 14:00:03+00:00,PT15M53S,https://www.youtube.com/watch?v=DbCpcpmikdU,Hossa
7ODUDyyB_HM,Ahvenen kalastusta Hossan kesäyössä 2021 | Erämaiden Kulkijat,"Episode 57: Heinäkuisena kesäpäivänä kalastajat suuntaavat Hossan upeisiin maisemiin tavoitteenaan kartoittaa uusia kalavesiä kumiveneen ja kelluntarenkaan kera.

Instagram: https://www.instagram.com/eramaidenkulkijat/

https://repoextreme.com/​
-10% Repo Extremen tuotteista koodilla: eramaidenkulkijat1
––––––––––––––––––––––––––––––
In Dreams by Scott Buckley https://soundcloud.com/scottbuckley
Creative Commons — Attribution 3.0 Unported — CC BY 3.0
Free Download / Stream: https://bit.ly/-in-dreams
Music promoted by Audio Library https://youtu.be/KcgVU2VxJE0
––––––––––––––––––––––––––––––
Track: Adventures — CRASTEL [Audio Library Release]
Music provided by Audio Library Plus
Watch: https://youtu.be/qYluqO47lEI
Free Download / Stream: https://alplus.io/adventures
––––––––––––––––––––––––––––––",UCv2Tl3tsS-nnBa-tS2b8cXg,Erämaiden Kulkijat,7040.0,100.0,13.0,"Hobby,Lifestyle_(sociology),Pet",,,2021-07-14 13:05:20+00:00,PT54M39S,https://www.youtube.com/watch?v=7ODUDyyB_HM,Hossa
Gh3wMOZNZRI,Ahvenen ja siian pilkintää Hossan kansallispuistossa 2022 | 4K | Erämaiden Kulkijat,"Eleteään huuhtikuun puoltaväliä ja Hossan kansallispuiston kirkkaat vedet kutsuvat jälleen Erämaiden Kulkijoita rakkaan pilkkiharrastuksen pariin. Onko kala syönnillään ja mitä kalaa jäälle nouseekaan?

Instagram: https://www.instagram.com/eramaidenkulkijat/

––––––––––––––––––––––––––––––
Journey Home by Day 7  

 / day7official  
Creative Commons — Attribution-NoDerivs 3.0 Unported  — CC BY-ND 3.0 
Free Download / Stream: http://bit.ly/2DQE2et
Music promoted by Audio Library   

 • Journey Home – Day 7 (No Copyright Mu...  
––––––––––––––––––––––––––––––
Movie by Alex-Productions https://soundcloud.com/alexproduction...
Creative Commons — Attribution 3.0 Unported — CC BY 3.0
Free Download / Stream: https://bit.ly/2ZMdeJe
Music promoted by Audio Library https://youtu.be/Z9GALbeNd88
––––––––––––––––––––––––––––––
Jungle by Lucjo https://soundcloud.com/lucjomusic 
Creative Commons — Attribution-NoDerivs 3.0 Unported — CC BY-ND 3.0
Free Download / Stream: https://bit.ly/3LTVPB1
Music promoted by Audio Library https://youtu.be/Xl1pRuTeSpc
––––––––––––––––––––––––––––––
Flying High by FREDJI https://soundcloud.com/fredjimusic 
https://www.facebook.com/fredjimusic
Music promoted by Audio Library https://youtu.be/RYgKd-6_Fc4
––––––––––––––––––––––––––––––",UCv2Tl3tsS-nnBa-tS2b8cXg,Erämaiden Kulkijat,4818.0,81.0,7.0,"Hobby,Lifestyle_(sociology),Pet",,,2022-04-23 15:00:07+00:00,PT16M15S,https://www.youtube.com/watch?v=Gh3wMOZNZRI,Hossa
fvfMBM7GUFU,Vetouistelua Iso-Valkeisella Hossan kansallispuistossa 2021 | 4K | Erämaiden Kulkijat,"Episode 58: Tällä kertaa suuntasimme Hossaan kansallispuiston vesille isojen ahventen ja lohikalojen toivossa. Rannalta kalastuksen sijaan kalastimme päivän Hossan luontokeskuksesta vuokratusta veneestä käsin. Päivän kalastusmuotona oli pääosin vetouistelu. Sää osoittautui kalamiesten kannalta erittäin hyväksi muutamaa ukkoskuuroa lukuunottamatta. 

Lisätietoa Hossan kalapaikoista:
https://www.eraluvat.fi/kalastus/kalastusmaksut-ja-luvat/vapalupa/alueet/hossa.html

Instagram: https://www.instagram.com/eramaidenkulkijat/

Veneessä käytetty vapateline:
https://www.verkkokauppatukku.fi/product/44/vapateline-soutuvene-rst--3kpl-kaantyva-vapaputki

https://repoextreme.com/​
-10% Repo Extremen tuotteista koodilla: eramaidenkulkijat1
––––––––––––––––––––––––––––––
The Reckoning by AERØHEAD https://soundcloud.com/aerohead
Creative Commons — Attribution 3.0 Unported  — CC BY 3.0 
Free Download / Stream: https://bit.ly/the-reckoning-aerohead
Music promoted by Audio Library https://youtu.be/NQk5C6Z_WOA
––––––––––––––––––––––––––––––
Sameland by Scandinavianz https://soundcloud.com/scandinavianz
Creative Commons — Attribution 3.0 Unported — CC BY 3.0
Free Download / Stream: https://bit.ly/3jh96qU
Music promoted by Audio Library https://youtu.be/Np4dHZzAeWg
––––––––––––––––––––––––––––––",UCv2Tl3tsS-nnBa-tS2b8cXg,Erämaiden Kulkijat,4302.0,66.0,12.0,"Hobby,Lifestyle_(sociology),Pet",,,2021-08-20 10:30:46+00:00,PT13M18S,https://www.youtube.com/watch?v=fvfMBM7GUFU,Hossa
WiMTEn-PJqg,Ahvenen kalastusta Hossan metsälammella 2019 | Erämaiden kulkijat,"Episode 17: Edellisen jakson tapaan kalastetaan ahventa kumiveneestä ja rannalta kirkasvetisestä lammesta. Tämän kertaisessa jaksossa kalastuspaikkana on ennestään tuttu Suomussalmen pohjoisosassa sijaitseva Hossan metsälampi.

Instagram: https://www.instagram.com/eramaidenkulkijat

Videolla käytetyt musiikit:

Tomorrow | Acoustic | Indie | Pop | Singer-Songwriter | Folk | 2018 | Cinematic Sounds

https://www.youtube.com/watch?v=A477C1dl6Pg",UCv2Tl3tsS-nnBa-tS2b8cXg,Erämaiden Kulkijat,19926.0,187.0,28.0,"Hobby,Lifestyle_(sociology),Pet",,,2019-08-02 14:27:47+00:00,PT15M14S,https://www.youtube.com/watch?v=WiMTEn-PJqg,Hossa
N0Lkkj4q5Vw,"Tour de Friba: Parasta Kesässä 2018, day 2","Tour de Friba jatkuu, vaikka sääennuste näyttää uhkaavalta... Toinen päivä vietetään Tammisaaren ja Raaseporin alueella. Tunnelmat vaihtelevat hetkittäin laidasta laitaan, mutta loppujen lopuksi kiekkopäivä on kuitenkin aina parempi kuin päivä ilman kiekkoa.

Featured players, camera operators:
Antti Pikkarainen
Teppo Nieppola
Mika Ylisaukko-oja

Edit:
Mika Ylisaukko-oja

Music:
Magic In The Other - Life is Good
Matt Harris - Axel Broke

©2019 SkyBlue Disc Golf",UCvcrx10XaRu3_rP2nHHXtCQ,SkyBlue Disc Golf,11407.0,83.0,5.0,"Golf,Hobby,Lifestyle_(sociology)",,,2019-03-31 15:42:02+00:00,PT30M49S,https://www.youtube.com/watch?v=N0Lkkj4q5Vw,Ekenäs Archipelago
rL3d3rgkook,"Nuuksio, pilkkijän paratiisi | Komean kokoista ahventa","Parin kaverin kanssa lähdettiin ahventa pilkkimään Nuuksion kansallispuistoon. Olin kuullut kiinnostavia huhuja Nuuksion isoista ahvenista, joten lähdettiin selvittämään pitivätkö huhut paikkansa. Espoon Nuuksiossa kalastaminen oli jo itsessään upea elämys. On se vaan uskomattoman hieno paikka ja vielä niin lähellä pääkaupunkiamme. Lampia sekä järviä riittää ja jos haluaa vähän enemmmän omaa rauhaa sitäkin löytyy. 
Muista tilata kanavani ja jättää videolle tykkäys jos pidit videosta:) 

Instagram: Kalastajanmaailma",UCwIdVTOpsYi_r1zcq-ykP5w,Kalastajan maailma,5039.0,104.0,33.0,"Hobby,Lifestyle_(sociology)",,,2021-03-17 15:07:14+00:00,PT17M10S,https://www.youtube.com/watch?v=rL3d3rgkook,Nuuksio
lWcmoWZYiTM,Рыбалка c плавучего дома. Озеро Päijänne. Финляндия,"Друзья пригласили отдохнуть на плавучем доме на озере Päijänne в Финляндии. Я даже не знал, что такое бывает и хочу познакомить Вас с этой прикольной штукой. Ну и конечно, я как заядлый рыбак, не могу находится на плавсредстве и не ловить рыбу. Пришлось подумать и попытаться что то поймать с этой необъятной ""посудины"". Приятного просмотра!  

Информация о плавучем доме и его аренде: https://aquavilla.fi

Мой магазин товаров для рыбалки в Финляндии и заказ рыбалки:
https://finfishing.eu

Поддержка канала: paypal.me/finfishing (baklanov.andrey@gmail.com) (Спасибо)

Наша группа в фейсбук. 
https://www.facebook.com/groups/finfishing
Наша группа в vkontakte. 
https://vk.com/finfishing
Наш инстаграм:
https://www.instagram.com/finfishing_andrey/


#РыбалкаВФинляндии #Окунь #Поппер #BrownPerch",UCwT76tOwIJ5WzUPZYokgbvA,Рыбалка в Финляндии от А до Я / FinFishing,1321.0,49.0,10.0,"Hobby,Lifestyle_(sociology),Pet",,,2022-11-27 14:38:06+00:00,PT8M32S,https://www.youtube.com/watch?v=lWcmoWZYiTM,Päijänne
Fr-sxqxypew,PIKE FISHING: Slow vs Fast Retrieve CHALLENGE (What will catch more/bigger fish?!),"The pike fishing in Tammisaari holds world class, check out https://www.kaupunginhotelli.fi/en-gb if you are interested in a trip for life! 
First episode from the Finland tour 2018! Mille visits Anton Fisherman in Tammisaari, where they test the difference in reeling fast or slow in really cold water.  

Instagram: 
@anton_fisherman
@millepettersson",UCwTrHPEglCkDz54iSg9ss9Q,kanalgratisdotse,42700.0,687.0,65.0,"Hobby,Lifestyle_(sociology),Pet",,,2019-03-17 09:31:18+00:00,PT13M3S,https://www.youtube.com/watch?v=Fr-sxqxypew,Ekenäs Archipelago
O08yh6IMsLA,#341 Winter Roadtrip Finnland -9°C - Luosto Berg Tour | Bergfahrt bei Saariselkä | Co-Working Space,"6. Februar 2022, Luosto Nationalpark. Heute bekommt ihr seit langem mal wieder ein anderes Gesicht zu sehen...es ist Sonntag!!! Und zwei haben es herausgefunden....
Ich ringe mit mir...was tun heute? Treffe aber am Ende die richtige Entscheidung...bis ich sehe, wie es bergehoch geht...puh...
Zurück, ist Katja weg...aber wir treffen sie wohl wieder, wenn wir den Schlafplatz finden. Abends dann gemütliches zusammen...arbeiten...abends -9°C.

*Welt | Europa | Luosto | Saariselkä | Finnland | Februar 2022* 

Unterwegs sind wir mit einem Globecar Campscout B (ähnlich Pössl Roadcruiser B). Und ab Januar 2022, nach der CMT in Stuttgart, gehen wir auf große Tour. Erstes Ziel: Skandinavien! Norwegen, Schweden, Finnland im Winter. Ich habe mir eine 12 monatige Auszeit genommen und will reisen. Finanziert wird alles über Ersparnisse, Einnahmen via YouTube (Danke fürs Werbung schauen), Amazon Partnerlinks und Support von euch via PayPal. 

PAYPAL UNTERSTÜTZUNGSLINK:
Für die Diesel- und die Honigmilchkasse für Co-Pilot und Friedrich, der PayPal Unterstützungslink:
https://paypal.me/travelcampingliving...
Herzlichen Dank!

BLOG:
https://www.travelcampingliving.com/341/

TravelCampingLiving Tassen:
https://www.travelcampingliving.com/shop/tcl-merchandise/#!/

PAYPAL UNTERSTÜTZUNGSLINK:
Für die Diesel- und die Honigmilchkasse für Co-Pilot und Friedrich, der PayPal Unterstützungslink:
https://paypal.me/travelcampingliving...
Herzlichen Dank!

****
Informationen zur Entscheidungsfindung und Kastenwagen gibt es hier:
https://travelcampingliving.com/
***
AMAZON PARTNER PROGRAMM:
Ihr möchtet etwas bei Amazon kaufen? Kauft doch über folgenden Link, kostet euch KEINEN CENT, AMAZON PARTNERNET zahlt mir aber für die Werbung eine schmale Provision auf den getätigten Umsatz. So kann ich Zottl mal eine Wäsche gönnen, ein paar Liter Diesel, einen Schluck Öl oder AdBlue.

*Amazon Link über den ihr einkaufen könnt was ihr wollt:*
https://www.amazon.de/?ie=UTF8&link_code=hom&tag=travelcamping-21#34;&
***

Equipment Auswahl: 
https://www.amazon.de/shop/travelcampingliving
GoPro Hero 10: https://amzn.to/30sKk1D
Stativ: https://www.amazon.de/shop/travelcampingliving
EcoFlow DELTA MAX: https://amzn.to/3dSMBpV
Canon EOS R6: https://amzn.to/3bvCZBi
Objektiv 2,8, 15-35 mm:
Objektiv R600:
DJI Osmo Action: https://amzn.to/3nC5rns
GoPro Hero7: https://amzn.to/2Xzrkcs
Canon EOS 77D: https://amzn.to/38x8Vnc
DJI Mavic Pro fly more combo: https://amzn.to/2GWywJ8
15,4"" Monitor ohne eigene Stromversorgung: https://amzn.to/35SRDwU
Meine Schneeketten: pewag Schneeketten 37151 servo suv RSV 80
https://amzn.to/35yu3pj
Funkgeräte Floureon: https://amzn.to/2PL0RV7
Rode Ansteck Mikrofon: https://amzn.to/322PP26
Netgear Nighthawk M1: https://amzn.to/2DvIdvj
Huawei Router: https://amzn.to/2Hi0SLO
Canon EOS 77D: https://amzn.to/2Epa4uB
TS9 4G Antenne: https://amzn.to/2GXQDyq
Schneeketten: https://amzn.to/2GU4Ts7
Grill: https://amzn.to/2q78c4C
Mobiler 300W Inverter: https://amzn.to/2Jn5QHA
Dashcam: https://amzn.to/2JpJTHS
Solar LED Lampen mit Bewegungsmelder:  https://amzn.to/2JoQ0fN
Funk-Thermometer: https://amzn.to/2EpbCEQ
Wasserkessel: https://amzn.to/2GCWA4r
Rode Mikrofon: https://amzn.to/2H1BdJx
DJI Osmo Mobile: https://amzn.to/2EoQQp6
GoPro Hero5: https://amzn.to/2H2hlWw
Stativ: https://amzn.to/2uXWUpd
DJI Mavic Pro fly more combo: https://amzn.to/2GWywJ8
Geschirr Abtropf Teil: https://amzn.to/2q8Z7ZJ
Wasserkonservierung: https://amzn.to/2JorX0r
Kenwood DDX4016DAB: https://amzn.to/2uQyq0Q
Truma CP Plus: https://amzn.to/2JqIQaH
Teppich Cockpit : https://amzn.to/2GD0Gts
Topfset : https://amzn.to/2GBNu85
Campingtisch: https://amzn.to/2HfptRt
Bialetti Kaffeemaschine: https://amzn.to/2JlwtwC
Toshiba Festplatte 3TB: https://amzn.to/2JqJSU7
Tesla USB Stabfeuerzeug: https://amzn.to/2q8bky0
Magnete quadratisch: https://amzn.to/2qbOtRr
Magnete rund https://amzn.to/2DBAzm7

Weitere Produkte siehe Webseite: https://travelcampingliving.com/shop/
***
Facebook:
https://www.facebook.com/travelcampingliving

Instagram:
travelcampingliving
***
Film Equipment:
Canon EOS R6
Blackvue DR650S-1CH
GoPro Hero5 (nur noch Backup)
GoPro Hero7 (wird durch DJI Osmo Action ersetzt werden)
2 DJI Osmo Action
DJI Mavic Pro
Canon EOS 77D
***
Musik:
 Let Go - Ikson 
Track: Ikson - Let Go [Official]
Music provided by Ikson® 
Listen: https://youtu.be/jcpmjotvRi4

Sad Puppy - all I really need
FREE DOWNLOAD : https://theartistunion.com/tracks/ac20b9
YouTube: https://www.youtube.com/watch?v=ZDBPXiaVduw
***
TravelCampingLiving
Travel Camping Living
#saariselkä #luosto #schneeschuhtour #vanlife #travelcampingliving #freistehen #kastenwagen #roadtrip #schweiz #globecar #campscoutb",UCwc-FBWTCYD-hMg0thnFHaA,TravelCampingLiving,32151.0,2691.0,119.0,"Lifestyle_(sociology),Tourism",67.1333333,26.9,2022-03-04 17:30:02+00:00,PT21M3S,https://www.youtube.com/watch?v=O08yh6IMsLA,Pyhä-Luosto
oqyzeA17IX4,"#331 Winter in Finnland - Koli Nationalpark, Skigebiet | Kochen mit Induktion | Ein fauler Tag","27.01.2022, Donnerstag, Finnland. Wir stehen auf dem Parkplatz des Skigebiets des Koli Nationalparks. Dürfen wir hier stehen? Noch eine Nacht bleiben? Müssen wir zahlen? 
Gekocht wird heute ohne Gas, wir nehmen mal lieber Strom aus der ECO Flow Delta Max die wir von www.wattstunde.de bekommen haben. Suppe...funktioniert das?
Und sonst so...naja...

*Welt | Europa | Finnland | Koli Nationalpark | Skigebiet| Januar 2022* 

Unterwegs sind wir mit einem Globecar Campscout B (ähnlich Pössl Roadcruiser B). Und ab Januar 2022, nach der CMT in Stuttgart, gehen wir auf große Tour. Erstes Ziel: Skandinavien! Norwegen, Schweden, Finnland im Winter. Ich habe mir eine 12 monatige Auszeit genommen und will reisen. Finanziert wird alles über Ersparnisse, Einnahmen via YouTube (Danke fürs Werbung schauen), Amazon Partnerlinks und Support von euch via PayPal. 

PAYPAL UNTERSTÜTZUNGSLINK:
Für die Diesel- und die Honigmilchkasse für Co-Pilot und Friedrich, der PayPal Unterstützungslink:
https://paypal.me/travelcampingliving...
Herzlichen Dank!

BLOG:
https://www.travelcampingliving.com/blog-1/

TravelCampingLiving Tassen:
https://www.travelcampingliving.com/shop/tcl-merchandise/#!/

PAYPAL UNTERSTÜTZUNGSLINK:
Für die Diesel- und die Honigmilchkasse für Co-Pilot und Friedrich, der PayPal Unterstützungslink:
https://paypal.me/travelcampingliving...
Herzlichen Dank!

****
Informationen zur Entscheidungsfindung und Kastenwagen gibt es hier:
https://travelcampingliving.com/
***
AMAZON PARTNER PROGRAMM:
Ihr möchtet etwas bei Amazon kaufen? Kauft doch über folgenden Link, kostet euch KEINEN CENT, AMAZON PARTNERNET zahlt mir aber für die Werbung eine schmale Provision auf den getätigten Umsatz. So kann ich Zottl mal eine Wäsche gönnen, ein paar Liter Diesel, einen Schluck Öl oder AdBlue.

*Amazon Link über den ihr einkaufen könnt was ihr wollt:*
https://www.amazon.de/?ie=UTF8&link_code=hom&tag=travelcamping-21#34;&
***

Equipment Auswahl: 
https://www.amazon.de/shop/travelcampingliving
GoPro Hero 10: https://amzn.to/30sKk1D
Stativ: https://www.amazon.de/shop/travelcampingliving
EcoFlow DELTA MAX: https://amzn.to/3dSMBpV
Canon EOS R6: https://amzn.to/3bvCZBi
Objektiv 2,8, 15-35 mm:
Objektiv R600:
DJI Osmo Action: https://amzn.to/3nC5rns
GoPro Hero7: https://amzn.to/2Xzrkcs
Canon EOS 77D: https://amzn.to/38x8Vnc
DJI Mavic Pro fly more combo: https://amzn.to/2GWywJ8
15,4"" Monitor ohne eigene Stromversorgung: https://amzn.to/35SRDwU
Meine Schneeketten: pewag Schneeketten 37151 servo suv RSV 80
https://amzn.to/35yu3pj
Funkgeräte Floureon: https://amzn.to/2PL0RV7
Rode Ansteck Mikrofon: https://amzn.to/322PP26
Netgear Nighthawk M1: https://amzn.to/2DvIdvj
Huawei Router: https://amzn.to/2Hi0SLO
Canon EOS 77D: https://amzn.to/2Epa4uB
TS9 4G Antenne: https://amzn.to/2GXQDyq
Schneeketten: https://amzn.to/2GU4Ts7
Grill: https://amzn.to/2q78c4C
Mobiler 300W Inverter: https://amzn.to/2Jn5QHA
Dashcam: https://amzn.to/2JpJTHS
Solar LED Lampen mit Bewegungsmelder:  https://amzn.to/2JoQ0fN
Funk-Thermometer: https://amzn.to/2EpbCEQ
Wasserkessel: https://amzn.to/2GCWA4r
Rode Mikrofon: https://amzn.to/2H1BdJx
DJI Osmo Mobile: https://amzn.to/2EoQQp6
GoPro Hero5: https://amzn.to/2H2hlWw
Stativ: https://amzn.to/2uXWUpd
DJI Mavic Pro fly more combo: https://amzn.to/2GWywJ8
Geschirr Abtropf Teil: https://amzn.to/2q8Z7ZJ
Wasserkonservierung: https://amzn.to/2JorX0r
Kenwood DDX4016DAB: https://amzn.to/2uQyq0Q
Truma CP Plus: https://amzn.to/2JqIQaH
Teppich Cockpit : https://amzn.to/2GD0Gts
Topfset : https://amzn.to/2GBNu85
Campingtisch: https://amzn.to/2HfptRt
Bialetti Kaffeemaschine: https://amzn.to/2JlwtwC
Toshiba Festplatte 3TB: https://amzn.to/2JqJSU7
Tesla USB Stabfeuerzeug: https://amzn.to/2q8bky0
Magnete quadratisch: https://amzn.to/2qbOtRr
Magnete rund https://amzn.to/2DBAzm7

Weitere Produkte siehe Webseite: https://travelcampingliving.com/shop/
***
Facebook:
https://www.facebook.com/travelcampingliving

Instagram:
travelcampingliving
***
Film Equipment:
Canon EOS R6
Blackvue DR650S-1CH
GoPro Hero5 (nur noch Backup)
GoPro Hero7 (wird durch DJI Osmo Action ersetzt werden)
2 DJI Osmo Action
DJI Mavic Pro
Canon EOS 77D
***
Musik:

***
TravelCampingLiving
Travel Camping Living
#vanlife #travelcampingliving #freistehen #kastenwagen #roadtrip #schweiz #globecar #campscoutb",UCwc-FBWTCYD-hMg0thnFHaA,TravelCampingLiving,29053.0,2114.0,142.0,"Lifestyle_(sociology),Tourism",63.1,29.8,2022-02-17 17:30:05+00:00,PT12M7S,https://www.youtube.com/watch?v=oqyzeA17IX4,Koli
2fDbWq1ONX8,#340 Winter Roadtrip Finnland -10°C - Planlos in Salla | Treffen | Bootstour | Salla-Luosto NP,"5. Februar 2022, kein Plan in Salla, was tun heute? Aus Verzweiflung geh  ich sogar vor die Tür. Dann der Entscheid, spontanes Treffen mit Katja. Fahrt über eisige und verschneite Pisten un dann ein ruhiger Abend im Van...ja denkste...es geht voll ab wenn zwei gleichverrückte aufeinander treffen. Plötzlich finden wir uns auf der Skipiste  wieder und dann brennt auch noch was.
Hinzufügen möchte ich: wir sind völlig nüchtern! Man mag es evtl. nicht glauben. 

*Welt | Europa | Schweiz | Salla  | Luosto | Februar  2021* 

Unterwegs sind wir mit einem Globecar Campscout B (ähnlich Pössl Roadcruiser B). Und ab Januar 2022, nach der CMT in Stuttgart, gehen wir auf große Tour. Erstes Ziel: Skandinavien! Norwegen, Schweden, Finnland im Winter. Ich habe mir eine 12-monatige Auszeit genommen und will reisen. Finanziert wird alles über Ersparnisse, Einnahmen via YouTube (Danke fürs Werbung schauen), Amazon Partnerlinks und Support von euch via PayPal. 

PAYPAL UNTERSTÜTZUNGSLINK:
Für die Diesel- und die Honigmilchkasse für Co-Pilot und Friedrich, der PayPal Unterstützungslink:
https://paypal.me/travelcampingliving...
Herzlichen Dank!

BLOG:
https://www.travelcampingliving.com/340/

TravelCampingLiving Tassen:
https://www.travelcampingliving.com/shop/tcl-merchandise/#!/

PAYPAL UNTERSTÜTZUNGSLINK:
Für die Diesel- und die Honigmilchkasse für Co-Pilot und Friedrich, der PayPal Unterstützungslink:
https://paypal.me/travelcampingliving...
Herzlichen Dank!

****
Informationen zur Entscheidungsfindung und Kastenwagen gibt es hier:
https://travelcampingliving.com/
***
AMAZON PARTNER PROGRAMM:
Ihr möchtet etwas bei Amazon kaufen? Kauft doch über folgenden Link, kostet euch KEINEN CENT, AMAZON PARTNERNET zahlt mir aber für die Werbung eine schmale Provision auf den getätigten Umsatz. So kann ich Zottl mal eine Wäsche gönnen, ein paar Liter Diesel, einen Schluck Öl oder AdBlue.

*Amazon Link über den ihr einkaufen könnt was ihr wollt:*
https://www.amazon.de/?ie=UTF8&link_code=hom&tag=travelcamping-21#34;&
***

Equipment Auswahl: 
https://www.amazon.de/shop/travelcampingliving
GoPro Hero 10: https://amzn.to/30sKk1D
Stativ: https://www.amazon.de/shop/travelcampingliving
EcoFlow DELTA MAX: https://amzn.to/3dSMBpV
Canon EOS R6: https://amzn.to/3bvCZBi
Objektiv 2,8, 15-35 mm:
Objektiv R600:
DJI Osmo Action: https://amzn.to/3nC5rns
GoPro Hero7: https://amzn.to/2Xzrkcs
Canon EOS 77D: https://amzn.to/38x8Vnc
DJI Mavic Pro fly more combo: https://amzn.to/2GWywJ8
15,4"" Monitor ohne eigene Stromversorgung: https://amzn.to/35SRDwU
Meine Schneeketten: pewag Schneeketten 37151 servo suv RSV 80
https://amzn.to/35yu3pj
Funkgeräte Floureon: https://amzn.to/2PL0RV7
Rode Ansteck Mikrofon: https://amzn.to/322PP26
Netgear Nighthawk M1: https://amzn.to/2DvIdvj
Huawei Router: https://amzn.to/2Hi0SLO
Canon EOS 77D: https://amzn.to/2Epa4uB
TS9 4G Antenne: https://amzn.to/2GXQDyq
Schneeketten: https://amzn.to/2GU4Ts7
Grill: https://amzn.to/2q78c4C
Mobiler 300W Inverter: https://amzn.to/2Jn5QHA
Dashcam: https://amzn.to/2JpJTHS
Solar LED Lampen mit Bewegungsmelder:  https://amzn.to/2JoQ0fN
Funk-Thermometer: https://amzn.to/2EpbCEQ
Wasserkessel: https://amzn.to/2GCWA4r
Rode Mikrofon: https://amzn.to/2H1BdJx
DJI Osmo Mobile: https://amzn.to/2EoQQp6
GoPro Hero5: https://amzn.to/2H2hlWw
Stativ: https://amzn.to/2uXWUpd
DJI Mavic Pro fly more combo: https://amzn.to/2GWywJ8
Geschirr Abtropf Teil: https://amzn.to/2q8Z7ZJ
Wasserkonservierung: https://amzn.to/2JorX0r
Kenwood DDX4016DAB: https://amzn.to/2uQyq0Q
Truma CP Plus: https://amzn.to/2JqIQaH
Teppich Cockpit : https://amzn.to/2GD0Gts
Topfset : https://amzn.to/2GBNu85
Campingtisch: https://amzn.to/2HfptRt
Bialetti Kaffeemaschine: https://amzn.to/2JlwtwC
Toshiba Festplatte 3TB: https://amzn.to/2JqJSU7
Tesla USB Stabfeuerzeug: https://amzn.to/2q8bky0
Magnete quadratisch: https://amzn.to/2qbOtRr
Magnete rund https://amzn.to/2DBAzm7

Weitere Produkte siehe Webseite: https://travelcampingliving.com/shop/
***
Facebook:
https://www.facebook.com/travelcampingliving

Instagram:
travelcampingliving
***
Film Equipment:
Canon EOS R6
Blackvue DR650S-1CH
GoPro Hero5 (nur noch Backup)
GoPro Hero7 (wird durch DJI Osmo Action ersetzt werden)
2 DJI Osmo Action
DJI Mavic Pro
Canon EOS 77D
***
Musik:
Sad Puppy ft. Peter Shev Sax - Alone With You (No Copyright Music)
FREE DOWNLOAD : https://theartistunion.com/tracks/cf76ef
YouTube: https://www.youtube.com/watch?v=6y2_i7h2fPA

Sad Puppy - All I Really Need
FREE DOWNLOAD : https://theartistunion.com/tracks/ac20b9
https://www.soundcloud.com/SadPuppyMusic
https://www.twitter.com/SadPuppyMusic
https://www.facebook.com/SadPuppyMusic
https://www.youtube.com/SadPuppyMusic
YouTube: https://www.youtube.com/watch?v=ZDBPXiaVduw

***
TravelCampingLiving
Travel Camping Living
#salla #luosto #currentraft #vanlife #travelcampingliving #freistehen #kastenwagen #roadtrip #schweiz #globecar #campscoutb",UCwc-FBWTCYD-hMg0thnFHaA,TravelCampingLiving,38136.0,2640.0,159.0,"Lifestyle_(sociology),Tourism",,,2022-03-03 17:30:00+00:00,PT36M16S,https://www.youtube.com/watch?v=2fDbWq1ONX8,Salla
VimEOzTYRL8,#338 Winter in Finnland -16°C - Grauwasserproblem | Traumtag | Wir sind geschrankt vor Russland,"3. Feb. 2022, Finnland, von Ruka fahren wir zum Oulanka Nationalpark. Zweistellig Minus, aber super Wetter. Doch plötzlich ist da ne Schranke...das Team am Ende? Oh...ein Turm...
Zu Pech kommt dann aber Glück...ein Spot für die Nacht..und der nächster Downer folgt sofort...Grauwasserleitung eingefroren. Jetzt hilft nur noch Heissluft...aber woher nehmen?

Anmerkung Grauwasser 
Grauwasser in Skandinavien? Wohin damit? Tank offen oder zu? Leute, ehrlich, die Frage stellt sich erst gar nicht bei Zottl! Wenn der Hahn zu ist, hab ich da nach ein paar Tagen 80 Liter EIS drin! Das vielleicht im Juli wieder taut. Der Tank ist offen! Es geht nicht anders. Ich verbrauche kaum Wasser, bin allein, hab umweltverträgliches Duschgel. Und nochmal: es geht hier oben nicht anders. Bei Temperaturen von minus 20 bis minus 30 Grad hilft nix mehr! Da friert alles in Sekunden ein.

*Welt | Europa | Finnland  | Ruka | Oulanka Nationalpark | Februar 2022* 

Unterwegs sind wir mit einem Globecar Campscout B (ähnlich Pössl Roadcruiser B). Und ab Januar 2022, nach der CMT in Stuttgart, gehen wir auf große Tour. Erstes Ziel: Skandinavien! Norwegen, Schweden, Finnland im Winter. Ich habe mir eine 12 monatige Auszeit genommen und will reisen. Finanziert wird alles über Ersparnisse, Einnahmen via YouTube (Danke fürs Werbung schauen), Amazon Partnerlinks und Support von euch via PayPal. 

PAYPAL UNTERSTÜTZUNGSLINK:
Für die Diesel- und die Honigmilchkasse für Co-Pilot und Friedrich, der PayPal Unterstützungslink:
https://paypal.me/travelcampingliving...
Herzlichen Dank!

BLOG:
https://www.travelcampingliving.com/338/

TravelCampingLiving Tassen:
https://www.travelcampingliving.com/shop/tcl-merchandise/#!/

PAYPAL UNTERSTÜTZUNGSLINK:
Für die Diesel- und die Honigmilchkasse für Co-Pilot und Friedrich, der PayPal Unterstützungslink:
https://paypal.me/travelcampingliving...
Herzlichen Dank!

****
Informationen zur Entscheidungsfindung und Kastenwagen gibt es hier:
https://travelcampingliving.com/
***
AMAZON PARTNER PROGRAMM:
Ihr möchtet etwas bei Amazon kaufen? Kauft doch über folgenden Link, kostet euch KEINEN CENT, AMAZON PARTNERNET zahlt mir aber für die Werbung eine schmale Provision auf den getätigten Umsatz. So kann ich Zottl mal eine Wäsche gönnen, ein paar Liter Diesel, einen Schluck Öl oder AdBlue.

*Amazon Link über den ihr einkaufen könnt was ihr wollt:*
https://www.amazon.de/?ie=UTF8&link_code=hom&tag=travelcamping-21#34;&
***

Equipment Auswahl: 
https://www.amazon.de/shop/travelcampingliving
GoPro Hero 10: https://amzn.to/30sKk1D
Stativ: https://www.amazon.de/shop/travelcampingliving
EcoFlow DELTA MAX: https://amzn.to/3dSMBpV
Canon EOS R6: https://amzn.to/3bvCZBi
Objektiv 2,8, 15-35 mm:
Objektiv R600:
DJI Osmo Action: https://amzn.to/3nC5rns
GoPro Hero7: https://amzn.to/2Xzrkcs
Canon EOS 77D: https://amzn.to/38x8Vnc
DJI Mavic Pro fly more combo: https://amzn.to/2GWywJ8
15,4"" Monitor ohne eigene Stromversorgung: https://amzn.to/35SRDwU
Meine Schneeketten: pewag Schneeketten 37151 servo suv RSV 80
https://amzn.to/35yu3pj
Funkgeräte Floureon: https://amzn.to/2PL0RV7
Rode Ansteck Mikrofon: https://amzn.to/322PP26
Netgear Nighthawk M1: https://amzn.to/2DvIdvj
Huawei Router: https://amzn.to/2Hi0SLO
GoPro Hero5: https://amzn.to/2H2hlWw
Stativ: https://amzn.to/2uXWUpd
DJI Mavic Pro fly more combo: https://amzn.to/2GWywJ8
Geschirr Abtropf Teil: https://amzn.to/2q8Z7ZJ
Wasserkonservierung: https://amzn.to/2JorX0r

Weitere Produkte siehe Webseite: https://travelcampingliving.com/shop/
***
Facebook:
https://www.facebook.com/travelcampingliving

Instagram:
travelcampingliving
***
Film Equipment:
Canon EOS R6
Blackvue DR650S-1CH
GoPro Hero5 (nur noch Backup)
GoPro Hero7 (wird durch DJI Osmo Action ersetzt werden)
2 DJI Osmo Action
DJI Mavic Pro
Canon EOS 77D
***
Musik:
Sad Puppy - Back to you
YouTube: https://www.youtube.com/watch?v=xrM4tYASFfg
Steam/buy : https://fanlink.to/SadPuppy_BackToYou

Netzklo Back to summer
Song: Nekzlo - Back To Summer (Vlog No Copyright Music)
Music promoted by Vlog No Copyright Music.
Video Link: https://youtu.be/2cQg0j-mk4Y

Drohnenflug Musik:
Epicness Cinematic Dramatic Trailer (Creative Commons)
no_copyright_epicness_cinematic_dramatic_trailer_-4724586151673467564 Roman Senyk
Music Info: Epicness Cinematic Dramatic Trailer by RomanSenykMusic.
Music Link: https://youtu.be/RB5UtRZBihc
► LISTEN ON:
● Spotify - https://spoti.fi/2sHm3UH
● Apple Music - https://apple.co/3qBjbUO

Crimson Fly Huma Huma
https://www.youtube.com/watch?v=5gj2NQ1WSCE&t=11s
***
TravelCampingLiving
Travel Camping Living
#ruka #grauwasserproblem #vanlife #travelcampingliving #freistehen #kastenwagen #roadtrip #schweiz #globecar #campscoutb",UCwc-FBWTCYD-hMg0thnFHaA,TravelCampingLiving,49752.0,3777.0,299.0,"Lifestyle_(sociology),Tourism",,,2022-03-01 17:30:05+00:00,PT20M49S,https://www.youtube.com/watch?v=VimEOzTYRL8,Oulanka
T7aldXX2eOg,"#335  Winter in Finnland -19,4°C - Hossa Nationalpark | Kälte im Kastenwagen  Kuusamo, Schlafplatz?","31.01.2022, Montag, wir verlassen den Hossa Nationalpark, bei knapp minus 20°C. Vorher gibts aber noch einen Temperatur Check in Zottl.
Wir schauen uns auch noch ein paar Bäume an. Auch ein Blick von oben ist uns vergönnt. 
Weiter nach Kuusamo, reicht der Diesel?  Tanken, Einkaufen bei Lidl Finnland und ab zum Schlafplatz...tja...es ist Winter!

*Welt | Europa | Finnland | Hossa Nationalpark | Kuusamo | Januar 2022* 

Unterwegs sind wir mit einem Globecar Campscout B (ähnlich Pössl Roadcruiser B). Und ab Januar 2022, nach der CMT in Stuttgart, gehen wir auf große Tour. Erstes Ziel: Skandinavien! Norwegen, Schweden, Finnland im Winter. Ich habe mir eine 12 monatige Auszeit genommen und will reisen. Finanziert wird alles über Ersparnisse, Einnahmen via YouTube (Danke fürs Werbung schauen), Amazon Partnerlinks und Support von euch via PayPal. 

PAYPAL UNTERSTÜTZUNGSLINK:
Für die Diesel- und die Honigmilchkasse für Co-Pilot und Friedrich, der PayPal Unterstützungslink:
https://paypal.me/travelcampingliving...
Herzlichen Dank!

BLOG:
https://www.travelcampingliving.com/335/

TravelCampingLiving Tassen:
https://www.travelcampingliving.com/shop/tcl-merchandise/#!/

PAYPAL UNTERSTÜTZUNGSLINK:
Für die Diesel- und die Honigmilchkasse für Co-Pilot und Friedrich, der PayPal Unterstützungslink:
https://paypal.me/travelcampingliving...
Herzlichen Dank!

****
Informationen zur Entscheidungsfindung und Kastenwagen gibt es hier:
https://travelcampingliving.com/
***
AMAZON PARTNER PROGRAMM:
Ihr möchtet etwas bei Amazon kaufen? Kauft doch über folgenden Link, kostet euch KEINEN CENT, AMAZON PARTNERNET zahlt mir aber für die Werbung eine schmale Provision auf den getätigten Umsatz. So kann ich Zottl mal eine Wäsche gönnen, ein paar Liter Diesel, einen Schluck Öl oder AdBlue.

*Amazon Link über den ihr einkaufen könnt was ihr wollt:*
https://www.amazon.de/?ie=UTF8&link_code=hom&tag=travelcamping-21#34;&
***

Equipment Auswahl: 
https://www.amazon.de/shop/travelcampingliving
GoPro Hero 10: https://amzn.to/30sKk1D
Stativ: https://www.amazon.de/shop/travelcampingliving
EcoFlow DELTA MAX: https://amzn.to/3dSMBpV
Canon EOS R6: https://amzn.to/3bvCZBi
Objektiv 2,8, 15-35 mm:
Objektiv R600:
DJI Osmo Action: https://amzn.to/3nC5rns
GoPro Hero7: https://amzn.to/2Xzrkcs
Canon EOS 77D: https://amzn.to/38x8Vnc
DJI Mavic Pro fly more combo: https://amzn.to/2GWywJ8
15,4"" Monitor ohne eigene Stromversorgung: https://amzn.to/35SRDwU
Meine Schneeketten: pewag Schneeketten 37151 servo suv RSV 80
https://amzn.to/35yu3pj
Funkgeräte Floureon: https://amzn.to/2PL0RV7
Rode Ansteck Mikrofon: https://amzn.to/322PP26
Netgear Nighthawk M1: https://amzn.to/2DvIdvj
Huawei Router: https://amzn.to/2Hi0SLO
Canon EOS 77D: https://amzn.to/2Epa4uB
TS9 4G Antenne: https://amzn.to/2GXQDyq
Schneeketten: https://amzn.to/2GU4Ts7
Grill: https://amzn.to/2q78c4C
Mobiler 300W Inverter: https://amzn.to/2Jn5QHA
Dashcam: https://amzn.to/2JpJTHS
Solar LED Lampen mit Bewegungsmelder:  https://amzn.to/2JoQ0fN
Funk-Thermometer: https://amzn.to/2EpbCEQ
Wasserkessel: https://amzn.to/2GCWA4r
Rode Mikrofon: https://amzn.to/2H1BdJx
DJI Osmo Mobile: https://amzn.to/2EoQQp6
GoPro Hero5: https://amzn.to/2H2hlWw
Stativ: https://amzn.to/2uXWUpd
DJI Mavic Pro fly more combo: https://amzn.to/2GWywJ8
Geschirr Abtropf Teil: https://amzn.to/2q8Z7ZJ
Wasserkonservierung: https://amzn.to/2JorX0r
Kenwood DDX4016DAB: https://amzn.to/2uQyq0Q
Truma CP Plus: https://amzn.to/2JqIQaH
Teppich Cockpit : https://amzn.to/2GD0Gts
Topfset : https://amzn.to/2GBNu85
Campingtisch: https://amzn.to/2HfptRt
Bialetti Kaffeemaschine: https://amzn.to/2JlwtwC
Toshiba Festplatte 3TB: https://amzn.to/2JqJSU7
Tesla USB Stabfeuerzeug: https://amzn.to/2q8bky0
Magnete quadratisch: https://amzn.to/2qbOtRr
Magnete rund https://amzn.to/2DBAzm7

Weitere Produkte siehe Webseite: https://travelcampingliving.com/shop/
***
Facebook:
https://www.facebook.com/travelcampingliving

Instagram:
travelcampingliving
***
Film Equipment:
Canon EOS R6
Blackvue DR650S-1CH
GoPro Hero5 (nur noch Backup)
GoPro Hero7 (wird durch DJI Osmo Action ersetzt werden)
2 DJI Osmo Action
DJI Mavic Pro
Canon EOS 77D
***
Musik:
Sad Puppy - Brave.mp3
https://www.youtube.com/watch?v=i37ABEE1lr0
https://www.youtube.com/redirect?event=video_description&redir_token=QUFFLUhqbEdmcmJKX3Jxa196ZnNnNGw0QmdQNERaRGRaZ3xBQ3Jtc0tuc1hwTEoyOV9JN19HYVRmbjFWZmhPeV9mTzNwRTJDRThEeks1dkprY3IxSTNHYVNOWmxLMXVLNVhRZUdfWlVXN25pWEtPd1lIX0RKRGd2cEFSdW5zYkZOeEFnWVVBUVVxdlZNRVJZdVFwYTJIQmhEbw&q=https%3A%2F%2Ftheartistunion.com%2Ftracks%2Fb2e0c5

[No Copyright Music] Evan King - End This [Epic] 
Song: Evan King - End This
Youtube: https://youtube.com/evankingaudio
Free download at: https://www.evankingmusic.com
https://youtube.com/evankingaudio
https://soundcloud.com/evan-king
https://www.evankingmusic.com

***
TravelCampingLiving
Travel Camping Living
#affenkalt #hossanationalpark #kuusamo #vanlife #travelcampingliving #freistehen #kastenwagen #roadtrip #schweiz #globecar #campscoutb",UCwc-FBWTCYD-hMg0thnFHaA,TravelCampingLiving,59453.0,3712.0,217.0,"Lifestyle_(sociology),Tourism",,,2022-02-24 17:30:01+00:00,PT32M21S,https://www.youtube.com/watch?v=T7aldXX2eOg,Hossa
yuf3oNxb9Zc,#339 Winter in Finnland -30°C - Wasserleitung gefroren | Oulanka Wanderung | Salla   Schneesturm,"04. Feb. 2022, Finnland,  -30°C, vom Oulanka Nationalpark (NP) wo ich mir bei einem Spaziergang die Barthaar fast abfriere, fahren wir weiter nach Salla. Beim Zwischenstopp zum Duschen, bemerke ich das Elend dann: Frischwasserleitung eingefroren. Fehler gemacht bei der Einstellung der Lüftungsklappen. Sowas wird sofort bestraft...bekomme ich die Leitung wieder frei? 
Und...WAS FÜR STRASSEN FAHREN WIR DA ÜBERHAUPT....!!!! 
Und warum fahren hier dauernd Autos im Kreis und wo genau kommt der Schneesturm her???
 
*Welt | Europa | Finnland  | Oulanka Nationalpark |  Salla | Februar 2022* 

Unterwegs sind wir mit einem Globecar Campscout B (ähnlich Pössl Roadcruiser B). Und ab Januar 2022, nach der CMT in Stuttgart, gehen wir auf große Tour. Erstes Ziel: Skandinavien! Norwegen, Schweden, Finnland im Winter. Ich habe mir eine 12 monatige Auszeit genommen und will reisen. Finanziert wird alles über Ersparnisse, Einnahmen via YouTube (Danke fürs Werbung schauen), Amazon Partnerlinks und Support von euch via PayPal. 

PAYPAL UNTERSTÜTZUNGSLINK:
Für die Diesel- und die Honigmilchkasse für Co-Pilot und Friedrich, der PayPal Unterstützungslink:
https://paypal.me/travelcampingliving...
Herzlichen Dank!

BLOG:
https://www.travelcampingliving.com/339/

TravelCampingLiving Tassen:
https://www.travelcampingliving.com/shop/tcl-merchandise/#!/

PAYPAL UNTERSTÜTZUNGSLINK:
Für die Diesel- und die Honigmilchkasse für Co-Pilot und Friedrich, der PayPal Unterstützungslink:
https://paypal.me/travelcampingliving...
Herzlichen Dank!

****
Informationen zur Entscheidungsfindung und Kastenwagen gibt es hier:
https://travelcampingliving.com/
***
AMAZON PARTNER PROGRAMM:
Ihr möchtet etwas bei Amazon kaufen? Kauft doch über folgenden Link, kostet euch KEINEN CENT, AMAZON PARTNERNET zahlt mir aber für die Werbung eine schmale Provision auf den getätigten Umsatz. So kann ich Zottl mal eine Wäsche gönnen, ein paar Liter Diesel, einen Schluck Öl oder AdBlue.

*Amazon Link über den ihr einkaufen könnt was ihr wollt:*
https://www.amazon.de/?ie=UTF8&link_code=hom&tag=travelcamping-21#34;&
***

Equipment Auswahl: 
https://www.amazon.de/shop/travelcampingliving
GoPro Hero 10: https://amzn.to/30sKk1D
Stativ: https://www.amazon.de/shop/travelcampingliving
EcoFlow DELTA MAX: https://amzn.to/3dSMBpV
Canon EOS R6: https://amzn.to/3bvCZBi
Objektiv 2,8, 15-35 mm:
Objektiv R600:
DJI Osmo Action: https://amzn.to/3nC5rns
GoPro Hero7: https://amzn.to/2Xzrkcs
Canon EOS 77D: https://amzn.to/38x8Vnc
DJI Mavic Pro fly more combo: https://amzn.to/2GWywJ8
15,4"" Monitor ohne eigene Stromversorgung: https://amzn.to/35SRDwU
Meine Schneeketten: pewag Schneeketten 37151 servo suv RSV 80
https://amzn.to/35yu3pj
Funkgeräte Floureon: https://amzn.to/2PL0RV7
Rode Ansteck Mikrofon: https://amzn.to/322PP26
Netgear Nighthawk M1: https://amzn.to/2DvIdvj
Huawei Router: https://amzn.to/2Hi0SLO
Canon EOS 77D: https://amzn.to/2Epa4uB
TS9 4G Antenne: https://amzn.to/2GXQDyq
Schneeketten: https://amzn.to/2GU4Ts7
Grill: https://amzn.to/2q78c4C
Mobiler 300W Inverter: https://amzn.to/2Jn5QHA
Dashcam: https://amzn.to/2JpJTHS
Solar LED Lampen mit Bewegungsmelder:  https://amzn.to/2JoQ0fN
Funk-Thermometer: https://amzn.to/2EpbCEQ
Wasserkessel: https://amzn.to/2GCWA4r
Rode Mikrofon: https://amzn.to/2H1BdJx
DJI Osmo Mobile: https://amzn.to/2EoQQp6
GoPro Hero5: https://amzn.to/2H2hlWw
Stativ: https://amzn.to/2uXWUpd
DJI Mavic Pro fly more combo: https://amzn.to/2GWywJ8
Geschirr Abtropf Teil: https://amzn.to/2q8Z7ZJ
Wasserkonservierung: https://amzn.to/2JorX0r
Kenwood DDX4016DAB: https://amzn.to/2uQyq0Q
Truma CP Plus: https://amzn.to/2JqIQaH
Teppich Cockpit : https://amzn.to/2GD0Gts
Topfset : https://amzn.to/2GBNu85
Campingtisch: https://amzn.to/2HfptRt
Bialetti Kaffeemaschine: https://amzn.to/2JlwtwC
Toshiba Festplatte 3TB: https://amzn.to/2JqJSU7
Tesla USB Stabfeuerzeug: https://amzn.to/2q8bky0
Magnete quadratisch: https://amzn.to/2qbOtRr
Magnete rund https://amzn.to/2DBAzm7

Weitere Produkte siehe Webseite: https://travelcampingliving.com/shop/
***
Facebook:
https://www.facebook.com/travelcampingliving

Instagram:
travelcampingliving
***
Film Equipment:
Canon EOS R6
Blackvue DR650S-1CH
GoPro Hero5 (nur noch Backup)
GoPro Hero7 (wird durch DJI Osmo Action ersetzt werden)
2 DJI Osmo Action
DJI Mavic Pro
Canon EOS 77D
***
Musik:
Song: Ikson - Horizon (Vlog No Copyright Music)
Music promoted by Vlog No Copyright Music.
Video Link: https://youtu.be/s9CnLO3zY84

Sad Pupply - All I really need
FREE DOWNLOAD : https://theartistunion.com/tracks/ac20b9
Youtube: https://www.youtube.com/watch?v=ZDBPXiaVduw

***
TravelCampingLiving
Travel Camping Living
#ruka #grauwasserproblem #vanlife #travelcampingliving #freistehen #kastenwagen #roadtrip #schweiz #globecar #campscoutb",UCwc-FBWTCYD-hMg0thnFHaA,TravelCampingLiving,58772.0,3839.0,229.0,"Hobby,Lifestyle_(sociology),Tourism",,,2022-03-02 17:30:04+00:00,PT30M23S,https://www.youtube.com/watch?v=yuf3oNxb9Zc,Oulanka
6ZS4vJJ8GqE,#332 Winter in Finnland - Koli Nationalpark | Kommen wir hoch?  Schneeschuh Tour | Einkaufen,"Freitag 28. Januar 2022  Koli Nationalpark. Kurze Bergumrundung mit Zottl. Wir haben einen Plan. Hoch auf den Berg von hinten. Aber packen Zottl's Winterreifen die Steigung? 
Später treffe ich auf etwas aus der Schweiz und suche ganz oben etwas planlos vor mich hin. 
Und als nächstes....Schneeschuhtour im Koli Nationalpark. Sau geil! Tief verschneite Berge und ein Blick der....jo...wie immer halt. 

*Welt | Europa | Finnland | Koli Nationalpark |  | Januar 2021* 

Unterwegs sind wir mit einem Globecar Campscout B (ähnlich Pössl Roadcruiser B). Und ab Januar 2022, nach der CMT in Stuttgart, gehen wir auf große Tour. Erstes Ziel: Skandinavien! Norwegen, Schweden, Finnland im Winter. Ich habe mir eine 12 monatige Auszeit genommen und will reisen. Finanziert wird alles über Ersparnisse, Einnahmen via YouTube (Danke fürs Werbung schauen), Amazon Partnerlinks und Support von euch via PayPal. 

PAYPAL UNTERSTÜTZUNGSLINK:
Für die Diesel- und die Honigmilchkasse für Co-Pilot und Friedrich, der PayPal Unterstützungslink:
https://paypal.me/travelcampingliving...
Herzlichen Dank!

BLOG:
https://www.travelcampingliving.com/332/

TravelCampingLiving Tassen:
https://www.travelcampingliving.com/shop/tcl-merchandise/#!/

PAYPAL UNTERSTÜTZUNGSLINK:
Für die Diesel- und die Honigmilchkasse für Co-Pilot und Friedrich, der PayPal Unterstützungslink:
https://paypal.me/travelcampingliving...
Herzlichen Dank!

****
Informationen zur Entscheidungsfindung und Kastenwagen gibt es hier:
https://travelcampingliving.com/
***
AMAZON PARTNER PROGRAMM:
Ihr möchtet etwas bei Amazon kaufen? Kauft doch über folgenden Link, kostet euch KEINEN CENT, AMAZON PARTNERNET zahlt mir aber für die Werbung eine schmale Provision auf den getätigten Umsatz. So kann ich Zottl mal eine Wäsche gönnen, ein paar Liter Diesel, einen Schluck Öl oder AdBlue.

*Amazon Link über den ihr einkaufen könnt was ihr wollt:*
https://www.amazon.de/?ie=UTF8&link_code=hom&tag=travelcamping-21#34;&
***

Equipment Auswahl: 
https://www.amazon.de/shop/travelcampingliving
GoPro Hero 10: https://amzn.to/30sKk1D
Stativ: https://www.amazon.de/shop/travelcampingliving
EcoFlow DELTA MAX: https://amzn.to/3dSMBpV
Canon EOS R6: https://amzn.to/3bvCZBi
Objektiv 2,8, 15-35 mm:
Objektiv R600:
DJI Osmo Action: https://amzn.to/3nC5rns
GoPro Hero7: https://amzn.to/2Xzrkcs
Canon EOS 77D: https://amzn.to/38x8Vnc
DJI Mavic Pro fly more combo: https://amzn.to/2GWywJ8
15,4"" Monitor ohne eigene Stromversorgung: https://amzn.to/35SRDwU
Meine Schneeketten: pewag Schneeketten 37151 servo suv RSV 80
https://amzn.to/35yu3pj
Funkgeräte Floureon: https://amzn.to/2PL0RV7
Rode Ansteck Mikrofon: https://amzn.to/322PP26
Netgear Nighthawk M1: https://amzn.to/2DvIdvj
Huawei Router: https://amzn.to/2Hi0SLO
Canon EOS 77D: https://amzn.to/2Epa4uB
TS9 4G Antenne: https://amzn.to/2GXQDyq
Schneeketten: https://amzn.to/2GU4Ts7
Grill: https://amzn.to/2q78c4C
Mobiler 300W Inverter: https://amzn.to/2Jn5QHA
Dashcam: https://amzn.to/2JpJTHS
Solar LED Lampen mit Bewegungsmelder:  https://amzn.to/2JoQ0fN
Funk-Thermometer: https://amzn.to/2EpbCEQ
Wasserkessel: https://amzn.to/2GCWA4r
Rode Mikrofon: https://amzn.to/2H1BdJx
DJI Osmo Mobile: https://amzn.to/2EoQQp6
GoPro Hero5: https://amzn.to/2H2hlWw
Stativ: https://amzn.to/2uXWUpd
DJI Mavic Pro fly more combo: https://amzn.to/2GWywJ8
Geschirr Abtropf Teil: https://amzn.to/2q8Z7ZJ
Wasserkonservierung: https://amzn.to/2JorX0r
Kenwood DDX4016DAB: https://amzn.to/2uQyq0Q
Truma CP Plus: https://amzn.to/2JqIQaH
Teppich Cockpit : https://amzn.to/2GD0Gts
Topfset : https://amzn.to/2GBNu85
Campingtisch: https://amzn.to/2HfptRt
Bialetti Kaffeemaschine: https://amzn.to/2JlwtwC
Toshiba Festplatte 3TB: https://amzn.to/2JqJSU7
Tesla USB Stabfeuerzeug: https://amzn.to/2q8bky0
Magnete quadratisch: https://amzn.to/2qbOtRr
Magnete rund https://amzn.to/2DBAzm7

Weitere Produkte siehe Webseite: https://travelcampingliving.com/shop/
***
Facebook:
https://www.facebook.com/travelcampingliving

Instagram:
travelcampingliving
***
Film Equipment:
Canon EOS R6
Blackvue DR650S-1CH
GoPro Hero5 (nur noch Backup)
GoPro Hero7 (wird durch DJI Osmo Action ersetzt werden)
2 DJI Osmo Action
DJI Mavic Pro
Canon EOS 77D
***
Musik:
Sad Puppy - Dance with me
https://www.youtube.com/redirect?event=video_description&redir_token=QUFFLUhqbGZBV043MmJJVDE3Nl9mc2Q3Y0lzR2NEUmlVZ3xBQ3Jtc0ttTEs2blZ5aWZ4b1RrcE94NE5NS1RhcGpPbW1XVDdSYjNZSVYzV1BSWnR2TzlWUWJWVHV5V3BVZTFvRHd5TnlUdXdPeWRJVTZuVnJ4Tmw0Mnk0MzVLcWRnZUtnTG52MTEzUGxVUW1ZYk5wTEVqLVZvSQ&q=https%3A%2F%2Ffanlink.to%2FSadPuppy-DanceWithMe
YouTube: https://www.youtube.com/watch?v=Iu-FMpUtkuo
***
TravelCampingLiving
Travel Camping Living
#kolinationalpark #akkakoli #pahakoli #finnland #skigebiet #vanlife #travelcampingliving #freistehen #kastenwagen #roadtrip #schweiz #globecar #campscoutb",UCwc-FBWTCYD-hMg0thnFHaA,TravelCampingLiving,27113.0,2406.0,135.0,"Lifestyle_(sociology),Tourism",63.096858,29.8062314,2022-02-20 17:30:00+00:00,PT25M54S,https://www.youtube.com/watch?v=6ZS4vJJ8GqE,Koli
3Auc-ci16G4,"A Weekend in TURKU, Finland","I spent a weekend visiting Turku in January, walking around the city, visiting the Turku Market Hall, Old Great Square, Kurjenrahka National Park, Koulu Brewery, Kaskis restaurant, and many other lovely places.

You can read more about the things I did in Turku (including what to see and where to stay) here: https://www.heartmybackpack.com/blog/things-to-do-turku 

SUBSCRIBE to be notified of new videos here: http://bit.ly/2BA3GPD

WHERE ELSE TO FIND ME:

★ Blog - https://www.heartmybackpack.com/
★ Instagram - https://www.instagram.com/heartmyback...
★ Facebook - https://www.facebook.com/heartmybackpack
★ Twitter - https://twitter.com/heartmybackpack",UCxic3q7IbcN3Leh1P9rH7aQ,Heart My Backpack,19458.0,117.0,17.0,"Food,Lifestyle_(sociology),Tourism",,,2018-01-30 14:16:56+00:00,PT1M51S,https://www.youtube.com/watch?v=3Auc-ci16G4,Kurjenrahka
_vwFiAZbKgA,A Night in a frosty National Park in Finland,"This is Mathias and his friend spending an incredible night in a beautiful frosty National Park in Finland called Lauhanvuori

We're mostly making vlogs on this Channel about our of grid life att Talasbuan. You are welcome to join us here in our struggles and joys of living off the grid in the forests of Jämtland, Sweden.

If you like what you see and want to support us you can do so here: https://www.patreon.com/talasbuan :)


Come say hi to us on Instagram: 

Tova: https://www.instagram.com/tovachr/
Mathias: https://www.instagram.com/javrri/
Talasbuan: https://www.instagram.com/talasbuan/

You'll find out more about us on our website, welcome!

 https://www.talasbuan.com",UCxl_etcRcrFMYul-5N0u1Mg,Talasbuan,15412.0,1085.0,47.0,"Hobby,Lifestyle_(sociology),Tourism",,,2018-12-29 11:40:12+00:00,PT4M39S,https://www.youtube.com/watch?v=_vwFiAZbKgA,Lauhanvuori
lEr-wfz9sMY,芬蘭西部單車之旅Part 1  Hanko . Tammisaari . Raseborg . Fiskars Finland Coastal Route Bike trip,"芬蘭西部單車之旅Part 1

2019年9月.  芬蘭天氣非常清爽，非常適合單車之旅

器材/Equipment: DJI Mavic Pro; Canon  EOS R ; RF24-240 ; Gopro Hero Black  7

#芬蘭 #單車 #Finland 

================================================
----旅．攝頻道----
by Henry Lo

【Facebook】 : https://www.facebook.com/travel.foto
【Instagram】: https://www.instagram.com/travelnphoto
【Blog】: https://www.travelnphoto.com",UCy7_pjOtVhCa4EqAqamZZXw,旅攝Henry Lo,1081.0,30.0,0.0,"Lifestyle_(sociology),Tourism",,,2020-01-28 10:25:41+00:00,PT1M38S,https://www.youtube.com/watch?v=lEr-wfz9sMY,Ekenäs Archipelago
8CPZrZtvs1o,"芬蘭西部海岸單車之旅Part 2. Mathildedal, Teijo National Park, Salo. Finland Coastal Route Bike trip","2019年9月.  芬蘭天氣非常清爽，非常適合單車之旅
Featuring: 黃德斌，鄭啟泰 

器材/Equipment: DJI Mavic Pro; Canon  EOS R ; RF24-240 ; Gopro Hero Black  7

#芬蘭 #單車 #Finland 

================================================
----旅．攝頻道----
by Henry Lo

【Facebook】 : https://www.facebook.com/travel.foto
【Instagram】: https://www.instagram.com/travelnphoto
【Blog】: https://www.travelnphoto.com",UCy7_pjOtVhCa4EqAqamZZXw,旅攝Henry Lo,1166.0,36.0,0.0,"Lifestyle_(sociology),Tourism",,,2020-02-09 09:26:57+00:00,PT1M37S,https://www.youtube.com/watch?v=8CPZrZtvs1o,Teijo
aGeC41Wn2ZE,Melontaretki Patvinsuon Kansallispuistossa || 4pv Retkeilyä Kanootti ja Packraft,"Vietin taannoin kokonaisen viikon Pohjois-Karjalassa seikkaillen. Tämä on tuon retken ensimmäinen osa: melomme Veetin kanssa 3 yön retken karun kaunilla Suomunjärvellä. Suomunjärvi kuluu Patvinsuon Kansallispuistoon ja siellä on toinen toistaan huikeampia hiekkarantoja ja erämaisia maisemia. Tervetuloa meidän mukaan! 

Description sisältää mainoslinkkejä - mainoslinkit merkattu * -merkillä! 

Asko Ristolaisen IG, blogi ja tube-kanava: 

https://www.instagram.com/tervastulia/
https://tervastulia.blogspot.com/
https://www.youtube.com/user/sortavala

Ostamalla mitä tahansa allaolevista retkeilykaupoista näiden linkkien kautta, tuet samalla Kanootti & Tomaatti -kanavan toimintaa. Jokainen pennonen käytetään videoiden tuottamiseen.

* Partioaitta: https://bit.ly/371VWbN

* Scandinavian Outdoor: https://bit.ly/3jCdbFJ

* Weekendbee: https://bit.ly/2MFnvkv

*Kokeile Book Beat äänikirjoja veloituksetta kuukauden ajan (tarjous koskee uusia asiakkaita): https://bit.ly/36Y3495

Musiikki: Epidemic Sound https://bit.ly/31XPQXl

Soittolistoja kanavalta:
Kanoottiretket: https://bit.ly/3azpw90
Basecamp: https://bit.ly/3IVbRKs
Retkiruokaa: https://bit.ly/2tH6Bs7
Kotatelttailu: https://bit.ly/3GOnYab
__________________________________________________________
Facebook: https://www.facebook.com/kanoottitomaatti/
Instagram: https://www.instagram.com/kanootti_ja...
Blogi: https://www.vettis.net/blog

Meidän kanootit: 
Nova Craft Prospector 15' https://bit.ly/36nFNQp
Nova Craft Supernova 14´10"" https://bit.ly/3d4Hocm


Kuvauskalusto: Canon EOS R,  EOS R5, DJI Mavic Air 2 ja DJI Osmo Action
#retkeily #melontaretki #seikkailu #vaellus #patvinsuo #kansallispuisto #suomunjärvi",UCyj1yL2lKMN42gNr87pIfGw,Kanootti & Tomaatti,10025.0,321.0,95.0,"Hobby,Lifestyle_(sociology),Tourism",,,2022-06-19 05:44:23+00:00,PT41M55S,https://www.youtube.com/watch?v=aGeC41Wn2ZE,Patvinsuo
6Rx38NtFVPI,HIIHTOVAELLUS (-treenit) Sipoonkorven Kansallispuistossa  | NRG-5 ZERO Hätäruokaa!,"Talven pidemmät seikkailut mielessä lähdin hiihtelemään Sipoonkorven Kansallispuistoon.  Testasin samalla varusteita ja selvitin kuinka pitkiä matkoja pystyn hiihtämään hankalassa maastossa painavan ahkion ja vaellusvarusteiden kanssa. Testasin samalla myös NRG-5 ZERO hätämuonaa, josta tarkempia tietoja alla. 

NRG-5 HÄTÄMUONA ZERO on kompakti vuosikausia säilyvä 500gr.  pakkaus, joka sisältää päivittäisen kaloritarpeen aikuiselle. Hätämuonaa myy Mökkimies.com ja allaolevasta linkistä näet lisätietoja hintoineen:
https://www.mokkimies.com/nrg-5-hatamuona-zero-500g 

Itse suosittelen tätä kampetta vara-ruoaksi vaelluksille jos vaellus syystä tai toisesta pitkittyy. Toinen hyvä käyttötapa tälle on  nappailla  näitä valipalaksi kesken rankan vaelluksen. Murentamalla tätä aamupuuroon, saa myös helposti vaelluksella kaivattuja lisäkaloreita.

Description sisältää mainoslinkkejä - mainoslinkit merkattu * -merkillä! 

*Kanootti & Tomaatti kauppa:
https://reddyshop.co/kanoottitomaatti/

* 10% alennus kanavan katsojille Warrior Coffeen kahveista ja teestä koodilla: KANOOTTI Koodi on voimassa vuoden 2021 loppuun. https://bit.ly/3x1wFdd

Ostamalla mitä tahansa allaolevista retkeilykaupoista näiden linkkien kautta, tuet samalla Kanootti & Tomaatti -kanavan toimintaa. Jokainen pennonen käytetään videoiden tuottamiseen.

* Partioaitta: https://bit.ly/371VWbN

* Scandinavian Outdoor: https://bit.ly/3jCdbFJ

* Weekendbee: https://bit.ly/2MFnvkv

*Kokeile Book Beat äänikirjoja veloituksetta kuukauden ajan (tarjous koskee uusia asiakkaita): https://bit.ly/36Y3495

Musiikki: Epidemic Sound https://bit.ly/31XPQXl

Soittolistoja kanavalta:
Kanoottiretket: https://bit.ly/3azpw90
Basecamp: https://bit.ly/3IVbRKs
Retkiruokaa: https://bit.ly/2tH6Bs7
Kotatelttailu: https://bit.ly/3GOnYab
__________________________________________________________
Facebook: https://www.facebook.com/kanoottitomaatti/
Instagram: https://www.instagram.com/kanootti_ja...
Blogi: https://www.vettis.net/blog

Meidän kanootit: 
Nova Craft Supernova 14´10"" https://bit.ly/3d4Hocm
Mad River Journey 156 TT https://bit.ly/2M8tLzj

Kuvauskalusto: Canon EOS R,  EOS R5, DJI Mavic Air 2 ja DJI Osmo Action
#hiihtovaellus #talviretkeily #vaellus #retkeily #retki",UCyj1yL2lKMN42gNr87pIfGw,Kanootti & Tomaatti,7367.0,224.0,70.0,"Hobby,Lifestyle_(sociology),Tourism",,,2022-01-29 07:09:05+00:00,PT18M36S,https://www.youtube.com/watch?v=6Rx38NtFVPI,Sipoonkorpi
bnO8NkIKRAk,MELONTARETKI REPOVEDELLÄ,"Pojan kanssa loman päätteeksi melontaretkellä Repoveden kansallispuistossa. Lähtöpaikka Lapinsalmi, josta meloimme Patasaaren ympäri kohti Kuutinkanavaa. Matkalla näimme mm. kalliomaalauksia ja söimme lounasta aivan eeppisessä niemenkärjessä. Vedimme kanootin kanoottikärryllä Kuutinkanavan läpi ja meloimme Hermusensaareen yöpymään. Hermusensaaressa kalastimme ja tein itse pahan virheen, josta olen aina poikaa varoittanut! 

12:27 Paluumatka samaa reittiä takaisin.

Repovesi on yksi Suomen suosituimmista kansallispuistoista ja se monesti näkyy mm. telttapaikoilla. Kanootilla liikkuessa väenpaljous tuntuu vain autoa pysäköidessä ja yöpymään pääsee paikkoihin mihin valtaosa ihmisistä ei pääse. Eli saariin. 

#repovesi #melontaretki #kanootti #retkeily

Instagram: https://www.instagram.com/kanootti_ja_tomaatti/
Blogi: http://www.vettis.net/blog/
Meidän kanootti Mad River Journey 156 TT https://bit.ly/2M8tLzj

Kuvattu DJI Osmo Action ja Sony RX 100V -kameroilla.",UCyj1yL2lKMN42gNr87pIfGw,Kanootti & Tomaatti,8241.0,119.0,29.0,"Hobby,Lifestyle_(sociology),Tourism",,,2019-08-09 05:05:07+00:00,PT23M54S,https://www.youtube.com/watch?v=bnO8NkIKRAk,Repovesi
1c8n1s-DvpQ,RETKEILY | Kanootilla Yön Yli REPOVEDEN Kansallispuistossa | 4K,"Retkeilyä parhaimmillaan. Repovesi on yksi suosikeistani melontaretkelle kohtuullisen ajomatkan päässä kotoa. Repoveden Kansallispuiston maisemat ovat karun kauniita ja luonto siellä on jotenkin todella lähellä kulkijaa. Hyppää meidän matkaan leppoisalle retkelle! 

Description sisältää mainoslinkkejä - mainoslinkit merkattu * -merkillä! 

*Kanootti & Tomaatti kauppa:
https://reddyshop.co/kanoottitomaatti/

* 10% alennus kanavan katsojille Warrior Coffeen kahveista ja teestä koodilla: KANOOTTI Koodi on voimassa kesän 2021. https://bit.ly/3x1wFdd

Ostamalla mitä tahansa allaolevista retkeilykaupoista näiden linkkien kautta, tuet samalla Kanootti & Tomaatti -kanavan toimintaa. Jokainen pennonen käytetään videoiden tuottamiseen.

* Partioaitta: https://bit.ly/371VWbN

* Scandinavian Outdoor: https://bit.ly/3jCdbFJ

* Weekendbee: https://bit.ly/2MFnvkv

*Kokeile Book Beat äänikirjoja veloituksetta kuukauden ajan (tarjous koskee uusia asiakkaita): https://bit.ly/36Y3495

Musiikki: Epidemic Sound https://bit.ly/31XPQXl

Soittolistoja kanavalta:
Kanoottiretket: https://bit.ly/3azpw90
Kokkausta avotulella: https://bit.ly/2RDDGwR
Retkiruokaa: https://bit.ly/2tH6Bs7
Päiväretket: https://bit.ly/2RFPHlF
Kansallispuistot: https://bit.ly/2G9Ufez
__________________________________________________________
Facebook: https://www.facebook.com/kanoottitomaatti/
Instagram: https://www.instagram.com/kanootti_ja...
Blogi: https://www.vettis.net/blog

Meidän kanootit: 
Nova Craft Supernova 14´10"" https://bit.ly/3d4Hocm
Mad River Journey 156 TT https://bit.ly/2M8tLzj

Kuvauskalusto: Canon EOS R,  EOS R5 ja DJI Osmo Action
#retkeily #repovesi #seikkailu #melontaretki #kansallispuisto #melontavaellus",UCyj1yL2lKMN42gNr87pIfGw,Kanootti & Tomaatti,6297.0,209.0,51.0,"Hobby,Lifestyle_(sociology),Tourism",,,2021-09-05 05:55:16+00:00,PT26M25S,https://www.youtube.com/watch?v=1c8n1s-DvpQ,Repovesi
PSpWwg34VWU,USKOMATON Ukonlahti | KALASTUSTA | Lohikeittoa Trangialla saaressa  | Kolovesi 2/2,"Tällä videolla kalastellaan ja melotaan Koloveden kansallispuistossa. Tehdään kemaista lohikeittoa Trangialla saaressa ja melotaan Ukonkannan läpi uskomattoman hienolle Ukonlahdelle.

Kiitos kun katsoit videon! Muista laittaa kanava tilaukseen. 

#melontaretki #kolovesi #seikkailu

Soittolistoja kanavalta:
Kanoottiretket: https://bit.ly/3azpw90
Kokkausta avotulella: https://bit.ly/2RDDGwR
Retkiruokaa: https://bit.ly/2tH6Bs7
Päiväretket: https://bit.ly/2RFPHlF
Kansallispuistot: https://bit.ly/2G9Ufez
__________________________________________________________
Facebook: https://www.facebook.com/kanoottitomaatti/
Instagram: https://www.instagram.com/kanootti_ja...
Blogi: https://www.vettis.net/blog

Meidän kanootit: 
Nova Craft Supernova 14´10"" https://bit.ly/3d4Hocm
Mad River Journey 156 TT https://bit.ly/2M8tLzj
Avotulisija ja välineet ""Basecampilla"" Mökkimies.comista: https://bit.ly/2TK1T7F

Kuvattu Canon 5Dmk4 ja DJI Osmo Action kameroilla.",UCyj1yL2lKMN42gNr87pIfGw,Kanootti & Tomaatti,3621.0,101.0,27.0,"Hobby,Lifestyle_(sociology),Tourism",,,2020-06-14 09:00:12+00:00,PT20M5S,https://www.youtube.com/watch?v=PSpWwg34VWU,Kolovesi
0kWHGpAxvD8,Tunturisuksilla NUUKSION Saarijärvellä | Täydellinen Retki-Kahvi | 4K,"Täydellinen talvipäivä Saarijärvellä Nuuksion Kansallispuiston liepeillä. Ohjelmassa kesän retkikohteen scouttaamista, hiihtoa hyvin kantavilla keväthangilla ja pieni katsaus ainakin lähes täydelliseen retkikahviin. Tervetuloa mukaan retkelle!

Kanootti & Tomaatti löytyy myös instasta: https://www.instagram.com/kanootti_ja_tomaatti/

Description sisältää mainoslinkkejä - mainoslinkit merkattu * -merkillä! 

*Kanootti & Tomaatti kauppa:
https://reddyshop.co/kanoottitomaatti/

* 10% alennus kanavan katsojille Warrior Coffeen kahveista ja teestä koodilla: VETTIS 

Ostamalla mitä tahansa allaolevista retkeilykaupoista näiden linkkien kautta, tuet samalla Kanootti & Tomaatti -kanavan toimintaa. Jokainen pennonen käytetään videoiden tuottamiseen.

* Partioaitta: https://bit.ly/371VWbN

* Scandinavian Outdoor: https://bit.ly/3jCdbFJ

* Weekendbee: https://bit.ly/2MFnvkv

*Kokeile Book Beat äänikirjoja veloituksetta kuukauden ajan (tarjous koskee uusia asiakkaita): https://bit.ly/36Y3495

Musiikki: Epidemic Sound https://bit.ly/31XPQXl

Soittolistoja kanavalta:
Kanoottiretket: https://bit.ly/3azpw90
Basecamp: https://bit.ly/3IVbRKs
Retkiruokaa: https://bit.ly/2tH6Bs7
Kotatelttailu: https://bit.ly/3GOnYab
__________________________________________________________
Facebook: https://www.facebook.com/kanoottitomaatti/
Instagram: https://www.instagram.com/kanootti_ja...
Blogi: https://www.vettis.net/blog

Meidän kanootit: 
Nova Craft Supernova 14´10"" https://bit.ly/3d4Hocm
Mad River Journey 156 TT https://bit.ly/2M8tLzj

Kuvauskalusto: Canon EOS R,  EOS R5, DJI Mavic Air 2 ja DJI Osmo Action
#retkeily #nuuksio #hiihtoretki #retki #saarijärvi",UCyj1yL2lKMN42gNr87pIfGw,Kanootti & Tomaatti,4811.0,192.0,33.0,"Hobby,Lifestyle_(sociology)",,,2022-03-08 09:56:40+00:00,PT18M53S,https://www.youtube.com/watch?v=0kWHGpAxvD8,Nuuksio
WavxMYGKDYA,Vähä-Haukkalammen LUOLA NUUKSIOSSA | Pulinaa eettisestä KAHVISTA | 4K,"Tällä kertaa seikkaillaan Nuuksion maisemissa. Käväisen Vähä-Haukkalammen luolalla, jossa jostain syystä en ollut vielä aiemmin käynyt. Lisäksi tärkeää asiaa eettisestä kahvista! 

Lue lisää Warrior Coffeen eettisen kahvin hankintaohjelmasta ja ylipäätään eettisestä kahvista täältä: https://bit.ly/31anTtV

Eettisen kahvin aapinen / miten valita eettinen kahvi? https://bit.ly/2RClVPS

Vähä-Haukkalammen luola ei ole suoraan minkään Nuuksion merkityn reitin varressa ja ehkä helpoin tapa saavuttaa paikka on lähteä kiertämään Haukankierrosta, joka on sinisellä värillä maaston merkitty reitti. (Tarkista tämä vielä!) Kun kierrät reittiä myötäpäivään, noin puolessa välissä matkaa tulee pitkät metalliset portaat joiden loppupäässä alhaalla lähdet poikkeamaan reitiltä vasemmalle. Matkaa reitiltä luolalle on puolisen kilometriä. Kannattaa ottaa kartta mukaan, mutta luolalle vie kyllä hyvin selkeä polku. Itse lähdin Kattilan suuntaan vievälle luontopolulle ja lähestyin luolaa pohjoisen suunnasta, joka ei ollut korkeuserojen takia kaikkein optimaalisin vaihtoehto. 

Tietoa Nuuksion kansallispuistosta ja sen reiteistä: https://bit.ly/38ZRauf
Retkipaikka.fi:n juttu Vähä-Haukkalammen luolasta: https://bit.ly/36DW9it

#nuuksio #luola #eettinenkahvi

Kiitos kun katsoit videon! Muista laittaa kanava tilaukseen. 

Soittolistoja kanavalta:
Kanoottiretket: https://bit.ly/3azpw90
Kokkausta avotulella: https://bit.ly/2RDDGwR
Retkiruokaa: https://bit.ly/2tH6Bs7
Päiväretket: https://bit.ly/2RFPHlF
Kansallispuistot: https://bit.ly/2G9Ufez
__________________________________________________________
Facebook: https://www.facebook.com/kanoottitomaatti/
Instagram: https://www.instagram.com/kanootti_ja...
Blogi: http://www.vettis.net/blog/
Meidän kanootti: Mad River Journey 156 TT https://bit.ly/2M8tLzj
Avotulisija ""basecampilla"": https://bit.ly/2TK1T7F

Kuvattu DJI Osmo Action ja Sony RX 100V -kameroilla.",UCyj1yL2lKMN42gNr87pIfGw,Kanootti & Tomaatti,1442.0,44.0,7.0,"Hobby,Lifestyle_(sociology),Tourism",,,2020-01-30 07:30:00+00:00,PT12M22S,https://www.youtube.com/watch?v=WavxMYGKDYA,Nuuksio
d-WNszgEivs,Yön Yli Seikkailu KANOOTILLA Turpoonjoella | Liesjärven Kansallispuisto,"Retkikertomus yön yli -seikkailusta Tammelan alueella. Aloitetaan melontaretki Liesjärven Kansallispuistosta ja melotaan Turpoonjoen halki Tammelan Kuivajärvelle. Matkan varrella yövytään teltassa ja osallistutaan samalla 1000 retkiyötä Tammelassa kampanjaan! Video on kaupallinen yhteistyö Visit Tammelan kanssa.

Kampanjan sivuille pääset allaolevasta linkistä. Muista merkata retkiyösi niin teemme yhdessä hyvää!

https://www.tammela.fi/1000-retkiyota-tammelassa


Description sisältää mainoslinkkejä - mainoslinkit merkattu * -merkillä! 

*Kanootti & Tomaatti kauppa:
https://reddyshop.co/kanoottitomaatti/

* 10% alennus kanavan katsojille Warrior Coffeen kahveista ja teestä koodilla: KANOOTTI Koodi on voimassa kesän 2021. https://bit.ly/3x1wFdd

Ostamalla mitä tahansa allaolevista retkeilykaupoista näiden linkkien kautta, tuet samalla Kanootti & Tomaatti -kanavan toimintaa. Jokainen pennonen käytetään videoiden tuottamiseen.

* Partioaitta: https://bit.ly/371VWbN

* Scandinavian Outdoor: https://bit.ly/3jCdbFJ

* Weekendbee: https://bit.ly/2MFnvkv

*Kokeile Book Beat äänikirjoja veloituksetta kuukauden ajan (tarjous koskee uusia asiakkaita): https://bit.ly/36Y3495

Musiikki: Epidemic Sound https://bit.ly/31XPQXl

Soittolistoja kanavalta:
Kanoottiretket: https://bit.ly/3azpw90
Kokkausta avotulella: https://bit.ly/2RDDGwR
Retkiruokaa: https://bit.ly/2tH6Bs7
Päiväretket: https://bit.ly/2RFPHlF
Kansallispuistot: https://bit.ly/2G9Ufez
__________________________________________________________
Facebook: https://www.facebook.com/kanoottitomaatti/
Instagram: https://www.instagram.com/kanootti_ja...
Blogi: https://www.vettis.net/blog

Meidän kanootit: 
Nova Craft Supernova 14´10"" https://bit.ly/3d4Hocm
Mad River Journey 156 TT https://bit.ly/2M8tLzj

Kuvauskalusto: Canon EOS R,  EOS R5 ja DJI Osmo Action
#retkeily #melontaretki #turpoonjoki #liesjärvi #kansallispuisto #retki",UCyj1yL2lKMN42gNr87pIfGw,Kanootti & Tomaatti,6685.0,197.0,41.0,"Hobby,Lifestyle_(sociology),Tourism",,,2021-07-20 05:10:21+00:00,PT32M,https://www.youtube.com/watch?v=d-WNszgEivs,Liesjärvi
tgPjyJnJCak,Lumikenkäilyä Sipoonkorven Kansallispuistossa #retkeily  #lumikengät #sipoonkorpi #kansallispuisto,,UCyj1yL2lKMN42gNr87pIfGw,Kanootti & Tomaatti,1481.0,58.0,3.0,"Hobby,Lifestyle_(sociology)",,,2023-12-28 13:14:31+00:00,PT46S,https://www.youtube.com/watch?v=tgPjyJnJCak,Sipoonkorpi
DVFiCG0k3Tk,LUMIKENKÄ -Retki Valkmusan Kansallispuistoon | RETKIRUOKAA | Vanlife Suomi,"Yön yli retki retkiautolla Valkmusan kansallispuistoon. Yöllä oli -23C astetta pakkasta ja seuraavana päivänä teimme hienon retken lumikenkgillä Valkmusan Moronvuorelle. Ohjelmassa myös retkiruokaa tuttuun tapaan.

Description sisältää mainoslinkkejä - mainoslinkit merkattu * -merkillä! Ostamalla mitä tahansa näistä retkeilykaupoista näiden linkkien kautta, tuet samalla Kanootti & Tomaatti -kanavan toimintaa. Jokainen pennonen käytetään videoiden tuottamiseen.

* Partioaitta: https://bit.ly/371VWbN

* Scandinavian Outdoor: https://bit.ly/3jCdbFJ

* Weekendbee: https://bit.ly/2MFnvkv

*Kokeile Book Beat äänikirjoja veloituksetta kuukauden ajan (tarjous koskee uusia asiakkaita): https://bit.ly/36Y3495

*Kanootti & Tomaatti kauppa:
https://reddyshop.co/kanoottitomaatti/

Musiikki: Epidemic Sound https://bit.ly/31XPQXl

Soittolistoja kanavalta:
Kanoottiretket: https://bit.ly/3azpw90
Kokkausta avotulella: https://bit.ly/2RDDGwR
Retkiruokaa: https://bit.ly/2tH6Bs7
Päiväretket: https://bit.ly/2RFPHlF
Kansallispuistot: https://bit.ly/2G9Ufez
__________________________________________________________
Facebook: https://www.facebook.com/kanoottitomaatti/
Instagram: https://www.instagram.com/kanootti_ja...
Blogi: https://www.vettis.net/blog

Meidän kanootit: 
Nova Craft Supernova 14´10"" https://bit.ly/3d4Hocm
Mad River Journey 156 TT https://bit.ly/2M8tLzj

Kuvauskalusto: Canon EOS R, DJI Osmo Action
#lumikenkäily #retkipaku #retkeily #kansallispuisto",UCyj1yL2lKMN42gNr87pIfGw,Kanootti & Tomaatti,5309.0,155.0,35.0,"Hobby,Lifestyle_(sociology),Tourism",,,2021-02-20 06:59:46+00:00,PT15M29S,https://www.youtube.com/watch?v=DVFiCG0k3Tk,Valkmusa
ImuMLmInIbg,Ruskan värejä Repoveden Kansallispuistossa,Ruskaretkellä kanootilla Repoveden kansallispuistossa.,UCyj1yL2lKMN42gNr87pIfGw,Kanootti & Tomaatti,2169.0,78.0,2.0,"Hobby,Lifestyle_(sociology),Tourism",,,2022-10-18 18:33:34+00:00,PT1M,https://www.youtube.com/watch?v=ImuMLmInIbg,Repovesi
jxY8GnQRZT8,Seikkailu Koloveden Kansallispuistossa | Kalastusta | Retkiruokaa | 4K,"Reissukertomus viiden päivän melontaretkestä Koloveden kansallispuistoon. Ekassa jaksossa kalastelemme, kokkailemme herkullista retkiruokaa ja kierrämme Mäntysalon luontopolun. Toinen jakso (retkipäivät 4-5) tulossa viikonloppuna!

Yöpymispaikat ensimmäisellä videolla ovat Lapinsalmi ja Pitkäsaari. Jälkimmäisessä yövyimme kaksi yötä. Lähtöpaikka oli Kirkkoranta. 

Kiitos kun katsoit videon! Muista laittaa kanava tilaukseen. 

Soittolistoja kanavalta:
Kanoottiretket: https://bit.ly/3azpw90
Kokkausta avotulella: https://bit.ly/2RDDGwR
Retkiruokaa: https://bit.ly/2tH6Bs7
Päiväretket: https://bit.ly/2RFPHlF
Kansallispuistot: https://bit.ly/2G9Ufez

#kolovesi #kolovedenkansallispuisto #melontaretki

__________________________________________________________
Facebook: https://www.facebook.com/kanoottitomaatti/
Instagram: https://www.instagram.com/kanootti_ja...
Blogi: https://www.vettis.net/blog

Meidän kanootit: 
Nova Craft Supernova 14´10"" https://bit.ly/3d4Hocm
Mad River Journey 156 TT https://bit.ly/2M8tLzj
Avotulisija ja välineet ""Basecampilla"" Mökkimies.comista: https://bit.ly/2TK1T7F

Kuvattu Canon 5Dmk4 ja DJI Osmo Action kameroilla.",UCyj1yL2lKMN42gNr87pIfGw,Kanootti & Tomaatti,4880.0,134.0,59.0,"Hobby,Lifestyle_(sociology),Tourism",,,2020-06-10 07:46:54+00:00,PT30M11S,https://www.youtube.com/watch?v=jxY8GnQRZT8,Kolovesi
UiYlSHalGus,Epäonninen pikapyrähdys kanootilla Liesjärven kansallispuistossa,"Nopea pyrähdys Liesjärven kansallispuistossa. Kaikki ei mennyt aivan putkeen ja mietin pitkään teenkö tästä videota ollenkaan. Päätin sitten näyttää että kaikki ei ole retkeilyssäkään aina ruusuilla tanssimista ja huonojakin päiviä tulee. Homma kuitenkin nauratti jo seuraavana päivänä. 

Retkeiltiin kuitenkin kanootilla ihan kunnon päivälenkki ja tehtiin hyvät ruoat Savilahden tulentekopaikalla, mutta paljon jäi hampaankoloonkin: Liesjärvelle täytyy tulla vielä uudestaan paremmalla onnella ja fiiliksellä. 

Savilahdessa kokkailtiin nuotiolla paistetut entrecote -pihvit ja niiden kyljessä paistettuja vihanneksia. Seuraavana päivänä vuorossa oli melkein vegaaninen sienipasta. 

Ennakkotietona, että olen lähdössä loppuviikosta itsekseni Kukkiajärvelle melontaretkelle muutamaksi päiväksi. Tästä reissusta on kovat odotukset itse reissun, mutta myös videon osalta! 

#liesjärvi #melontaretki #kanootti
_

Instagram: https://www.instagram.com/kanootti_ja...
Blogi: http://www.vettis.net/blog/
Meidän kanootti: Mad River Journey 156 TT https://bit.ly/2M8tLzj

Kuvattu DJI Osmo Action ja Sony RX 100V -kameroilla.",UCyj1yL2lKMN42gNr87pIfGw,Kanootti & Tomaatti,2874.0,69.0,5.0,"Lifestyle_(sociology),Tourism",,,2019-09-16 08:45:51+00:00,PT10M1S,https://www.youtube.com/watch?v=UiYlSHalGus,Liesjärvi
N-fq-xuSEGU,Melontaretki Koloveden kansallispuistossa 2019,"Melontaretki Koloveden kansallispuistossa 7-10.7 

00:00 1. päivä: Kirkkoranta - Ukonvuori - Laajakaarre, 6km
09:24 2. päivä: Laajakaarre - Pitkäsaari, 9km
16:46 3. päivä: Pitkäsaari - Syväniemi, 11km
20:17 4. päivä: Syväniemi - Kirkkoranta, 12km 

Reseptit: 

PERUNACHORIZO-MUNAKAS
Tarvitset: perunoita, chorizoa (säilyy parhaiten vakumoituna), kananmunia, paistamiseen kirkastettua voita tai oliiviöljyä, tomaattia, suolaa ja pippuria. Määrät henkilömäärän ja nälän mukaan. 

1. Kuullota ohueksi siivutetut perunat paistinpannussa hitaasti. 
2. Lisää viipaloidut chorizot, kääntele ja paista hetki. Mausta kevyesti suolalla ja pippurilla. 
3. Riko munat pannuun ja paistele pienellä lämmöllä. Kansi auttaa munia kypsymään myös päältä. 
4. Mausta lopuksi suolalla ja pippurilla ja lisää päälle muutama tomaatin viipale. 

LINSSICHORIZO-PATA (Toimii hyvin vegeversionakin. Jätä silloin pois, tiedät kyllä mitä)
Tarvitset: kuivattuja punaisia linssejä, chorizoa (säilyy parhaiten vakumoituna), sipulia, tuoretta inkivääriä, kookosmaitoa, mausteseos (kurkuma, savupaprika, juustokumina, jauhettu korianteri, paprikajauhe), kanaliemikuutio, kirkastettua voita tai oliiviöljyä paistamiseen, suolaa ja pippuria. 

1. Kuullota silputut sipulit ja inkivääri kirkastetussa voissa tai oliiviöljyssä. 
2. Lisää viipaloidut chorizot ja kuullota hetki. 
3. Lisää tässä vaiheessa mausteseos ja sekoita se ruoan joukkoon. 
4. Lisää murskattu kanaliemikuutio ja desi pari vettä. Sekoita niin, että kanaliemi sulaa ruoan joukkoon. 
5. Lisää pari kouralista linssejä. Määrä henkilöiden ja nälän mukaan. 
6. Lisää noin puoli purkillista kookosmaitoa. Sekin ruoan määrän mukaan. 
7. Keittele puolisen tuntia ja sekoittele välillä ettei pala pohjaan. Linssit turpoaa ja lisää tarvittaessa kookosmaitoa tai vettä. 
8. Mausta lopuksi suolalla ja pippurilla ja syö esim tuoreen leivän kanssa.

#kolovesi #kanootti #melontaretki

Seuraa myös instassa: https://www.instagram.com/kanootti_ja_tomaatti/
Blogi: http://www.vettis.net/blog/",UCyj1yL2lKMN42gNr87pIfGw,Kanootti & Tomaatti,3039.0,58.0,9.0,"Hobby,Lifestyle_(sociology),Tourism",62.233877,28.8143972,2019-07-12 05:13:16+00:00,PT22M34S,https://www.youtube.com/watch?v=N-fq-xuSEGU,Kolovesi
r8rYRC8RvW0,Hiihtovaellus Patvinsuon Kansallispuistossa,"Patvinsuon Kansallispuisto on kaunis laaja suoalue lähellä itärajaa Pohjois-Karjalassa. Tämä hiihtovaellus ei mennyt ihan niinkuin piti ja reissulla oli ongelmia jos jonkinlaisia. Retki oli kuitenkin hyvä ja opettavainen välietappi kohti kauden isointa hiihtovaellusta, joka on tarkoitus tehdä huhtikuun alussa Lapin tuntureille. Tervetuloa mukaan reissuun!

Description sisältää mainoslinkkejä - mainoslinkit merkattu * -merkillä! 

* Tutustu Partioaitan teltta-valikoimaan ja -tarvikkeisiin tästä: https://www.partioaitta.fi/varusteet/teltat-ja-telttailutarvikkeet/

* HILLEBERG NAMMATJ 2 GT :  https://bit.ly/33fBK7G

Legendaarinen kahden hengen ympärivuotinen teltta, jossa yhdistyvät keveys, tilavuus ja kestävyys. Teltta kuuluu Hillebergin ""black label"" - mallistoon, joka tarkoittaa sitä, että teltta on tehty kaikkein kestävimmistä materiaaleista ja on mm. monen naparetkeilijän käytössä. Valitse teltta aina kooltaan mieluiten yläkanttiin. 3 hengen teltta on hyvä kahdelle ja sooloretkeilijä pärjää talvella hyvin 2 hengen teltalla. 

Tässä vielä valmistajan speksejä teltasta: 
https://hilleberg.com/eng/tent/black-label-tents/nammatj-2-gt/

*Kanootti & Tomaatti kauppa:
https://reddyshop.co/kanoottitomaatti/

* 10% alennus kanavan katsojille Warrior Coffeen kahveista ja teestä koodilla: KANOOTTI https://bit.ly/3x1wFdd

* Partioaitta: https://bit.ly/371VWbN

*Kokeile Book Beat äänikirjoja veloituksetta kuukauden ajan (tarjous koskee uusia asiakkaita): https://bit.ly/36Y3495

Musiikki: Epidemic Sound https://bit.ly/31XPQXl

Soittolistoja kanavalta:
Kanoottiretket: https://bit.ly/3azpw90
Basecamp: https://bit.ly/3IVbRKs
Retkiruokaa: https://bit.ly/2tH6Bs7
Kotatelttailu: https://bit.ly/3GOnYab
__________________________________________________________
Facebook: https://www.facebook.com/kanoottitomaatti/
Instagram: https://www.instagram.com/kanootti_ja...
Blogi: https://www.vettis.net/blog

Meidän kanootit: 
Nova Craft Supernova 14´10"" https://bit.ly/3d4Hocm
Mad River Journey 156 TT https://bit.ly/2M8tLzj

Kuvauskalusto: Canon EOS R,  EOS R5, DJI Mavic Air 2 ja DJI Osmo Action
#hiihtovaellus #patvinsuo #retkeily #vaellus #parispulka #ahkio",UCyj1yL2lKMN42gNr87pIfGw,Kanootti & Tomaatti,15160.0,568.0,196.0,"Hobby,Lifestyle_(sociology),Tourism",,,2022-02-13 08:45:10+00:00,PT25M39S,https://www.youtube.com/watch?v=r8rYRC8RvW0,Patvinsuo
SOTL_GvaSbM,RONI BACKIN kanssa yön yli kanoottiseikkailu KOLOVEDELLÄ!,"Roni Back vastasi IG storyyni ja oli sitä mieltä, että toteutetaan yhdessä kanoottiseikkailu Koloveden kansallispuistoon! Katso video ja tsekkaa bongasimmeko Saimaannorpan Koloveden vaihtelevissa keleissä! 

Tässä Roni Backin video samasta reissusta:
https://youtu.be/rXN4sLmQsJY

Kanootti & Tomaatti kauppa:
https://reddyshop.co/kanoottitomaatti/

Soittolistoja kanavalta:
Kanoottiretket: https://bit.ly/3azpw90
Kokkausta avotulella: https://bit.ly/2RDDGwR
Retkiruokaa: https://bit.ly/2tH6Bs7
Päiväretket: https://bit.ly/2RFPHlF
Kansallispuistot: https://bit.ly/2G9Ufez
__________________________________________________________
Facebook: https://www.facebook.com/kanoottitomaatti/
Instagram: https://www.instagram.com/kanootti_ja...
Blogi: https://www.vettis.net/blog

Meidän kanootit: 
Nova Craft Supernova 14´10"" https://bit.ly/3d4Hocm
Mad River Journey 156 TT https://bit.ly/2M8tLzj
Avotulisija ja välineet ""Basecampilla"" Mökkimies.comista: https://bit.ly/2TK1T7F

Kuvattu Canon EOS R ja DJI Osmo Action kameroilla.

#roniback #retkeily #kolovesi",UCyj1yL2lKMN42gNr87pIfGw,Kanootti & Tomaatti,5740.0,204.0,34.0,"Hobby,Lifestyle_(sociology),Tourism",,,2020-10-17 10:10:51+00:00,PT14M58S,https://www.youtube.com/watch?v=SOTL_GvaSbM,Kolovesi
fy1_oFLSj20,VAELLUS Kanootilla Hossan Kansallispuistossa ja Perankajoella,"Seikkaillaan kanooteilla läpi erämaisen Perankajoen ja Hossanjoen Hossan kansallispuistossa. Vesi oli matalalla, mutta kuitenkin vielä melottavissa ja haastoimme itseämme toinen toistaan hurjemmissa koskissa! Jätä kommenttia mitä olet mieltä tästä kanavan historian ensimmäisestä seikkailusta retkikaverin kanssa? (Poislukien retket Veetin kanssa)

Description sisältää mainoslinkkejä - mainoslinkit merkattu * -merkillä! 

*Kanootti & Tomaatti kauppa:
https://reddyshop.co/kanoottitomaatti/

* 10% alennus kanavan katsojille Warrior Coffeen kahveista ja teestä koodilla: KANOOTTI Koodi on voimassa kesän 2021. https://bit.ly/3x1wFdd

Ostamalla mitä tahansa allaolevista retkeilykaupoista näiden linkkien kautta, tuet samalla Kanootti & Tomaatti -kanavan toimintaa. Jokainen pennonen käytetään videoiden tuottamiseen.

* Partioaitta: https://bit.ly/371VWbN

* Scandinavian Outdoor: https://bit.ly/3jCdbFJ

* Weekendbee: https://bit.ly/2MFnvkv

*Kokeile Book Beat äänikirjoja veloituksetta kuukauden ajan (tarjous koskee uusia asiakkaita): https://bit.ly/36Y3495

Musiikki: Epidemic Sound https://bit.ly/31XPQXl

Soittolistoja kanavalta:
Kanoottiretket: https://bit.ly/3azpw90
Kokkausta avotulella: https://bit.ly/2RDDGwR
Retkiruokaa: https://bit.ly/2tH6Bs7
Päiväretket: https://bit.ly/2RFPHlF
Kansallispuistot: https://bit.ly/2G9Ufez
__________________________________________________________
Facebook: https://www.facebook.com/kanoottitomaatti/
Instagram: https://www.instagram.com/kanootti_ja...
Blogi: https://www.vettis.net/blog

Meidän kanootit: 
Nova Craft Supernova 14´10"" https://bit.ly/3d4Hocm
Mad River Journey 156 TT https://bit.ly/2M8tLzj

Kuvauskalusto: Canon EOS R,  EOS R5 ja DJI Osmo Action
#melontaretki #erämaa #seikkalu #retkeily #retki #koskimelonta",UCyj1yL2lKMN42gNr87pIfGw,Kanootti & Tomaatti,15373.0,277.0,56.0,"Hobby,Lifestyle_(sociology),Tourism",,,2021-08-15 05:41:52+00:00,PT56M54S,https://www.youtube.com/watch?v=fy1_oFLSj20,Hossa
1K0FYlx-Ndw,Perheen ensimmäinen lomamatka Rukalle,Kävimme koko perheen ensimmäisellä lomamatkalla Rukalla. Vuokrasimme mökin viikonlopuksi ja kävimme Oulangan kansallispuistossa pienellä retkellä.,UCysRtnIdx5BpAKpayHnMUQg,Ihan Eetu vaan,24609.0,774.0,39.0,"Lifestyle_(sociology),Tourism",,,2022-09-30 01:34:30+00:00,PT23M46S,https://www.youtube.com/watch?v=1K0FYlx-Ndw,Oulanka
L7VyF0FPMX0,Hiihtovaellus Koilliskairassa - UKK ja Korvatunturin reitti,"Oon odottanut tätä talvivaellusta jo pitkään. Tällä kertaa pääsemme hiihtämään  kantohangilla Urho Kekkosen kansallispuistossa kevät-talven aikaan. Reissun aikana satuimme myös yllättäen kohtaamaan Retkireppu -kanavasta tutut Peter ja Hanna.

Kiitos kun katsoit mun videon ja toivottavasti tykkäsit :)

Musiikki: Epidemic Sound
Instagram: Viima_ulkona",UCyx8ex0kLVNYGmSnlcONDiQ,Viima ulkona,9877.0,296.0,41.0,"Hobby,Lifestyle_(sociology),Tourism",,,2022-03-13 07:49:30+00:00,PT44M41S,https://www.youtube.com/watch?v=L7VyF0FPMX0,Urho Kekkonen
qnyqrYMu8Iw,Kanoottimelontaa merellä - Tammisaaren Kansallispuisto,"Kävimme heinä-elokuun vaihteessa melontaretkellä Tammisaaren saariston kansallispuistossa. Keli oli suorastaan täydellinen ja Itä-meren saaristomaisemat upeat. Tällä retkellä tuntui että olimme saapuneet keskellä merta olevaan paratiisiin. Niin hienoa oli!
Tässä videossa tulemme myös valmistamaan herkullisia retkiruokia ja Mikaelin kalaonnea lykästää.

Kiitos kun katsoit videon ja toivottavasti tykkäsit :)

Musiikki: Epidemic Sound
https://www.epidemicsound.com/

Instagram: Viima_ulkona
https://www.instagram.com/viima_ulkona/?hl=fi",UCyx8ex0kLVNYGmSnlcONDiQ,Viima ulkona,4143.0,193.0,29.0,"Hobby,Lifestyle_(sociology),Tourism",59.8728056,23.3970549,2022-08-13 06:59:39+00:00,PT31M36S,https://www.youtube.com/watch?v=qnyqrYMu8Iw,Ekenäs Archipelago
7LmbmxYg83U,Pakkasella Patvinsuolla - Talven ensimmäinen hiihtoretki,"On joulukuun alku ja pakkanen paukkuu koko Suomessa. Minä ja Mikael pakkasimme metsäsukset mukaan ja lähdimme kolmeksi yöksi Pohjois-Karjalaan, Patvinsuon kansallispuistoon hiihtämään. Poskia pureva tuuli puhaltaa avosuolla, sukset kastuvat ja illat leirissä ovat pitkiä näin joulukuussa. Matalalle yltävä aurinko kuitenkin paistaa päivällä upeasti ja tunnelma talviretkellä on huipussaan. Ihanaa oli päästä pitkästä aikaa hiihtämään!

Kiitos kun katsoit videon ja toivottavasti tykkäsit :)
Kanavani sai tämän reissun aikana ensimmäiset 1000 -tilaajaa rikki! Kiitos siitä kaikille mun Viima ulkona -kanavani tilanneille. Jos et ole vielä kanavaa tilannut ja tykkäät näistä videoista, niin vielä ehtii hyvin mukaan!

Musiikki: Epidemic Sound",UCyx8ex0kLVNYGmSnlcONDiQ,Viima ulkona,11487.0,358.0,75.0,"Hobby,Lifestyle_(sociology),Tourism",,,2021-12-13 10:00:06+00:00,PT35M20S,https://www.youtube.com/watch?v=7LmbmxYg83U,Patvinsuo
K9WurJDz0z4,Testissä uusi teltta Teijon kansallispuistossa - Hilleberg Anaris,"Keveyden ja samalla mukavuuden haluisena retkeilijänä päätin luopua Fjällräven Abisko Lite 1 -sooloteltastani ja hankkia tilalle kahden hengen Hillebergin Anaris -teltan. Tässä videossa uusi telttani lähtee minun ja Mikaelin mukana kahden yön retkelle Teijon kansallispuistoon, missä saamme testata majoitetta koleassa ja oikein sateisessa kelissä. 

Se mitä yleensä olen aina sään kestävästä vaellusteltasta olettanut on nyt tyystin muuttunut tämän testireissun myötä. Kiva oli kokeilla uutta ja erilaista varustetta!

Kiitos kun katsoit videon ja toivottavasti tykkäsit!",UCyx8ex0kLVNYGmSnlcONDiQ,Viima ulkona,10012.0,240.0,19.0,"Hobby,Lifestyle_(sociology),Tourism",,,2021-11-06 12:48:14+00:00,PT35M58S,https://www.youtube.com/watch?v=K9WurJDz0z4,Teijo
KgV07_9NN5s,Ihmisiä välttelemässä - Retki Nuuksion kansallispuistossa,"On elokuu ja metsäpalovaroitukset ovat vihdoin ja viimein ohi. Oli siis aika kaivaa pitkästä aikaa risukeitin esiin ja suunnata retkelle metsään. Lähdin yksin kolmeksi päiväksi tutkimaan Nuuksion syrjäisempiä seutuja, toiveena löytää paikkoja joissa harvempi retkeilijä hoksaa käydä . Sain siellä todeta Nuuksion tarjoavan runsaasti kauniita ja rauhallisia metsiä ja vesistöjä kansallispuiston kovasta suosiosta huolimatta. Videolla on luvassa rentoa sooloretkeily -tunnelmaa, yllättäviä kohtaamisia eläinten kanssa, sekä korvia järisyttävää ukkosmyräkkää.

Kiitos kun katsoit videon ja toivottavasti tykkäsit! :)

Musiikki: Epidemic Sound
https://www.epidemicsound.com/",UCyx8ex0kLVNYGmSnlcONDiQ,Viima ulkona,8751.0,243.0,22.0,"Hobby,Lifestyle_(sociology),Tourism",,,2021-08-20 12:40:09+00:00,PT34M52S,https://www.youtube.com/watch?v=KgV07_9NN5s,Nuuksio
MLpmgbwyQjA,Koskimelontaseikkailu Haukkajoella - Helvetinjärven kansallispuistosta Näsijärvelle,Tehtiin viikonloppuretki Helvetinjärven kansallispuistosta alkavalla Haukkajoella. Matkalla oli monta jännittävää koskea eikä ihan kuivina selvitty. Perille asti kuitenkin päästiin ja saimme viettää kauniin illan Näsijärvellä. Seuraavana päivänä palasimme kumirenkaiden avustamina takaisin retken lähtöpisteeseen. Reissu oli kaiken kaikkiaan aivan mahtava!,UCyx8ex0kLVNYGmSnlcONDiQ,Viima ulkona,4429.0,213.0,21.0,"Hobby,Lifestyle_(sociology),Tourism",,,2022-05-21 07:02:26+00:00,PT31M7S,https://www.youtube.com/watch?v=MLpmgbwyQjA,Helvetinjärvi
FVPy-EBiLOs,Neljä päivää hiihtämässä - Salamajärven kansallispuisto talvella,"Oli taas aika pakata sukset autoon ja suunnata hiihtoretkelle. Tällä kertaa Minä ja Mikael teimme ystävämme Lahjan ja Onnin kanssa neljän päivän reissun Salamajärven kansallispuistoon. En ole koskaan käynyt tässä kansallispuistossa ennen ja pidin kovasti tästä erämaan oloisesta seudusta.

Musiikki: Epidemic Sound
Viima ulkona Instagran: https://www.instagram.com/viima_ulkona/?hl=fi

Onnin instagram:
https://instagram.com/eraonni.tmi?utm_medium=copy_link

Onnin nettisivu:
https://www.eraonni.com/

Lahjan Instagram:
https://instagram.com/lahjasiikarla?utm_medium=copy_link",UCyx8ex0kLVNYGmSnlcONDiQ,Viima ulkona,5031.0,171.0,16.0,"Hobby,Lifestyle_(sociology),Tourism",,,2022-02-26 09:06:11+00:00,PT33M24S,https://www.youtube.com/watch?v=FVPy-EBiLOs,Salamajärvi
L0_FyVc_-gQ,Vaellus Urho Kekkosen kansallispuistossa kesällä 2023,"Toukokuun lopussa teimme viikon mittaisen vaelluksen UKK -puistossa. Sadan kilometrin taipaleen aikana teimme kierroksen kansallispuiston sydämen tunnetuimmilla kohteilla. Matkamme alkoi Raja-Joosepista josta kuljimme mm. Pirunportille, Paratiisikurulle, Luirojärvelle, sekä Anterin mukan autiotuvalle. Vaelluksellamme sattui olemaan aika kylmät ja sateiset kelit, mutta se ei onneksi tunnelmaamme latistanut. Minun ja Mikaelin lisäksi vaelluksella oli tällä kertaa mukana myös pikkusiskoni Leila, joka ei ole vaeltanut koskaan aiemmin. Mielenkiintoista oli nähdä millaista vaeltaminen on ensikertalaisen kokemana.

Kiitos kun katsoit videoni ja toivottavasti tykkäsit!

Musiikki: Epidemic Sound
https://www.epidemicsound.com/",UCyx8ex0kLVNYGmSnlcONDiQ,Viima ulkona,22310.0,555.0,87.0,"Hobby,Lifestyle_(sociology),Tourism",,,2023-06-30 13:00:14+00:00,PT1H12M15S,https://www.youtube.com/watch?v=L0_FyVc_-gQ,Urho Kekkonen
cvOhWh0QNlw,Syysretki Helvetinjärven kansallispuistossa,"Tässä videossa syksy on juuri alkanut ja suuntaamme Helvetinjärven kansallispuistoon patikoimaan. Heti ensi alkuun joudumme hirvikärpästen kiusaamiksi mutta alkujärkytyksen jälkeen kaikki kääntyy onneksi iloksi. Saamme retken aikana ihmetellä kaunista luontoa ja kävelemme koko kansallispuiston ympäri. Tämä oli ensimmäinen kerta kun pääsen kunnolla tutustumaan alueeseen ja tänne on ehdottomasti palattava vielä uudelleen. Helvetinjärven kansallispuiston maisemat ja alkusyksyn tunnelma tekivät meihin ison vaikutuksen. Ihmeellistä että Tampereen läheltä löytyy tällainen luontokohde!

Kiitos kun katsoit videon ja toivottavasti tykkäsit :)

Instagram: viima_ulkona
https://www.instagram.com/viima_ulkona/

Musiikki: Epidemic Sound
https://www.epidemicsound.com/music/featured/",UCyx8ex0kLVNYGmSnlcONDiQ,Viima ulkona,5804.0,140.0,7.0,"Hobby,Lifestyle_(sociology),Tourism",62.0234115,23.8463498,2020-09-26 07:47:28+00:00,PT27M55S,https://www.youtube.com/watch?v=cvOhWh0QNlw,Helvetinjärvi
PAGi9Ewx4ZU,Helle koettelee - Sooloretki Repovedellä,"Tässä videossa lähden yksin retkelle Repoveden kansallispuistoon.  Alunperin tarkoituksena oli saada nähdä kansallispuiston hienoimpia paikkoja ja viettää pari yötä keskikesän luonnossa rentoutuen. Kuitenkin jo heti retken alussa saan todeta, että kaikki ei mene ihan suunnitelman mukaan. 

Kiitos kun katsoit videon ja toivottavasti tykkäsit!

Musiikki: Epidemic Sound",UCyx8ex0kLVNYGmSnlcONDiQ,Viima ulkona,5869.0,229.0,25.0,"Hobby,Lifestyle_(sociology),Tourism",,,2022-07-15 12:03:19+00:00,PT30M45S,https://www.youtube.com/watch?v=PAGi9Ewx4ZU,Repovesi
rbOHzrQnpXU,Yksinkertaista elämää viettämässä - Sooloretki Marraskuussa,"Marraskuun harmaus on täällä.  Lähdin viettämään kaksi yötä yksin lähes kokonaan autioituneessa Nuuksion kansallispuistossa. Päivänvalo hupenee nyt kovaa vauhtia ja illat leirissä pitenevät. Keli vaihtuu pakkasesta vesisateeseen ja sakeaan usvaan tehden tunnelmasta levollisen. Retkeiliän elämä metsässä on hidasta ja yksinkertaista lukuun ottamatta yhtä läheltä piti -tilannetta jossa oli hiukan tuuria matkassa. 

Kiitos kun katsoit mun videon ja toivottavasti tykkäsit!

Musiikki: Epidemic Sound",UCyx8ex0kLVNYGmSnlcONDiQ,Viima ulkona,5781.0,241.0,28.0,"Hobby,Lifestyle_(sociology),Tourism",,,2021-11-27 08:16:29+00:00,PT32M17S,https://www.youtube.com/watch?v=rbOHzrQnpXU,Nuuksio
6jH4nGEbd2I,Kun kesä saapui Lappiin - Vaellus Lemmenjoen kansallispuistossa 2021,"Kesä oli juuri alkamassa Lapissa ja vaelluskuume iski. Oli siis oikea hetki pakata vaellusvarusteet ja lähteä ensimmäistä kertaa tutkimaan Lemmenjoen kansallispuistoa. Viikon mittaisella vaelluksella pääsemme käymään mm. Ravadasjärvellä, Vaskojoella ja Ravadaskönkäällä. Luvassa on patikointia polkujen ulkopuolella, sekä erämaatunnelmaa upeissa maisemissa.

Kiitos kun katsoit videon ja toivottavasti tykkäsit!",UCyx8ex0kLVNYGmSnlcONDiQ,Viima ulkona,21445.0,363.0,40.0,"Hobby,Lifestyle_(sociology),Tourism",,,2021-06-19 07:07:05+00:00,PT56M21S,https://www.youtube.com/watch?v=6jH4nGEbd2I,Lemmenjoki
My22WGXpjec,Pilkkionnea ja trangiakokkailua - Kevättalvinen retki Kanta -Hämeessä,"Tässä videossa minä ja Mikael suuntaamme Liesjärven kansallispuistoon rennolle yön yli -retkelle pilkkivälineet mukana. Kalaretki ei kuitenkaan menekkään niin kuin oli suunniteltu.
Luvassa on kilometrien patikointia otsalampun valossa, pilkkihommia ja trangiapizzan ensikokeilu.

Linkki trangiapizzan ohjeeseen:
https://retkipaikka.fi/satokauden-huippuherkku-sienipizzaa-retkikeittimella/

Kiitos kun katsoit videon ja toivottavasti tykkäsit!

Instagram: viima_ulkona
https://www.instagram.com/viima_ulkona/

Musiikki: Epidemic Sound
https://www.epidemicsound.com/music/featured/",UCyx8ex0kLVNYGmSnlcONDiQ,Viima ulkona,1898.0,83.0,5.0,"Hobby,Lifestyle_(sociology),Tourism",,,2021-03-20 07:50:44+00:00,PT28M5S,https://www.youtube.com/watch?v=My22WGXpjec,Liesjärvi
WXq4RMmzMvQ,Sisarukset Repovedellä - Retkeilyä aloittelijalle,"Minä ja pikkusiskoni Leila lähdimme toukokuun alussa retkelle Repoveden kansallispuistoon. Leilalla ei juuri ole aiempaa kokemusta retkeilystä, mutta intoa oppia uutta riittää senkin edestä. Tämä retki oli meille harjoittelua pian alkavaa kesävaellusta varten. Kivaa oli!

Kiitos kun katsoit videon ja toivottavasti tykkäsit :)

Musiikki: Epidemic Sound",UCyx8ex0kLVNYGmSnlcONDiQ,Viima ulkona,10430.0,342.0,46.0,"Hobby,Lifestyle_(sociology),Tourism",,,2023-05-26 12:00:22+00:00,PT36M29S,https://www.youtube.com/watch?v=WXq4RMmzMvQ,Repovesi
A7uhLW7fKLE,Jäätä ja hiekkarantoja - melontaretki Päijänteen kansallispuistossa,"Kevät on täällä ja pitkästä aikaa pääsee vesille. Pakkasimme siis kanootin kyytiin ja suuntasimme Päijänteen kansallispuistoon yön yli retkelle Kelventeen saarelle. Tällä kertaa retkellä mukana olivat minun ja Mikaelin lisäksi myös kaverimme Jonna ja Lauri.

Kevätjäät eivät olleet vielä ehtineet kokonaan sulamaan, minkä takia jouduimme jo heti retken alkaessa huhkia päästäksemme saarelle. Lopulta perille päästyämme saimme ihastella pitkiä hiekkarantoja ja komeita harjumaisemia.  Me olimme kaikki ihmeissämme, miten ainutlaatuinen saari Kelvenne onkaan. Tämä saattaa nyt mennä jopa Etelä -Suomen parhaimpiin retkikohteisiin!

Kiitos kun katsoit videon ja toivottavasti tykkäsit :) 

Musiikki: Epidemic Sound
https://www.epidemicsound.com/",UCyx8ex0kLVNYGmSnlcONDiQ,Viima ulkona,2480.0,78.0,9.0,"Hobby,Lifestyle_(sociology),Tourism",,,2021-05-02 06:37:45+00:00,PT27M37S,https://www.youtube.com/watch?v=A7uhLW7fKLE,Päijänne
